,logHAR,HAR,GARCH-t,EWMA,RW,proxy
2025-03-01,18.582511506584453,22.362051705917537,7.8733407625445295,5.101874936591069,31.25914053119179,4.567519569098354
2025-03-02,8.827441853200657,7.666358549151776,7.567831902780946,5.023228134074151,4.567519569098354,19.842831271820696
2025-03-03,20.438355498261934,15.728778503744671,15.602908390576161,9.71394273154067,19.842831271820696,23.769650056706304
2025-03-04,23.016365429102144,18.639595391885933,23.20385588060076,14.080367686112101,23.769650056706304,33.154672747113025
2025-03-05,27.673617328914176,24.90077311626614,21.057897532840567,13.342450390651928,33.154672747113025,18.047126508821794
2025-03-06,21.56455347087023,17.33518969468499,20.44973646857632,13.41999092110572,18.047126508821794,15.771674670551647
2025-03-07,20.74788474537595,16.406718393947624,18.522627208636816,12.647028073059161,15.771674670551647,40.34202253940155
2025-03-08,31.37964962461041,29.08241099361129,18.24705842399257,12.68485807626534,40.34202253940155,3.513479292120757
2025-03-09,10.488678833352886,13.11060869635419,16.546452239002736,11.951532680660652,3.513479292120757,8.007158365295382
2025-03-10,13.586458412694146,12.766069505474883,19.89946820623212,13.89831151049621,8.007158365295382,27.718241614784734
2025-03-11,21.225314581310077,19.814531369030533,18.749757991511927,13.470180095964546,27.718241614784734,19.27141621944883
2025-03-12,16.677417303181343,15.40516929028137,19.864376529374315,14.390435975100859,19.27141621944883,10.290515869311134
2025-03-15,8.511361384680118,6.804013360137745,17.009396895316467,13.337447998011104,6.794042815027103,1.1003647961621463
2025-03-16,3.711546169615721,4.420318034051552,15.381870522431305,12.549051843573295,1.1003647961621463,7.205946170993494
2025-03-17,7.816766288137218,6.322997795117283,14.456406675563356,12.063977798405649,7.205946170993494,4.112880782834421
2025-03-18,4.875122495999054,2.4067202804821703,13.389126543032427,11.53353972769959,4.112880782834421,5.214474477483892
2025-03-19,4.48683343282391,1.2497303667260284,12.46917712769189,11.00043599983455,5.214474477483892,6.363556878144471
2025-03-20,4.625536972766416,1.54880052074207,13.733903775775122,11.768562102580297,6.363556878144471,6.184260738613911
2025-03-21,4.7864767222145685,1.9774120879936274,13.593062181002397,11.655001873439675,6.184260738613911,3.0292501684318767
2025-03-24,2.452447755077273,0.09015646058143828,10.825413117494955,10.095732297065021,1.2844472103258404,3.971485444128797
2025-03-25,3.724540176963936,1.1481543154134508,10.093073933071148,9.65626264867717,3.971485444128797,3.842468568563883
2025-03-26,3.4789282395319727,1.1173834192051728,9.18688652261164,9.07694492846478,3.842468568563883,3.6173667614327676
2025-03-27,3.3657614630219097,1.0234654969476162,8.443488604124559,8.558047138108577,3.6173667614327676,2.9243712661908643
2025-03-28,3.094211544002789,0.9774878514817725,7.71782698611031,8.050606907605438,2.9243712661908643,3.6409896092898695
2025-03-29,3.6380948205013546,1.7137411698626563,8.3423085046495,8.218183303405494,3.6409896092898695,3.0456885039697177
2025-03-30,3.530454121472725,1.7462865907628666,8.166500604158834,7.990492502502325,3.0456885039697177,2.9599668904974705
2025-03-31,3.9240062396990103,2.445002643516121,7.489084413482405,7.517168387420719,2.9599668904974705,7.250550338449575
2025-04-01,5.772177937396876,4.107945957526292,6.86530760334042,7.07019579512355,7.250550338449575,4.891379334426109
2025-04-02,5.237786800315767,3.767898337866794,7.283747208123806,7.231866471013584,4.891379334426109,11.422566454341197
2025-04-03,8.04370390427926,6.756563345995577,7.888206902267468,7.412909971723222,11.422566454341197,6.826633755784964
2025-04-04,7.2467469419321215,6.106379134290578,7.260378402099763,7.001469857524437,6.826633755784964,11.133914778647942
2025-04-05,9.531968245849859,8.177054315265096,6.722145143756101,6.628660927129873,11.133914778647942,1.485199594427681
2025-04-06,4.487262661959114,5.319186999041196,6.21113977189785,6.240789988949723,1.485199594427681,7.659752142465847
2025-04-07,9.037706983088437,8.105400352725873,10.573193989302533,8.436509912807988,7.659752142465847,44.64433654611241
2025-04-08,18.790925089687775,21.718894933232548,9.76011747199095,8.031213226360062,44.64433654611241,10.447260354604193
2025-04-09,11.625606114453149,11.886008703939158,10.57809706774433,8.421087484278003,10.447260354604193,27.667149901745088
2025-04-12,11.964131715495721,13.988400575621458,16.850871385583034,12.37088272280867,8.092191089516932,3.6265552527074743
2025-04-13,9.55526176840996,12.731616575086148,15.687196558095525,11.927459625509012,3.6265552527074743,5.519627810075445
2025-04-14,10.77406709650712,12.619758087231824,14.616209467972807,11.427589031342459,5.519627810075445,7.00602553356654
2025-04-15,9.748925023142043,9.26084393991934,13.325747522217108,10.804279147969307,7.00602553356654,4.286600819511042
2025-04-16,7.639392724467762,7.974132586081321,12.208644096447948,10.220727216142398,4.286600819511042,6.017792372040698
2025-04-17,7.605011950635399,6.468556665659963,11.074850338966806,9.61884473864634,6.017792372040698,2.486694731437494
2025-04-18,5.288092918439095,5.273167952475427,10.14189213946103,9.10418913995182,2.486694731437494,0.6365072423964862
2025-04-19,2.7838583911689403,4.247112739145051,9.271006183815716,8.574505860987394,0.6365072423964862,0.970597245226959
2025-04-20,3.0355323496064224,4.18563482593748,8.48713454909655,8.091380288475193,0.970597245226959,1.0914137941269642
2025-04-21,2.867937400094419,3.875853728648423,7.750491909869204,7.606915765641722,1.0914137941269642,5.624968818369534
2025-04-22,5.437284774551054,5.072773275412478,7.826806878922782,7.592939297374198,5.624968818369534,7.085083379433007
2025-04-23,6.024488866016975,5.6221859076985785,11.673672023086517,9.71033046117621,7.085083379433007,5.308362839876127
2025-04-24,5.329076528244036,5.048209529666797,10.59051661389954,9.13224464644646,5.308362839876127,3.1435541417109465
2025-04-25,4.395831384664736,4.488683887575716,9.625509009335488,8.588390766873296,3.1435541417109465,4.014530900327123
2025-04-26,5.413149974915051,4.97955051219607,8.817012403892829,8.113764280758108,4.014530900327123,1.1229513929604698
2025-04-27,3.3571738416595776,4.182674320399648,8.04893896465644,7.627300667856861,1.1229513929604698,1.4983592119290812
2025-04-28,3.8612006979633238,4.326651972176302,7.48703803277877,7.223471847764199,1.4983592119290812,3.169611159307773
2025-04-29,4.996466730726083,4.5899940830445995,7.009193288543059,6.890993690558398,3.169611159307773,2.8567610914480666
2025-04-30,4.514372888586185,4.158270299637681,6.515770505414781,6.509800517910492,2.8567610914480666,3.222907485758093
2025-05-01,4.651312677295056,4.154762531555845,5.999827053738188,6.1196180027490765,3.222907485758093,2.5584482027658093
2025-05-02,4.223288005227989,3.9442101479330485,6.098326378418156,6.097057351962929,2.5584482027658093,2.217964529830505
2025-05-03,3.943890676339973,3.8412320975718197,5.633235562794158,5.742430331107941,2.217964529830505,0.6361372926313299
2025-05-04,2.3722114100048017,3.425256812276996,5.3628462302818525,5.464830291969335,0.6361372926313299,1.3817667293519875
2025-05-05,3.306129925567621,3.762773465064829,5.317460609915294,5.301676864008443,1.3817667293519875,2.7402220100789116
2025-05-06,4.253747850320506,4.078643007113981,4.937030689300551,4.996111023480842,2.7402220100789116,3.1916150504508023
2025-05-07,4.624377095076709,4.2962161677358415,5.033208184757241,4.972439576698714,3.1916150504508023,3.785847009024472
2025-05-10,6.260993026640649,6.103011147969093,7.683603355991065,6.307007356474593,4.597206036971253,2.17277222054516
2025-05-11,5.011746496014941,5.5001319728683455,7.29136279931262,6.094283721037177,2.17277222054516,3.3949825952623445
2025-05-12,6.481750368258514,6.060220700894387,6.738291560492411,5.747787066361714,3.3949825952623445,6.535880446673428
2025-05-13,8.978975167798808,7.263823385292415,6.401536695597106,5.496694990173322,6.535880446673428,3.4948630182353435
2025-05-14,6.9703557176545266,6.390069834632291,6.045539763913292,5.270032822104747,3.4948630182353435,2.181363748171832
2025-05-17,5.231508077480437,5.678970515132288,4.848508531963898,4.402593996319226,2.115218425458329,1.1558405249041752
2025-05-18,3.767686961121407,5.225026686028328,4.529179129662035,4.143434636775333,1.1558405249041752,3.972359499740029
2025-05-19,6.140617966320401,5.997904811074432,5.194761000578398,4.473492963507555,3.972359499740029,5.561781259083999
2025-05-20,6.791301644982335,6.2818688875676365,4.911494063109262,4.242728799457271,5.561781259083999,4.873640056764947
2025-05-21,6.456931766573377,6.134026897438112,4.672330307463523,4.062860116451203,4.873640056764947,8.34336511672555
2025-05-24,9.107250647345595,7.739134737893148,6.521035555331545,4.898096693670121,6.837627022228447,2.300320091077356
2025-05-25,6.109737733032108,6.4772219018616175,6.011808193341915,4.617356353529602,2.300320091077356,3.2046727874376675
2025-05-26,6.786669930643556,6.607310019676625,5.659159130421126,4.419345860040361,3.2046727874376675,2.545198443986589
2025-05-27,5.672436333074315,6.04473827407366,5.238149965876084,4.1624317236782415,2.545198443986589,4.832239329436207
2025-05-28,7.213702867031647,6.628409027944405,4.888690599222159,3.922679013642144,4.832239329436207,2.268305849350293
2025-05-29,4.805208350392566,5.2775356203788375,4.7115187632141655,3.7599117361279926,2.268305849350293,3.960929499758664
2025-05-30,6.03180793951142,5.749490107727103,4.905352700524429,3.7802444021029906,3.960929499758664,4.984307631608094
2025-05-31,6.444693245225178,5.862565448536702,4.877421081655796,3.7008829032248345,4.984307631608094,1.5171633074612667
2025-06-01,3.8935033339871117,4.757406841088997,4.564749556249925,3.501379569786716,1.5171633074612667,1.2646226890532146
2025-06-04,3.819186070910805,4.4787170436804615,3.842224791175389,2.9709904741399957,2.0986573360631304,1.4063362098993855
2025-06-05,3.1278350950576357,4.169931647258993,3.6856598870064947,2.8193932381587627,1.4063362098993855,5.2212769692715
2025-06-06,5.412539355829922,5.372815504090837,4.579884758652561,3.2119622637591028,5.2212769692715,2.13094577347534
2025-06-07,3.5542491611104783,4.1962774534864105,5.006616048831633,3.4674147132129733,2.13094577347534,0.9507942562389936
2025-06-08,2.483841379290084,3.786185539522832,4.77082294722525,3.3410709571705053,0.9507942562389936,0.7599437370251673
2025-06-11,3.9168861712374463,4.450909895171641,5.468207373570254,3.7554607218917244,3.1485087086879404,2.8382164415468196
2025-06-12,3.9905099420464234,4.51005699981443,5.332343877839137,3.6536417107919283,2.8382164415468196,3.1220565765838635
2025-06-13,3.9877519912138037,4.378431397339993,5.735779667904442,3.8306932721586584,3.1220565765838635,6.931837356824255
2025-06-14,6.0564359796779295,5.9072834234382885,5.305210926153378,3.602251368066341,6.931837356824255,1.0939227611866473
2025-06-15,2.915106084762293,4.206274221273502,4.976848740417821,3.406632311806859,1.0939227611866473,1.229231707207331
2025-06-18,4.700258436873526,4.9044268273086455,4.6737346019651955,3.1662325493498478,3.4641122918647897,3.8922418221270894
2025-06-19,5.060969052210858,5.1279119212381055,4.36012293730037,2.9806142497229633,3.8922418221270894,1.8493233050859523
2025-06-20,3.6104286966975883,4.409020007761514,4.089656322287636,2.803942346107288,1.8493233050859523,3.457454173036799
2025-06-21,4.408874497884368,4.57622903262212,4.066106932861096,2.7405458307607056,3.457454173036799,2.743675189110917
2025-06-22,4.305882916438169,4.5008120116578665,3.9608686264224926,2.6389919618059348,2.743675189110917,8.381183352165888
2025-06-25,5.131886526374625,5.194260407371803,5.298714364421074,3.4010607315569463,2.8805693800903933,2.6838494467697296
2025-06-26,4.804680881956047,4.987263779630471,5.049241023000965,3.288213301904576,2.6838494467697296,1.936440018805808
2025-06-27,4.216148089307469,4.76407995349494,4.722281918406328,3.099333063006925,1.936440018805808,1.7268726839104178
2025-06-28,3.7692490426484726,4.501669120155017,4.403330957094541,2.914237051175252,1.7268726839104178,0.23515092238129548
2025-06-29,1.352137522285247,3.8053632949942964,4.11977110219777,2.7423715389355494,0.23515092238129548,0.8081012507602019
2025-07-02,2.714570367167309,3.563343589204763,3.8956425846496905,2.5141096252654775,2.1614369529999107,2.231385430728244
2025-07-03,2.7213876291960166,3.5243224904103934,4.523347348272492,2.8842751778044233,2.231385430728244,2.3800058699128197
2025-07-04,2.8505647423446328,3.588605627460075,4.26388112915595,2.7424835725959227,2.3800058699128197,1.1622925163945468
2025-07-05,2.027593566445339,3.147597811667314,4.274544355255032,2.7098191316441795,1.1622925163945468,0.3827920255788283
2025-07-06,1.2887916816290206,2.92868474511814,4.004226818322124,2.549218259409753,0.3827920255788283,0.983720248539433
2025-07-09,1.9803112069421251,3.0515966509105117,3.5265528221396636,2.2252073921056787,1.1897079785080422,2.328894144183268
2025-07-10,2.649781439498357,3.382327544498883,3.7811527323578216,2.371014269234953,2.328894144183268,5.110725357719534
2025-07-11,4.004742116353502,4.458773404435534,5.267488593614623,3.2379492101760405,5.110725357719534,3.655055121172443
2025-07-12,3.820314141576489,4.249755192299116,5.040467943010234,3.1466863109537053,3.655055121172443,0.7095318620437872
2025-07-13,1.986854566987734,3.3926499281696407,4.691394598101973,2.9581757836363227,0.7095318620437872,1.3116060261397273
2025-07-16,5.369953778461773,5.340579071082951,4.387909083337781,2.767927636387338,5.902682533026863,3.6944444046737326
2025-07-17,4.576098874668564,4.795649279112781,4.155622046969012,2.641500717125977,3.6944444046737326,4.488551114048676
2025-07-18,4.93630946317101,4.95714659340039,3.8729818528667628,2.495886893621382,4.488551114048676,3.5790291532984986
2025-07-19,4.489669220745528,4.670153634656895,3.8022052758291656,2.416692075515269,3.5790291532984986,0.7852316831698432
2025-07-20,2.373330925030075,3.8231855897404863,3.584801781243353,2.271862999358051,0.7852316831698432,1.7129060828719673
2025-07-23,4.756971617909861,4.791459947842283,3.5261870468582375,2.1815408551212125,4.43324249973507,2.14679108627054
2025-07-24,3.360632554601719,3.9467088976263427,3.480848500047494,2.1154365151589243,2.14679108627054,2.2231815565744646
2025-07-25,3.2227703760474324,3.7374904810795457,3.316455989367657,1.994901538161753,2.2231815565744646,4.210078992072986
2025-07-26,4.27697147042609,4.372245755275803,3.207574398867692,1.8983037689774205,4.210078992072986,0.5396487086908569
2025-07-27,1.7688244635364656,3.240540951532656,3.0517249294955473,1.7886011776357236,0.5396487086908569,1.1028563354169447
2025-07-28,2.252211820663294,3.320619610043529,3.0472840699096566,1.7772494151555502,1.1028563354169447,2.3851720972724038
2025-07-29,3.1318195888875744,3.666061155392996,3.1205824274977636,1.7695472982685925,2.3851720972724038,2.6501446595235207
2025-07-30,3.170147726122899,3.5788642874091714,2.974077436094062,1.6633746936329248,2.6501446595235207,2.110649066482522
2025-07-31,2.886271199597634,3.402450892918581,2.8459484373452084,1.5639294540907396,2.110649066482522,1.8203086228420997
2025-08-01,2.6769138319574863,3.2679381297662844,3.1146441504138878,1.6591195144411894,1.8203086228420997,6.461217368654412
2025-08-02,4.6402622523907056,4.817172048531749,3.5119062242886283,1.8314575649189293,6.461217368654412,1.799098612892411
2025-08-03,2.998499329311234,3.5321802569261376,3.396062861842649,1.751172051000217,1.799098612892411,1.3764139645094207
2025-08-08,2.9452805965725384,3.518353161090567,3.369075777034827,1.7563468505952389,1.7610656378996368,1.3561063432101128
2025-08-09,2.2958265848051607,2.8088268544455914,3.2663029243430914,1.679548644999969,1.3561063432101128,0.854640592143829
2025-08-10,1.767166941973413,2.553638159943008,3.1115531004399926,1.58034171208604,0.854640592143829,1.7102174559682355
2025-08-13,2.813210279717626,3.111115241833788,3.261081779794502,1.7135533732332449,2.513956832573577,3.8780582135205655
2025-08-14,3.6084273766398978,3.7198650201411745,3.7438743191883384,2.017779351092168,3.8780582135205655,6.32510307537657
2025-08-15,4.8802371864972525,4.885111117967197,5.443153561559359,2.9176699265350625,6.32510307537657,2.1493126221149215
2025-08-16,3.2657263257641813,3.72378487815517,5.139077524498532,2.7825067467026705,2.1493126221149215,0.5084031198975099
2025-08-17,1.7402115480045557,3.197142314236403,4.773075193633892,2.615932571576259,0.5084031198975099,0.6106119621350088
2025-08-20,3.0990522221297763,3.7182816096953832,5.048718866823461,2.767701653850964,2.692734519702684,3.397241111395221
2025-08-21,3.3965427759571116,3.871362785667584,4.830511574327509,2.6986098242108625,3.397241111395221,2.4515425588623136
2025-08-22,2.7767148035642237,3.2264980744883744,4.8273829277422395,2.6975255203064217,2.4515425588623136,6.3311011349180735
2025-08-23,4.501508487615316,4.763800605456946,5.991201879525053,3.441919023175402,6.3311011349180735,1.0022685898605659
2025-08-24,2.2122290508471343,3.2288334427579817,5.748312409963539,3.335486615994576,1.0022685898605659,7.795640458894539
2025-08-25,6.106787666748721,5.89357871599546,5.662006763642812,3.3036017074412656,7.795640458894539,5.15511982983809
2025-08-26,5.387221389773647,5.205163519312886,6.266187946866376,3.639152074000963,5.15511982983809,3.6882464087768954
2025-08-27,4.822999760162315,4.840008469750558,5.983548126622236,3.558064557501871,3.6882464087768954,2.9728571028723203
2025-08-28,4.385315068697507,4.581577518113685,5.572421246433299,3.360845665641811,2.9728571028723203,2.3286562984272496
2025-08-29,3.953584017300292,4.3673282307174235,5.277970907412455,3.2430597071876366,2.3286562984272496,3.613515136110693
2025-08-30,4.5420314679669955,4.5080502653119074,6.485071018662727,3.8887788447056377,3.613515136110693,0.8576620682903254
2025-08-31,2.539598757477763,3.674950530012849,5.982113284802826,3.6634782929753626,0.8576620682903254,0.9032654592362893
2025-09-03,3.755915645145489,3.7693421043951445,5.1379889642929175,3.2943424879289798,3.856320758922921,2.377736705307999
2025-09-04,3.0493902688115115,3.275349999812131,4.833093061111955,3.109873073714676,2.377736705307999,2.313780815655802
2025-09-05,3.0143745616633315,3.2466278692644095,4.614415697958072,2.9717457448093714,2.313780815655802,3.227546808638532
2025-09-06,3.4232107850353617,3.473984031517425,4.310554917320576,2.7936992083970686,3.227546808638532,0.4084426724871392
2025-09-10,2.4955647575407967,2.88462459511731,3.5232314856045117,2.27809343096912,1.7604438096877013,1.9125000902303044
2025-09-11,2.5264698395541543,2.8714193486565627,3.770653664097417,2.4189704410379904,1.9125000902303044,1.872218202981849
2025-09-12,2.455656226797202,2.8038803712721765,3.7140402367118917,2.3836525876691668,1.872218202981849,1.54383780191279
2025-09-13,2.1254758470630746,2.5158898237918095,3.518545641162927,2.2564218332960717,1.54383780191279,0.4266602745512966
2025-09-14,1.2598595773654446,2.1915098317842934,3.335073180723363,2.1220537798321994,0.4266602745512966,0.6880237985618517
2025-09-15,1.4277169053922922,2.1806522419644745,3.202187484817055,2.007943626257863,0.6880237985618517,1.865460543171401
2025-09-20,1.371562284614532,2.1019795211990164,2.8957408787810794,1.6627533192420638,0.7391083448327038,0.1978121586199769
2025-09-21,0.7309455782566027,1.9070607308412906,2.7728871068940446,1.5630372084920174,0.1978121586199769,0.3313100479799561
2025-09-22,0.8127926280505074,1.9050171109132834,2.687506205426952,1.4770313872087653,0.3313100479799561,4.5955754349027105
2025-09-23,2.6273298243445034,3.4670494218045125,3.186931730407941,1.6902881179460851,4.5955754349027105,1.678266297725466
2025-09-24,1.8489208550279979,2.6235460443863627,3.0969744988348595,1.6144663431191286,1.678266297725466,1.7493491604433606
2025-09-27,2.332443680284331,3.0074032865536395,4.333353935665598,2.2707878905049124,2.5750817994074877,0.2760395328925136
2025-09-28,0.9788869391925104,2.326247506580865,4.058181464116984,2.1345881908233255,0.2760395328925136,1.104175336772739
2025-09-29,1.816726453937706,2.6308630082734816,4.270294534261174,2.297137846832394,1.104175336772739,1.6821387163324257
2025-09-30,1.985645095974821,2.5129745550728986,4.337552280926837,2.4019856061921625,1.6821387163324257,1.9177865137302137
2025-10-01,2.1255121370598817,2.5953858884237904,4.074738947506772,2.2633175934970264,1.9177865137302137,2.0311116190254923
2025-10-04,3.0083816363346747,3.4352609901871767,5.020157763063982,2.97104093210193,4.213449089814071,0.6706609994200415
2025-10-07,2.938294164976864,3.2748210099125035,4.199878910162062,2.572529951787317,2.8478825939993797,3.3827223946800316
2025-10-08,3.3498462930787425,3.5925441279832078,4.775900231068677,2.8497009506481357,3.3827223946800316,3.3451612364144783
2025-10-09,3.5323540458667844,3.724603802292446,4.664756439142839,2.8238249444245858,3.3451612364144783,3.3603472947546567
2025-10-10,3.653641039778975,3.7666748168612885,4.579367493188183,2.763105806264007,3.3603472947546567,29.963935324649732
2025-10-11,10.354021635012645,14.059588891492448,10.063254790450861,5.735585305036302,29.963935324649732,7.377553755748724
2025-10-12,7.478865727641637,8.074029426868469,9.722186369222085,5.668417988386715,7.377553755748724,7.5435456337939994
2025-11-19,10.981381056743578,9.132855358140695,7.552550329863367,5.337475625100745,10.737788646932888,9.162090235181243
2025-11-20,10.953534782093671,9.113402670769675,7.249390801208467,5.1724128110823075,9.162090235181243,9.968111767714412
2025-11-21,11.306887528289188,9.302574074368742,9.995065762322962,6.631106209313728,9.968111767714412,29.082265050712145
2025-11-22,17.80873616433456,15.523193382373304,9.501435705991696,6.426571901672355,29.082265050712145,4.3553986716508675
2025-11-23,8.793148602359711,8.974889396509244,8.707039879878252,6.0572757558808155,4.3553986716508675,5.041319674623482
2025-11-26,8.65759917018824,8.5729284547797,7.556253429134819,5.591853483132569,5.416981438265813,5.9471507060983155
2025-11-27,8.62900527429483,8.361812436119264,8.212507702399906,6.0220042464802095,5.9471507060983155,2.9380387731697164
2025-12-06,6.5479289121624715,5.516138755339659,9.785074047216993,7.0600680898440515,5.306439276487109,1.4085132421760238
2025-12-07,3.5983898595878476,4.131165106168452,8.920936323182326,6.6374650141839595,1.4085132421760238,4.734415407212609
2025-12-08,6.158167233300048,5.285715916410037,8.283952716759035,6.334693572800133,4.734415407212609,6.145959047189138
2025-12-09,6.913762107668654,5.700535512793424,7.577774015509674,5.9586405363956025,6.145959047189138,5.917388910805021
2025-12-10,6.742961356971928,5.542546092146646,7.431305707376588,5.901672776168191,5.917388910805021,8.112008505979341
2025-12-11,7.593049872759121,6.093091384941001,6.894361935032215,5.579221654172996,8.112008505979341,6.843832598025228
2025-12-12,7.264328057354625,5.893639589380928,6.355072848318181,5.261417699272913,6.843832598025228,5.2109052349659475
2025-12-13,6.561530612188057,5.467905464763639,6.577309300877109,5.3065127033368,5.2109052349659475,0.5846668556112399
2025-12-14,2.7449277622527672,4.239168207925073,6.055417460204568,4.988180879926421,0.5846668556112399,1.715773990680389
2025-12-15,3.764036139499788,4.303787554182193,6.270260105586781,5.028687514657037,1.715773990680389,7.2012595668850965
2025-12-16,6.46005847381164,5.780184085602731,6.275936108733725,4.969587334340561,7.2012595668850965,5.529423648377977
2025-12-17,5.843069013177572,5.331881380704275,6.033369726312729,4.831721963850585,5.529423648377977,12.11184407790965
2025-12-18,8.062590776971518,7.349833467462132,6.038953345770322,4.771018945176462,12.11184407790965,9.75292750273109
2025-12-19,7.67417461095929,7.0189707626234785,5.666194978567574,4.522581381636846,9.75292750273109,9.250565333223001
2025-12-20,7.86196182639389,7.240638738411334,6.167230398065059,4.806932651537327,9.250565333223001,0.5004982317075203
2025-12-21,2.682645219079062,5.018781775747581,5.6913005430725105,4.522979772022479,0.5004982317075203,1.6318315262837606
2025-12-22,4.07077147814531,5.360714572600255,5.268554498125188,4.257513084024105,1.6318315262837606,4.9404365591376
2025-12-23,5.928503459543378,6.014135565825586,4.8959365120557425,4.003390044388607,4.9404365591376,3.9302217296079958
2025-12-24,5.3212940658202,5.617619046171777,4.752980248518584,3.8529931318999777,3.9302217296079958,3.5526407976064784
2025-12-25,4.696008324104975,4.804684935692196,4.409515979968763,3.624883736966324,3.5526407976064784,1.5112712582558856
2025-12-26,3.011420103559888,3.5930199323323766,4.153448516567909,3.4185615117369057,1.5112712582558856,4.021311860146529
2025-12-27,4.042525430048414,3.8111966219401103,3.8922226068488,3.2137981929299997,4.021311860146529,0.3033998721874589
2025-12-28,1.5520098775714997,2.8316113943563104,3.6810426118958053,3.040595984819817,0.3033998721874589,0.4671797274140244
2025-12-29,1.613876529941417,2.7766149755232723,3.471503406866715,2.858248474860333,0.4671797274140244,4.3241777752463575
2025-12-30,3.5838959727146626,3.7270001414314526,3.375355088538292,2.7249128779824194,4.3241777752463575,3.023465532237496
2025-12-31,3.103304428125302,3.309326843504349,3.3956452302170135,2.691391547168951,3.023465532237496,1.4678587697545618
2026-01-01,2.243286392573891,2.7349230353131224,3.3641921093562903,2.595719540326994,1.4678587697545618,0.6210110753877235
2026-01-02,1.534082970646171,2.4487059513628147,3.361959843671278,2.555581228080472,0.6210110753877235,4.183420966065146
2026-01-03,3.0463006678169693,3.398201394848606,3.351671645331103,2.512807726927375,4.183420966065146,0.9103171612576585
2026-01-04,1.9392988612156161,2.608511045328507,3.2170857982203804,2.3939643103969113,0.9103171612576585,1.7972154380075327
2026-01-05,2.712635124230024,2.9533584667582136,3.1210711343983855,2.297891868582964,1.7972154380075327,3.850245494283391
2026-01-06,3.4957063919906903,3.4379734389462513,3.672134855942055,2.5861997760510933,3.850245494283391,4.2481321311005
2026-01-07,3.722930536545533,3.6483934906325404,3.471615126370888,2.4326348842966907,4.2481321311005,3.3974370329992825
2026-01-08,3.6762078962540388,3.59855358433236,4.096047793479465,2.6975656994026114,3.3974370329992825,3.4855801224128586
2026-01-11,1.53780837385614,2.9079942953966444,3.479241582406578,2.264848521795233,0.27480548623436524,0.7226514681476901
2026-01-12,1.9629389500714944,2.917502729930278,3.305241432251215,2.1431591929355225,0.7226514681476901,4.167104355790461
2026-01-13,3.646294320166529,3.831258196028047,3.1441536236375356,2.0242484309818187,4.167104355790461,5.266600763874333
2026-01-14,4.049849446830657,4.211138565766719,5.000498293881302,3.0792397106042753,5.266600763874333,5.143449525374214
2026-01-15,4.184246322643884,4.361029728893915,4.907813404969283,3.0622965761202616,5.143449525374214,4.4254914571032815
2026-01-16,4.063727682402653,4.271602509189089,4.81522968704037,3.001596879267323,4.4254914571032815,2.178269559883492
2026-01-17,3.170950586318789,3.6141587432918394,4.482604647557887,2.8215457441337324,2.178269559883492,0.36242987980290925
2026-01-18,1.718709703189197,3.160944529002138,4.218819237744598,2.6641936978296026,0.36242987980290925,1.164052900310972
2026-01-19,2.6657915044319775,3.412308194699809,4.25348458506692,2.6490504977726768,1.164052900310972,3.2778974415051905
2026-01-20,3.7742977601249263,3.8764648114414366,4.15842367179576,2.570986709186026,3.2778974415051905,7.833166580901236
2026-01-21,5.312836520877759,5.276998030508206,6.411849507808974,3.737858934104877,7.833166580901236,8.37138073161101
2026-01-22,5.693811975389469,5.7014125448659385,6.029257810790069,3.599977718075875,8.37138073161101,3.5535498819240443
2026-01-23,4.133786042757571,4.364515928416593,5.562483666952423,3.384527505811667,3.5535498819240443,3.984075003580377
2026-01-24,4.505103109334267,4.624033713729417,5.146933846474316,3.1815844220482683,3.984075003580377,0.3185927594511989
2026-01-25,1.826109991931788,3.649214525895189,4.810318061429096,3.002316540468355,0.3185927594511989,2.8160706954269954
2026-01-26,4.197362911531576,4.432596658417975,5.461397978032489,3.3233326228489926,2.8160706954269954,6.192625853119777
2026-01-27,5.788943143275463,5.547264650822665,5.413927188122243,3.349491274899453,6.192625853119777,3.883650205292505
2026-01-28,4.673146709058495,4.600631821562796,5.0865969477138915,3.201766764737407,3.883650205292505,3.7097160469656307
2026-01-29,4.328078899188696,4.163257792084996,4.722161114073508,3.0101684492727765,3.7097160469656307,7.263165414733459
2026-01-30,5.768358200467009,5.397564378364229,7.616518381460561,4.529487107361997,7.263165414733459,13.491515021908395
2026-01-31,7.89995204237553,7.83420107192773,7.021376987139934,4.27352555456129,13.491515021908395,21.559637065535792
2026-02-01,12.961773841480381,11.907944919485553,11.605483715874612,6.767650171669544,21.559637065535792,16.69095707122946
2026-02-02,13.64236412036908,11.755477764431001,11.078025379712336,6.630412285260354,16.69095707122946,21.5464317635543
2026-02-03,16.598578392188333,14.510256801193755,10.532450940404567,6.523698357940588,21.5464317635543,15.149908878446652
2026-02-04,16.231269480496078,13.539628237135588,11.386637082693188,7.073194761295299,15.149908878446652,20.032103099439617
2026-02-05,20.650986231467765,16.40679453367697,11.776739681031954,7.390986411051203,20.032103099439617,50.762889877842596
2026-02-06,34.89057356692841,30.682009257394533,36.782305660733826,20.870990348380083,50.762889877842596,47.959462352889595
2026-02-07,38.57170921065915,34.94537984422656,47.97644548958217,27.97358142453041,47.959462352889595,16.283910770732337
2026-02-08,24.770645897492766,22.0184067673795,43.29497290406913,26.494203364270266,16.283910770732337,9.057419404998303
2026-02-09,18.56459362228832,17.876217412014963,38.8979382174886,25.02358748437141,9.057419404998303,12.3914719223794
2026-02-10,19.631713555199287,17.800087465390398,34.814278484857084,23.524695495554266,12.3914719223794,9.066630054004705
2026-02-11,16.506432138332862,15.590227218401015,31.624137714578097,22.33217397767065,9.066630054004705,15.939218116220232
2026-02-12,19.957468494174936,17.72964446614266,29.1803204358255,21.41496909440785,15.939218116220232,10.240651242812795
2026-02-13,14.84178711042183,12.465893539613663,26.336837497857697,20.210283964817116,10.240651242812795,9.149360926189038
2026-02-14,12.452637149191553,9.252654428276644,25.207658260878294,19.91184801706466,9.149360926189038,3.5079856892094665
2026-02-15,7.715274208786496,6.201494639216345,22.78014900021037,18.820511207381774,3.5079856892094665,6.9971948194868885
2026-02-16,9.715720040894732,7.327514391370763,20.722699670431673,17.8112110411324,6.9971948194868885,8.680829228850628
2026-02-17,10.143150266930851,7.665414578393545,18.633110317063416,16.742921210732987,8.680829228850628,7.915593808897398
2026-02-18,9.651732063535883,7.2740222647239,17.259672661503686,15.973305641985862,7.915593808897398,6.890372758209517
2026-02-19,8.570109099217113,6.23902917496836,15.876809659632423,15.167809836430335,6.890372758209517,6.031792740809551
2026-02-20,7.831663744395527,5.634550489196884,14.37259411354261,14.295950692779327,6.031792740809551,6.786558013414944
2026-02-21,8.003613022455962,5.779642928114761,13.210312945253259,13.582883474874793,6.786558013414944,1.5192525857818584
2026-02-22,4.297493946520673,3.6281036302079284,11.95112407424339,12.767910822281111,1.5192525857818584,1.405840619601378
2026-02-23,3.6439617213988904,3.1556515527353692,10.872615385874768,12.017301264878046,1.405840619601378,9.243390312805166
2026-02-24,7.343194174953585,6.152814704901041,12.328546341520576,12.56656284243785,9.243390312805166,9.711320157689096
2026-02-25,7.6530473361645575,6.504566300219676,11.265298951805958,11.854307540518858,9.711320157689096,14.019567338651415
2026-02-26,9.39814615370855,8.74092847007078,13.879442874038286,13.216677940094296,14.019567338651415,7.6471431192956505
2026-02-27,7.656330229990807,6.450387824147524,12.65336928408041,12.457235035498652,7.6471431192956505,6.193993013555221
2026-02-28,7.036162804907513,5.857417972773061,12.133556871836289,12.043420546871856,6.193993013555221,15.697344344686098
2026-03-01,12.021884508668217,10.504992614093178,11.262877024852884,11.489527630206485,15.697344344686098,15.049946940864672
2026-03-02,14.225357300684959,11.274978418480675,10.667277999014061,11.015665848893498,15.049946940864672,12.471741477884308
2026-03-03,13.598137786969708,10.575362969526285,11.82404026984155,11.579139995379249,12.471741477884308,12.820776575958474
2026-03-04,14.067001414758925,10.958237224700683,10.794100520634787,10.914094109635268,12.820776575958474,14.615055565446605
2026-03-05,14.882348928346122,11.74309331096948,13.971502282343266,12.615774116387104,14.615055565446605,9.149877387626113
2026-03-06,12.638591299631962,9.777062104644392,13.447766785204736,12.265901148836384,9.149877387626113,7.211036738948638
2026-03-07,11.66506056385077,9.115057422026052,13.937939227603128,12.439122770525971,7.211036738948638,2.0545136957140713
2026-03-08,6.2065809526165925,6.3257389902405645,12.814790867941973,11.79046600741872,2.0545136957140713,5.394609848907583
2026-03-09,8.304905521432193,7.071159558779169,12.07531398342963,11.312503878528464,5.394609848907583,9.447152107899015
2026-03-12,8.743347351716162,7.226359214330394,10.54606280232634,10.374634010773455,8.313493829927321,5.92759869498608
2026-03-13,7.42072709452206,6.086698295070207,9.5919624501925,9.762252248215132,5.92759869498608,9.57661128565337
2026-03-14,9.132690285801205,7.674259171222878,8.767374448611417,9.20355461692699,9.57661128565337,1.8677762169215915
2026-03-15,4.9110803171638215,4.7690413266937215,8.005718889981583,8.65854669883789,1.8677762169215915,3.294372913439631
2026-03-16,5.809397024620393,5.153791273589246,7.7945598415923785,8.426253476805298,3.294372913439631,7.40308436968014
2026-03-17,7.6934809006239595,6.5351355529868425,7.930679183813294,8.392988889617321,7.40308436968014,7.347945532798766
2026-03-18,7.869945383890771,6.600681637807351,7.465455736829267,7.9849269872462925,7.347945532798766,5.558725829768061
2026-03-19,6.888148171526375,5.7557398974236555,8.43912393445149,8.32209675334018,5.558725829768061,7.674548794135246
2026-03-22,3.5269913214918183,3.8987520651875633,7.69529619477765,7.549900749449682,1.1038259276711964,5.345437849652428
2026-03-23,6.616626053237277,5.653982104615371,7.258898022611833,7.193499739274061,5.345437849652428,18.90456479885652
2026-03-26,6.988462551878461,6.513786758765952,7.416712431135467,7.105570635938298,5.322866943416404,5.7080378631219215
2026-03-27,6.958720999596488,6.4873729789651495,8.309182803826422,7.454803820245585,5.7080378631219215,6.395990401309333
2026-03-28,7.407790720990786,6.699595544916273,9.133412829565163,7.798716439377958,6.395990401309333,1.920306354036543
2026-03-29,4.977596434955767,5.087856028536367,8.331617136475725,7.330841039443582,1.920306354036543,4.538135323155363
2026-03-30,6.729210510336411,6.008440031668813,7.66423373644056,6.909242424457173,4.538135323155363,5.547641288469378
2026-04-02,6.082349763672995,5.087572665402104,6.494747607766287,6.101818897011936,4.6963487206901355,5.953706429305831
2026-04-03,6.663641245069005,5.600928613719527,6.366614732369038,5.922287694606973,5.953706429305831,1.8855950867861446
2026-04-04,3.94214044211648,3.766995595128194,5.865659799571347,5.567192863646146,1.8855950867861446,0.5225409579568977
2026-04-05,2.1884338394767915,3.1665770377476457,5.438366468104637,5.250370405933534,0.5225409579568977,2.8135180034926206
2026-04-06,3.9183444658311704,3.9070910423741183,5.650988793936299,5.305111456393646,2.8135180034926206,5.033816467371812
2026-04-09,4.788776743096004,4.678230008139314,6.4658680864316205,5.56682265989793,4.910296993367644,5.90660438384663
2026-04-10,5.132845017600555,5.050776791180049,6.021134824339186,5.281634670884027,5.90660438384663,3.1292287278564346
2026-04-11,4.245724059655283,4.114942346741467,5.822781541143263,5.13279424324953,3.1292287278564346,1.8850263700405878
2026-04-12,3.9344380215733725,3.7585822982042694,5.381058175604697,4.825463457248859,1.8850263700405878,4.047904436065755
2026-04-13,5.370689512221477,4.6810992037584755,6.192320780860771,5.150410778485272,4.047904436065755,5.321070286098156
2026-04-16,5.486931285180274,4.774866373601799,7.1718148998938664,5.7294907956952885,4.364328806984401,6.454679928326403
2026-04-17,6.381289395094672,5.607049328286888,6.600270926718417,5.3985764021799,6.454679928326403,6.124945596136476
2026-04-18,6.632278038294951,5.710495132299615,6.743466545064546,5.4783078303267425,6.124945596136476,1.9960903991201173
2026-04-19,4.428528592517762,4.182252013103586,6.618971752304605,5.351146506326517,1.9960903991201173,3.4997297270214234
2026-04-20,5.362415852235262,4.705289844546684,6.839274167593829,5.405147814070148,3.4997297270214234,4.720752023051098
2026-04-21,5.907684718485473,5.105423606791477,7.011107231117115,5.516057822723745,4.720752023051098,5.51840090776537
2026-04-22,6.375955344437201,5.4691742270070565,6.472670606558248,5.208982101483312,5.51840090776537,3.70187086327618
2026-04-23,5.450688706667718,4.789376279342341,6.5269026339868175,5.240459621891313,3.70187086327618,4.477079231215713
2026-04-24,5.6818947933102075,4.949292782027463,6.012631861379457,4.9264571238129395,4.477079231215713,2.875843164193327
2026-04-25,4.5727901893676295,4.13928872056604,5.7010587892318325,4.696389383121498,2.875843164193327,0.5340317367434346
2026-04-26,2.2471081132523247,3.1697052278224285,5.2771212931210085,4.417056923816359,0.5340317367434346,2.1448369202531334
2026-04-27,3.606155339096145,3.6936578679287484,5.0600835815676515,4.259467818339595,2.1448369202531334,3.853750430634147
2026-04-30,4.4058900736737066,4.365853059798774,4.661332970301627,3.815804940769707,4.395192614369552,2.16837159575515
2026-05-01,3.199840510202174,3.3524873882989916,4.385636692103383,3.6158063515861034,2.16837159575515,3.044840716884774
2026-05-02,3.6385401955863674,3.6974946501503356,4.682806810630207,3.752321686012685,3.044840716884774,0.7628022259219449
2026-05-03,2.27449648615213,2.8629742920842913,4.394948450149277,3.5494991370979734,0.7628022259219449,1.4904927426095764
2026-05-04,2.8019586055260177,3.081194654818292,4.120006182165748,3.337905118733628,1.4904927426095764,6.74936488940458
2026-05-05,5.075211821270584,5.269176991324334,4.114834535867031,3.296803862202994,6.74936488940458,2.6044497207364308
2026-05-06,3.616203446692769,3.6752885616293627,4.031913801395874,3.211199724337022,2.6044497207364308,2.8532122582664683
2026-05-07,3.6178823390981574,3.6707001043169307,3.815464911335964,3.04133391104143,2.8532122582664683,2.734540139736266
2026-05-10,2.105847567524029,2.882207066072851,3.525493384289083,2.713501702107776,0.6528637052057874,2.426726088067458
2026-05-11,3.517247363300423,3.61699205381945,3.6445316749168337,2.747586729541001,2.426726088067458,3.1757678843601513
2026-05-14,2.8797051621775727,3.075038360223432,3.682364153571637,2.565076616289471,1.95706996683373,4.1081505951002715
2026-05-15,3.918212343440369,4.007427076702026,3.9493082527933905,2.7050710901353043,4.1081505951002715,3.0579898054066508
2026-05-16,3.6461201312270752,3.659588841335411,4.445719800358839,2.911873417424163,3.0579898054066508,1.099898407428748
2026-05-17,2.652502796980661,2.9655600847666035,4.340440524389584,2.821932784736181,1.099898407428748,1.4781401322919847
2026-05-18,2.818268099776409,3.0402809688791073,4.174236376307292,2.701504270864547,1.4781401322919847,3.547481062838718
2026-05-21,3.255064881050548,3.321351744134376,3.601108090198781,2.3182902062540878,2.104398509397384,2.8788788708835833
2026-05-22,3.528974066391321,3.5226727897715606,3.4016268396471876,2.1798547011928338,2.8788788708835833,2.4223035526680863
2026-05-23,3.2513080285173586,3.301586679530976,4.074868867780575,2.4802113602403004,2.4223035526680863,2.841756201693575
2026-05-24,3.7396945063986737,3.593745542006644,4.0481621244791475,2.476993838873962,2.841756201693575,2.108098528635593
2026-05-25,3.4648774095112964,3.3620750977164753,3.80868145570619,2.338002296578673,2.108098528635593,1.2817238141959828
2026-05-28,3.5382341000146615,3.4582411161740856,4.088184391110373,2.386846561545446,2.7280957677692887,3.9205401266268183
2026-05-29,4.137218169973375,3.9828300255834774,3.995520432483241,2.3153121195893847,3.9205401266268183,3.7642982242859144
2026-05-30,4.239732551120879,4.02735189575293,3.7660269304549763,2.1793854333052014,3.7642982242859144,0.7430525024719045
2026-05-31,2.1167919203687235,2.7244094623326642,3.56594199071326,2.0648278400116657,0.7430525024719045,1.165623997899071
2026-06-01,2.352173360764227,2.8071997323269398,3.3841542487787857,1.944329851717113,1.165623997899071,3.969027977198816
2026-06-04,6.533967488667414,7.393391516420521,10.298142262346689,5.672248038852039,11.190296607755583,23.991186530948053
2026-06-05,10.23369827909094,13.900071695231246,9.393466229224966,5.338565222455063,23.991186530948053,27.909169850309933
2026-06-06,13.109290749758838,17.571907271162573,11.006542260965144,6.297393524594007,27.909169850309933,10.04747116215312
2026-06-07,11.197829628281097,10.945843280441219,10.007410225463747,5.920043897739193,10.04747116215312,14.1886038612115
2026-06-08,15.859755424288215,13.556370083664444,10.613115510366613,6.441827806081327,14.1886038612115,8.055172847988665
2026-06-11,13.756744077837421,11.498024910878653,8.639839009823088,5.662966422573584,8.98611526214877,5.543050761388415
2026-06-12,10.034808930102995,8.704800595806697,9.05677758768768,6.008192909596686,5.543050761388415,4.153305065510161
2026-06-13,7.6225499782427475,6.4251567879931635,8.267901317142885,5.647748697408524,4.153305065510161,1.2297609471838113
2026-06-14,4.029192623460452,4.623700841909973,7.735618174539473,5.421904579455675,1.2297609471838113,2.8247121750790534
2026-06-15,4.834845003734445,4.470623770411423,7.468914227089268,5.332111035996129,2.8247121750790534,3.904840200871943
2026-06-18,6.658387351042089,6.149187228229238,6.398018819051776,4.729552593186985,7.966810982194489,5.351401615132441
2026-06-19,5.713185103405011,5.083781995276452,6.581068007448236,4.788790187576232,5.351401615132441,3.7639697478531433
2026-06-20,4.958314560412472,4.410490796201964,6.1493791239233175,4.563797472204347,3.7639697478531433,2.1302609509288017
2026-06-21,4.176988677345008,3.8115153544266,5.780095162277447,4.3617566515265445,2.1302609509288017,2.1693250508367785
2026-06-22,4.11035308402894,3.7771747350301745,5.656368088377916,4.248377480525682,2.1693250508367785,4.418507463663357
2026-06-25,6.389847038921125,5.672876782016322,5.929110292248293,4.266858984889471,7.029715375293478,15.997555034385261
2026-06-26,9.577919762845914,10.050359164141112,6.018352016214548,4.277949091460243,15.997555034385261,11.686864707407564
2026-06-27,9.325886085207786,8.836143880070367,5.564476046978619,4.035815593562308,11.686864707407564,2.107557411771321
2026-06-28,4.849316900617366,4.9422697617636295,5.158764106436581,3.7946384586949615,2.107557411771321,3.9416218971115247
2026-06-29,6.442830415439348,5.799464097876693,4.86017029265011,3.594916712190064,3.9416218971115247,8.461534614266368
2026-07-02,8.329794458073847,7.196889121923534,5.373407454003535,3.796285350487962,6.836417125181328,5.439578321921211
2026-07-03,7.002874539354036,5.9101429146324955,5.57535826259088,3.925459121572466,5.439578321921211,2.9093482508834816
2026-07-04,4.940021257393743,4.2973761079584545,5.441079160650389,3.864872320540467,2.9093482508834816,1.8377830252849086
2026-07-05,4.101902858113882,3.8951223659353564,5.10502282690511,3.677997216996594,1.8377830252849086,1.789838874176208
2026-07-06,3.808857346311465,3.791242583922269,4.784702106077078,3.4889269183504985,1.789838874176208,7.447114282061522
2026-07-09,5.423660584386382,4.915438835943094,4.422292954753364,3.156290584295811,4.945459148654118,4.5495786180486455
2026-07-12,3.0791552867936076,3.403910362464502,4.038731278074086,2.876421205368088,1.2157284413815486,1.1080719954637843
2026-07-13,2.8297271697141855,3.305406481624659,3.79728808988031,2.7041190065391865,1.1080719954637843,3.7112728138420574
2026-07-14,4.18807015326832,4.043495222556087,4.275041343586086,2.890772666777003,3.7112728138420574,3.993624983449076
2026-07-15,4.460686444313285,4.215235349161441,5.899296934544664,3.812740780626907,3.993624983449076,2.796220352108988
2026-07-16,3.7216740078930006,3.5827054806495093,5.476691401587989,3.5924562362706016,2.796220352108988,2.82621396290654
2026-07-17,3.596392558934653,3.479639080073478,5.336541683059839,3.5007601003565245,2.82621396290654,3.43961197311105
2026-07-18,3.9832364793773913,3.7886332925619537,4.949961720051707,3.292501431625666,3.43961197311105,0.5715348909088162
2026-07-19,1.9199376869468545,2.595177700529836,4.785399566925734,3.211582839669672,0.5715348909088162,0.9352027236989897
2026-07-20,2.2775490974898545,2.7337699993192257,4.466964737202674,3.020490015147414,0.9352027236989897,5.345814887345728
2026-07-21,4.521391568513846,4.611922444135252,4.222128063800763,2.880602940086234,5.345814887345728,2.1806545442429526
2026-07-22,3.0924310330767573,3.2194595090539115,4.318786569505794,2.9326317864329856,2.1806545442429526,1.989541024550889
2026-07-23,2.916954290901199,3.0972197403972648,4.100086346126082,2.778986778214837,1.989541024550889,1.982713545163022
2026-07-24,2.840568230786991,3.047169019830946,4.171913670189084,2.767857565989756,1.982713545163022,2.618559162840986
2026-07-25,3.0963819916149764,3.2650094361094517,4.18379652558309,2.730657263777538,2.618559162840986,0.41910604071689395
2026-07-26,1.5291553495587178,2.3989484925481586,3.9280458275121424,2.5734409198072594,0.41910604071689395,0.8771035336306086
2026-07-27,2.002379748426065,2.6019439192552034,3.9313294393082114,2.570066458834422,0.8771035336306086,3.1663957479465497
2026-07-28,3.1198141018057517,3.3961568299788065,4.443712099856622,2.7918727404764,3.1663957479465497,3.1981341850214196
2026-07-29,3.2237707797411272,3.470665092911156,4.155903539010394,2.6275226719625047,3.1981341850214196,4.198596312783993
2026-07-30,3.775168334114728,4.019925769285837,3.8983129569708668,2.4700704225072765,4.198596312783993,2.325029018479089
2026-07-31,3.058930630543384,3.2789672525036027,3.8142835947073004,2.418718179815953,2.325029018479089,2.870698217900546
2026-08-01,3.3348380873611703,3.522256231182457,4.647924128428219,2.8128162231088116,2.870698217900546,0.5661457337185895
2026-08-02,1.8603210417578533,2.600308398671183,4.340488345573642,2.644434236291584,0.5661457337185895,1.5945152412798858
2026-08-03,2.8512086085540744,3.056641396218685,4.176929033246506,2.563546901466649,1.5945152412798858,2.65564522755304
2026-08-04,3.401192078731456,3.451058314000094,3.919051413183608,2.4098004041933887,2.65564522755304,2.0959506883690913
2026-08-05,3.019423820268661,3.1528073682996722,3.7601460376750464,2.317475597739041,2.0959506883690913,2.197432594770919
2026-08-06,2.9359827757079264,3.0823621248225086,3.603129192904447,2.220952185534735,2.197432594770919,1.380761149681797
2026-08-09,0.9524307989885573,2.1220756815035666,3.1767267316054437,1.9108153302732016,0.16909219209386478,0.4566010796032746
2026-08-10,1.2314132280962864,2.1540485459598395,3.0300565275290103,1.7966762260750444,0.4566010796032746,1.974653781915899
2026-08-11,2.0855842362304906,2.717920833002927,3.1614359192738655,1.815252790654328,1.974653781915899,1.269772170092019
2026-08-12,1.694629680341077,2.367788149014143,3.0199842581631944,1.7253456998552164,1.269772170092019,1.378929449781166
2026-08-13,1.6833377164612473,2.3547105533489794,2.894799478740546,1.6251504708259181,1.378929449781166,1.9952849620208497
2026-08-14,2.0014802777657565,2.6489196742439702,2.771494544422831,1.527641452800128,1.9952849620208497,1.0770590211257993
2026-08-15,1.6078963779140847,2.2650819930250217,2.7271013161093762,1.4633274889540122,1.0770590211257993,0.21207141151064166
2026-08-16,0.8834169137319773,1.9119561514997039,2.6207106232963127,1.3758867634820033,0.21207141151064166,0.35976239524636633
2026-08-17,1.0458659075569317,1.9631254938748022,2.546487619628266,1.2997439911168693,0.35976239524636633,1.8855494666299444
2026-08-18,1.9481975484773926,2.5722731714579865,3.157225186081757,1.6434317912266116,1.8855494666299444,1.3679964525725632
2026-08-19,1.7370611927994521,2.3613548616492532,3.006899106736551,1.5492026296717123,1.3679964525725632,8.335521580950846
2026-08-20,3.95111265095107,5.620632836217831,7.781597118038362,4.271094636036583,8.335521580950846,9.28951440364895
2026-08-21,4.687576514754461,6.454856681576674,10.035196609848063,5.697127049211664,9.28951440364895,20.958547875062425
2026-08-24,6.384884858857715,6.241113429994607,12.06597449075262,7.527862657222192,4.205881426955973,7.115960305474964
2026-08-27,7.517151198317854,6.726997811537551,9.302655308692081,6.413953038820279,3.9936922273942606,4.578597768942291
2026-08-28,7.364715574714249,6.55724738289278,8.706969462371752,6.172259456859936,4.578597768942291,5.999501687877971
2026-08-29,7.259926816222844,5.9120403521198925,9.049208971795982,6.367787355990895,5.999501687877971,0.8424415037827777
2026-09-01,4.90915678780162,4.49898859547626,7.12239944348299,5.41138947449999,3.9327277802894596,3.5327084742291106
2026-09-02,4.7315167631317285,4.302769697622288,6.810414201534086,5.216084100829325,3.5327084742291106,4.010947355393893
2026-09-03,4.971277922025097,4.4973385043299805,6.268635767721486,4.904185977642573,4.010947355393893,6.3042974789041635
2026-09-04,6.084020055775605,5.557044277409227,8.374739489470006,6.115836265407142,6.3042974789041635,6.654470867090423
2026-09-05,6.267866402802131,5.737903494653155,8.171382227935814,5.986028260086177,6.654470867090423,0.5422838695948572
2026-09-06,2.2878862023230964,3.181677975103066,7.474433600358918,5.629043368943601,0.5422838695948572,0.9747365379294024
2026-09-07,2.628637587984749,3.173577709701365,6.885276572099203,5.317200718080905,0.9747365379294024,1.9097952423128708
2026-09-08,3.2463530916435266,3.434165092321897,6.628473472824048,5.141936175517632,1.9097952423128708,2.215292108318146
2026-09-09,3.3285500826464225,3.4761807243158316,6.202136963346525,4.877768965186445,2.215292108318146,3.79008365391719
2026-09-10,4.0859432426605755,4.111594900178602,5.731980204288545,4.588236513726121,3.79008365391719,2.906373893631561
2026-09-11,3.499445975833931,3.5408652368875693,5.875951876612451,4.599386904456202,2.906373893631561,6.576798496771938
2026-09-12,4.813424018225117,5.050881138431742,5.478623113450394,4.360671945736858,6.576798496771938,0.2882062815491688
2026-09-13,1.3920734102108965,2.4289284100050597,5.074784455767527,4.099971932515642,0.2882062815491688,0.8897397874953142
2026-09-14,2.1189845542996952,2.6677256429434992,4.764367246513818,3.8728602788649367,0.8897397874953142,4.678341181548223
2026-09-15,4.229168113074529,4.387491893701946,4.717097526907629,3.815933522453945,4.678341181548223,7.585063308911742
2026-09-16,5.5252309299644065,5.891664445195406,5.679596205011333,4.247507856311098,7.585063308911742,4.732542550403191
2026-09-17,4.684796064900164,4.759625208663409,5.292694764211398,4.022797564787058,4.732542550403191,3.016944080426464
