day,rv
2024-09-01,5.556232931143514
2024-09-02,5.0638491467260245
2024-09-03,4.257981665955831
2024-09-04,11.218831615404282
2024-09-05,9.04772700007336
2024-09-06,13.31791106915432
2024-09-07,2.42132176101128
2024-09-08,4.197651986530375
2024-09-09,8.795630656782704
2024-09-10,5.6715331221249095
2024-09-11,7.519548096789129
2024-09-12,6.003645779071205
2024-09-13,4.724849641776376
2024-09-14,1.3232454816068022
2024-09-15,1.9425648826830029
2024-09-16,4.699814775340157
2024-09-17,6.894623302482881
2024-09-18,9.818200027485952
2024-09-19,6.785413914497609
2024-09-20,5.133063227397493
2024-09-21,1.0370678406878129
2024-09-22,2.9558455357128794
2024-09-23,5.012601267886134
2024-09-24,4.5187806677928615
2024-09-25,2.801256819878919
2024-09-26,5.786302637760838
2024-09-27,2.378759242159045
2024-09-28,0.8631936550817197
2024-09-29,0.9192552830998812
2024-09-30,4.56568030887222
2024-10-01,8.372997055024184
2024-10-02,7.369591040382093
2024-10-03,6.0023653631106315
2024-10-04,4.046980565945256
2024-10-05,0.7945517471191033
2024-10-07,6.82522119317817
2024-10-08,3.9162800402705673
2024-10-09,3.423876618374003
2024-10-10,4.505710152608798
2024-10-11,3.5489318407676143
2024-10-12,1.4371326850811093
2024-10-13,1.747845766372897
2024-10-14,5.645959624821636
2024-10-15,10.064969299190178
2024-10-16,4.356029693378476
2024-10-17,3.5310104280709136
2024-10-18,3.39386134312673
2024-10-19,0.5285110311707188
2024-10-21,3.4754331973404295
2024-10-23,3.2412493513151444
2024-10-24,3.481167576414749
2024-10-25,8.374501794339466
2024-10-26,1.3048586150219235
2024-10-27,1.1027173726961388
2024-10-28,4.169551220413019
2024-10-30,4.418446676871379
2024-10-31,4.2034273144515995
2024-11-01,8.031785424654243
2024-11-02,1.025356110997144
2024-11-03,3.883760916422017
2024-11-04,5.778804534607755
2024-11-05,6.847800179038829
2024-11-06,20.666526359470556
2024-11-08,3.7415796604292395
2024-11-09,1.3498379730586727
2024-11-10,10.321383933267985
2024-11-11,14.676707701697488
2024-11-12,25.83810957156561
2024-11-13,25.785766724706935
2024-11-14,15.608356217833828
2024-11-15,11.488165869106858
2024-11-17,3.900126855695036
2024-11-18,10.30111533491555
2024-11-20,5.325760152088211
2024-11-21,8.260010758059645
2024-11-22,4.534255890618453
2024-11-23,2.0935601007785047
2024-11-24,3.5729157864656873
2024-11-26,12.32373145985791
2024-11-27,5.209900860374505
2024-11-28,4.27798167017007
2024-11-30,1.2651268082288039
2024-12-01,1.799311986073609
2024-12-03,5.099676671153685
2024-12-04,6.013888276366961
2024-12-06,9.421840574195926
2024-12-07,2.319886312598946
2024-12-09,11.67835724526234
2024-12-10,12.360685317114346
2024-12-11,5.293403129403422
2024-12-12,6.349285245680194
2024-12-13,3.6979576591113292
2024-12-14,2.3449590516203576
2024-12-15,3.4370170128619346
2024-12-16,7.281091384491935
2024-12-17,5.512677730441545
2024-12-18,13.281653794665482
2024-12-19,17.71890986270888
2024-12-20,16.846959297743485
2024-12-21,5.323627382773044
2024-12-22,6.696079645950882
2024-12-23,10.832833054403002
2024-12-24,6.335425456093172
2024-12-25,3.8496233245313287
2024-12-26,5.922300597637387
2024-12-27,7.2305832424570875
2024-12-28,1.4252571418831657
2024-12-29,2.6668625153525505
2024-12-30,7.286989693624899
2024-12-31,6.862536110763639
2025-01-01,2.7790076276937334
2025-01-03,2.447308093797309
2025-01-04,1.0659095595637473
2025-01-05,1.3220952010274352
2025-01-06,4.715199859981886
2025-01-07,4.874364342112785
2025-01-08,7.98598200391101
2025-01-09,9.109852144715585
2025-01-10,11.00855217577977
2025-01-11,1.1929195290702759
2025-01-12,1.3197308754381134
2025-01-13,12.882483527265988
2025-01-14,7.246488190209332
2025-01-15,6.6443157586762585
2025-01-16,6.272514775273706
2025-01-18,6.160360081214969
2025-01-19,14.81443180787111
2025-01-20,47.6879599447701
2025-01-22,5.605810095373332
2025-01-23,24.487040126114636
2025-01-24,6.119470089353716
2025-01-25,1.256254353474493
2025-01-26,1.5810258353909452
2025-01-27,13.577967178366487
2025-01-28,6.980855303240561
2025-01-29,6.589445674265931
2025-01-30,3.7852658687440623
2025-01-31,4.665372803378084
2025-02-01,1.78696286304551
2025-02-02,8.742480385105218
2025-02-03,29.476833581819214
2025-02-04,13.234040738805195
2025-02-05,6.279172495812558
2025-02-07,7.313303090496409
2025-02-08,1.266144747929475
2025-02-09,2.805866592312875
2025-02-11,3.4783608211566492
2025-02-12,8.607886054460106
2025-02-13,4.21425403474165
2025-02-14,4.228500692854403
2025-02-15,0.5884052016733078
2025-02-16,0.9058164287593574
2025-02-17,2.266958039414512
2025-02-18,3.530772372600334
2025-02-20,2.035755121711404
2025-02-21,5.900330015917903
2025-02-22,0.7133510047202382
2025-02-23,0.6035503225233658
2025-02-24,6.167902464854982
2025-02-25,20.076715155248774
2025-02-26,18.773664362252926
2025-02-27,11.444363534273855
2025-02-28,31.25914053119179
2025-03-01,4.567519569098354
2025-03-02,19.842831271820696
2025-03-03,23.769650056706304
2025-03-04,33.154672747113025
2025-03-05,18.047126508821794
2025-03-06,15.771674670551647
2025-03-07,40.34202253940155
2025-03-08,3.513479292120757
2025-03-09,8.007158365295382
2025-03-10,27.718241614784734
2025-03-11,19.27141621944883
2025-03-12,10.290515869311134
2025-03-14,6.794042815027103
2025-03-15,1.1003647961621463
2025-03-16,7.205946170993494
2025-03-17,4.112880782834421
2025-03-18,5.214474477483892
2025-03-19,6.363556878144471
2025-03-20,6.184260738613911
2025-03-21,3.0292501684318767
2025-03-23,1.2844472103258404
2025-03-24,3.971485444128797
2025-03-25,3.842468568563883
2025-03-26,3.6173667614327676
2025-03-27,2.9243712661908643
2025-03-28,3.6409896092898695
2025-03-29,3.0456885039697177
2025-03-30,2.9599668904974705
2025-03-31,7.250550338449575
2025-04-01,4.891379334426109
2025-04-02,11.422566454341197
2025-04-03,6.826633755784964
2025-04-04,11.133914778647942
2025-04-05,1.485199594427681
2025-04-06,7.659752142465847
2025-04-07,44.64433654611241
2025-04-08,10.447260354604193
2025-04-09,27.667149901745088
2025-04-11,8.092191089516932
2025-04-12,3.6265552527074743
2025-04-13,5.519627810075445
2025-04-14,7.00602553356654
2025-04-15,4.286600819511042
2025-04-16,6.017792372040698
2025-04-17,2.486694731437494
2025-04-18,0.6365072423964862
2025-04-19,0.970597245226959
2025-04-20,1.0914137941269642
2025-04-21,5.624968818369534
2025-04-22,7.085083379433007
2025-04-23,5.308362839876127
2025-04-24,3.1435541417109465
2025-04-25,4.014530900327123
2025-04-26,1.1229513929604698
2025-04-27,1.4983592119290812
2025-04-28,3.169611159307773
2025-04-29,2.8567610914480666
2025-04-30,3.222907485758093
2025-05-01,2.5584482027658093
2025-05-02,2.217964529830505
2025-05-03,0.6361372926313299
2025-05-04,1.3817667293519875
2025-05-05,2.7402220100789116
2025-05-06,3.1916150504508023
2025-05-07,3.785847009024472
2025-05-09,4.597206036971253
2025-05-10,2.17277222054516
2025-05-11,3.3949825952623445
2025-05-12,6.535880446673428
2025-05-13,3.4948630182353435
2025-05-14,2.181363748171832
2025-05-16,2.115218425458329
2025-05-17,1.1558405249041752
2025-05-18,3.972359499740029
2025-05-19,5.561781259083999
2025-05-20,4.873640056764947
2025-05-21,8.34336511672555
2025-05-23,6.837627022228447
2025-05-24,2.300320091077356
2025-05-25,3.2046727874376675
2025-05-26,2.545198443986589
2025-05-27,4.832239329436207
2025-05-28,2.268305849350293
2025-05-29,3.960929499758664
2025-05-30,4.984307631608094
2025-05-31,1.5171633074612667
2025-06-01,1.2646226890532146
2025-06-03,2.0986573360631304
2025-06-04,1.4063362098993855
2025-06-05,5.2212769692715
2025-06-06,2.13094577347534
2025-06-07,0.9507942562389936
2025-06-08,0.7599437370251673
2025-06-10,3.1485087086879404
2025-06-11,2.8382164415468196
2025-06-12,3.1220565765838635
2025-06-13,6.931837356824255
2025-06-14,1.0939227611866473
2025-06-15,1.229231707207331
2025-06-17,3.4641122918647897
2025-06-18,3.8922418221270894
2025-06-19,1.8493233050859523
2025-06-20,3.457454173036799
2025-06-21,2.743675189110917
2025-06-22,8.381183352165888
2025-06-24,2.8805693800903933
2025-06-25,2.6838494467697296
2025-06-26,1.936440018805808
2025-06-27,1.7268726839104178
2025-06-28,0.23515092238129548
2025-06-29,0.8081012507602019
2025-07-01,2.1614369529999107
2025-07-02,2.231385430728244
2025-07-03,2.3800058699128197
2025-07-04,1.1622925163945468
2025-07-05,0.3827920255788283
2025-07-06,0.983720248539433
2025-07-08,1.1897079785080422
2025-07-09,2.328894144183268
2025-07-10,5.110725357719534
2025-07-11,3.655055121172443
2025-07-12,0.7095318620437872
2025-07-13,1.3116060261397273
2025-07-15,5.902682533026863
2025-07-16,3.6944444046737326
2025-07-17,4.488551114048676
2025-07-18,3.5790291532984986
2025-07-19,0.7852316831698432
2025-07-20,1.7129060828719673
2025-07-22,4.43324249973507
2025-07-23,2.14679108627054
2025-07-24,2.2231815565744646
2025-07-25,4.210078992072986
2025-07-26,0.5396487086908569
2025-07-27,1.1028563354169447
2025-07-28,2.3851720972724038
2025-07-29,2.6501446595235207
2025-07-30,2.110649066482522
2025-07-31,1.8203086228420997
2025-08-01,6.461217368654412
2025-08-02,1.799098612892411
2025-08-03,1.3764139645094207
2025-08-05,2.0480214544725484
2025-08-07,1.7610656378996368
2025-08-08,1.3561063432101128
2025-08-09,0.854640592143829
2025-08-10,1.7102174559682355
2025-08-12,2.513956832573577
2025-08-13,3.8780582135205655
2025-08-14,6.32510307537657
2025-08-15,2.1493126221149215
2025-08-16,0.5084031198975099
2025-08-17,0.6106119621350088
2025-08-19,2.692734519702684
2025-08-20,3.397241111395221
2025-08-21,2.4515425588623136
2025-08-22,6.3311011349180735
2025-08-23,1.0022685898605659
2025-08-24,7.795640458894539
2025-08-25,5.15511982983809
2025-08-26,3.6882464087768954
2025-08-27,2.9728571028723203
2025-08-28,2.3286562984272496
2025-08-29,3.613515136110693
2025-08-30,0.8576620682903254
2025-08-31,0.9032654592362893
2025-09-02,3.856320758922921
2025-09-03,2.377736705307999
2025-09-04,2.313780815655802
2025-09-05,3.227546808638532
2025-09-06,0.4084426724871392
2025-09-09,1.7604438096877013
2025-09-10,1.9125000902303044
2025-09-11,1.872218202981849
2025-09-12,1.54383780191279
2025-09-13,0.4266602745512966
2025-09-14,0.6880237985618517
2025-09-15,1.865460543171401
2025-09-17,2.3153905383211164
2025-09-19,0.7391083448327038
2025-09-20,0.1978121586199769
2025-09-21,0.3313100479799561
2025-09-22,4.5955754349027105
2025-09-23,1.678266297725466
2025-09-24,1.7493491604433606
2025-09-26,2.5750817994074877
2025-09-27,0.2760395328925136
2025-09-28,1.104175336772739
2025-09-29,1.6821387163324257
2025-09-30,1.9177865137302137
2025-10-01,2.0311116190254923
2025-10-03,4.213449089814071
2025-10-04,0.6706609994200415
2025-10-06,2.8478825939993797
2025-10-07,3.3827223946800316
2025-10-08,3.3451612364144783
2025-10-09,3.3603472947546567
2025-10-10,29.963935324649732
2025-10-11,7.377553755748724
2025-10-12,7.5435456337939994
2025-10-29,4.699936106333767
2025-10-31,5.583867753114835
2025-11-01,1.024410925651478
2025-11-02,1.4062409555748092
2025-11-03,7.2119693682182815
2025-11-04,12.413206536517457
2025-11-05,6.825454072634698
2025-11-06,7.68075068844486
2025-11-07,7.243044603960616
2025-11-08,2.2823520392696857
2025-11-09,2.852332988522561
2025-11-10,4.003654823096046
2025-11-11,5.1749223052395745
2025-11-12,4.175835141118614
2025-11-13,10.234344520872538
2025-11-14,17.318702016730327
2025-11-15,3.799858212096401
2025-11-16,7.626660991835249
2025-11-17,9.795244242541125
2025-11-18,10.737788646932888
2025-11-19,9.162090235181243
2025-11-20,9.968111767714412
2025-11-21,29.082265050712145
2025-11-22,4.3553986716508675
2025-11-23,5.041319674623482
2025-11-25,5.416981438265813
2025-11-26,5.9471507060983155
2025-11-27,2.9380387731697164
2025-11-30,1.6288547619938323
2025-12-02,7.002398732857784
2025-12-03,8.129456130822124
2025-12-04,5.4213722411644305
2025-12-05,5.306439276487109
2025-12-06,1.4085132421760238
2025-12-07,4.734415407212609
2025-12-08,6.145959047189138
2025-12-09,5.917388910805021
2025-12-10,8.112008505979341
2025-12-11,6.843832598025228
2025-12-12,5.2109052349659475
2025-12-13,0.5846668556112399
2025-12-14,1.715773990680389
2025-12-15,7.2012595668850965
2025-12-16,5.529423648377977
2025-12-17,12.11184407790965
2025-12-18,9.75292750273109
2025-12-19,9.250565333223001
2025-12-20,0.5004982317075203
2025-12-21,1.6318315262837606
2025-12-22,4.9404365591376
2025-12-23,3.9302217296079958
2025-12-24,3.5526407976064784
2025-12-25,1.5112712582558856
2025-12-26,4.021311860146529
2025-12-27,0.3033998721874589
2025-12-28,0.4671797274140244
2025-12-29,4.3241777752463575
2025-12-30,3.023465532237496
2025-12-31,1.4678587697545618
2026-01-01,0.6210110753877235
2026-01-02,4.183420966065146
2026-01-03,0.9103171612576585
2026-01-04,1.7972154380075327
2026-01-05,3.850245494283391
2026-01-06,4.2481321311005
2026-01-07,3.3974370329992825
2026-01-08,3.4855801224128586
2026-01-10,0.27480548623436524
2026-01-11,0.7226514681476901
2026-01-12,4.167104355790461
2026-01-13,5.266600763874333
2026-01-14,5.143449525374214
2026-01-15,4.4254914571032815
2026-01-16,2.178269559883492
2026-01-17,0.36242987980290925
2026-01-18,1.164052900310972
2026-01-19,3.2778974415051905
2026-01-20,7.833166580901236
2026-01-21,8.37138073161101
2026-01-22,3.5535498819240443
2026-01-23,3.984075003580377
2026-01-24,0.3185927594511989
2026-01-25,2.8160706954269954
2026-01-26,6.192625853119777
2026-01-27,3.883650205292505
2026-01-28,3.7097160469656307
2026-01-29,7.263165414733459
2026-01-30,13.491515021908395
2026-01-31,21.559637065535792
2026-02-01,16.69095707122946
2026-02-02,21.5464317635543
2026-02-03,15.149908878446652
2026-02-04,20.032103099439617
2026-02-05,50.762889877842596
2026-02-06,47.959462352889595
2026-02-07,16.283910770732337
2026-02-08,9.057419404998303
2026-02-09,12.3914719223794
2026-02-10,9.066630054004705
2026-02-11,15.939218116220232
2026-02-12,10.240651242812795
2026-02-13,9.149360926189038
2026-02-14,3.5079856892094665
2026-02-15,6.9971948194868885
2026-02-16,8.680829228850628
2026-02-17,7.915593808897398
2026-02-18,6.890372758209517
2026-02-19,6.031792740809551
2026-02-20,6.786558013414944
2026-02-21,1.5192525857818584
2026-02-22,1.405840619601378
2026-02-23,9.243390312805166
2026-02-24,9.711320157689096
2026-02-25,14.019567338651415
2026-02-26,7.6471431192956505
2026-02-27,6.193993013555221
2026-02-28,15.697344344686098
2026-03-01,15.049946940864672
2026-03-02,12.471741477884308
2026-03-03,12.820776575958474
2026-03-04,14.615055565446605
2026-03-05,9.149877387626113
2026-03-06,7.211036738948638
2026-03-07,2.0545136957140713
2026-03-08,5.394609848907583
2026-03-09,9.447152107899015
2026-03-11,8.313493829927321
2026-03-12,5.92759869498608
2026-03-13,9.57661128565337
2026-03-14,1.8677762169215915
2026-03-15,3.294372913439631
2026-03-16,7.40308436968014
2026-03-17,7.347945532798766
2026-03-18,5.558725829768061
2026-03-19,7.674548794135246
2026-03-21,1.1038259276711964
2026-03-22,5.345437849652428
2026-03-23,18.90456479885652
2026-03-25,5.322866943416404
2026-03-26,5.7080378631219215
2026-03-27,6.395990401309333
2026-03-28,1.920306354036543
2026-03-29,4.538135323155363
2026-03-30,5.547641288469378
2026-04-01,4.6963487206901355
2026-04-02,5.953706429305831
2026-04-03,1.8855950867861446
2026-04-04,0.5225409579568977
2026-04-05,2.8135180034926206
2026-04-06,5.033816467371812
2026-04-08,4.910296993367644
2026-04-09,5.90660438384663
2026-04-10,3.1292287278564346
2026-04-11,1.8850263700405878
2026-04-12,4.047904436065755
2026-04-13,5.321070286098156
2026-04-15,4.364328806984401
2026-04-16,6.454679928326403
2026-04-17,6.124945596136476
2026-04-18,1.9960903991201173
2026-04-19,3.4997297270214234
2026-04-20,4.720752023051098
2026-04-21,5.51840090776537
2026-04-22,3.70187086327618
2026-04-23,4.477079231215713
2026-04-24,2.875843164193327
2026-04-25,0.5340317367434346
2026-04-26,2.1448369202531334
2026-04-27,3.853750430634147
2026-04-29,4.395192614369552
2026-04-30,2.16837159575515
2026-05-01,3.044840716884774
2026-05-02,0.7628022259219449
2026-05-03,1.4904927426095764
2026-05-04,6.74936488940458
2026-05-05,2.6044497207364308
2026-05-06,2.8532122582664683
2026-05-07,2.734540139736266
2026-05-09,0.6528637052057874
2026-05-10,2.426726088067458
2026-05-11,3.1757678843601513
2026-05-13,1.95706996683373
2026-05-14,4.1081505951002715
2026-05-15,3.0579898054066508
2026-05-16,1.099898407428748
2026-05-17,1.4781401322919847
2026-05-18,3.547481062838718
2026-05-20,2.104398509397384
2026-05-21,2.8788788708835833
2026-05-22,2.4223035526680863
2026-05-23,2.841756201693575
2026-05-24,2.108098528635593
2026-05-25,1.2817238141959828
2026-05-27,2.7280957677692887
2026-05-28,3.9205401266268183
2026-05-29,3.7642982242859144
2026-05-30,0.7430525024719045
2026-05-31,1.165623997899071
2026-06-01,3.969027977198816
2026-06-03,11.190296607755583
2026-06-04,23.991186530948053
2026-06-05,27.909169850309933
2026-06-06,10.04747116215312
2026-06-07,14.1886038612115
2026-06-08,8.055172847988665
2026-06-10,8.98611526214877
2026-06-11,5.543050761388415
2026-06-12,4.153305065510161
2026-06-13,1.2297609471838113
2026-06-14,2.8247121750790534
2026-06-15,3.904840200871943
2026-06-17,7.966810982194489
2026-06-18,5.351401615132441
2026-06-19,3.7639697478531433
2026-06-20,2.1302609509288017
2026-06-21,2.1693250508367785
2026-06-22,4.418507463663357
2026-06-24,7.029715375293478
2026-06-25,15.997555034385261
2026-06-26,11.686864707407564
2026-06-27,2.107557411771321
2026-06-28,3.9416218971115247
2026-06-29,8.461534614266368
2026-07-01,6.836417125181328
2026-07-02,5.439578321921211
2026-07-03,2.9093482508834816
2026-07-04,1.8377830252849086
2026-07-05,1.789838874176208
2026-07-06,7.447114282061522
2026-07-08,4.945459148654118
2026-07-09,4.5495786180486455
2026-07-11,1.2157284413815486
2026-07-12,1.1080719954637843
2026-07-13,3.7112728138420574
2026-07-14,3.993624983449076
2026-07-15,2.796220352108988
2026-07-16,2.82621396290654
2026-07-17,3.43961197311105
2026-07-18,0.5715348909088162
2026-07-19,0.9352027236989897
2026-07-20,5.345814887345728
2026-07-21,2.1806545442429526
2026-07-22,1.989541024550889
2026-07-23,1.982713545163022
2026-07-24,2.618559162840986
2026-07-25,0.41910604071689395
2026-07-26,0.8771035336306086
2026-07-27,3.1663957479465497
2026-07-28,3.1981341850214196
2026-07-29,4.198596312783993
2026-07-30,2.325029018479089
2026-07-31,2.870698217900546
2026-08-01,0.5661457337185895
2026-08-02,1.5945152412798858
2026-08-03,2.65564522755304
2026-08-04,2.0959506883690913
2026-08-05,2.197432594770919
2026-08-06,1.380761149681797
2026-08-08,0.16909219209386478
2026-08-09,0.4566010796032746
2026-08-10,1.974653781915899
2026-08-11,1.269772170092019
2026-08-12,1.378929449781166
2026-08-13,1.9952849620208497
2026-08-14,1.0770590211257993
2026-08-15,0.21207141151064166
2026-08-16,0.35976239524636633
2026-08-17,1.8855494666299444
2026-08-18,1.3679964525725632
2026-08-19,8.335521580950846
2026-08-20,9.28951440364895
2026-08-21,20.958547875062425
2026-08-23,4.205881426955973
2026-08-24,7.115960305474964
2026-08-26,3.9936922273942606
2026-08-27,4.578597768942291
2026-08-28,5.999501687877971
2026-08-29,0.8424415037827777
2026-08-31,3.9327277802894596
2026-09-01,3.5327084742291106
2026-09-02,4.010947355393893
2026-09-03,6.3042974789041635
2026-09-04,6.654470867090423
2026-09-05,0.5422838695948572
2026-09-06,0.9747365379294024
2026-09-07,1.9097952423128708
2026-09-08,2.215292108318146
2026-09-09,3.79008365391719
2026-09-10,2.906373893631561
2026-09-11,6.576798496771938
2026-09-12,0.2882062815491688
2026-09-13,0.8897397874953142
2026-09-14,4.678341181548223
2026-09-15,7.585063308911742
2026-09-16,4.732542550403191
2026-09-17,3.016944080426464
