date,zstar,lo,hi,end,reject
2012-01-01,1.7044762016285557,-1.819316332832614,2.206822740775049,365,False
2012-01-31,1.4451204382708072,-1.924977278572665,1.9046145517900732,395,False
2012-03-01,1.6568967831357408,-1.7965020359008423,2.318121645031035,425,False
2012-03-31,1.6286509929181894,-1.7523192247112382,2.230927586057426,455,False
2012-04-30,0.7244918810389105,-1.7869649042269835,2.1523939417597084,485,False
2012-05-30,-0.11140856629986316,-1.7307319473740748,1.9120603002935506,515,False
2012-06-29,-0.787963752384044,-1.5617679278891263,2.242205890578571,545,False
2012-07-29,-0.700413610344384,-1.617617237328626,2.199175141163416,575,False
2012-08-28,-0.5482988009646768,-1.5762733810793352,2.1475726253119705,605,False
2012-09-27,-0.10450504212344579,-1.398353828501843,2.2616322974532124,635,False
2012-10-27,0.3704972097286455,-1.7687652840874108,2.1816299827274794,665,False
2012-11-26,0.7285190083306246,-1.64402414653787,2.2691307296245995,695,False
2012-12-26,0.6763611591431935,-1.6114233971074436,2.182273803187062,725,False
2013-01-25,0.3497144485805257,-1.5150236966162811,2.2397328687861355,755,False
2013-02-24,1.2152146363503344,-1.632793568205954,2.280712539573484,785,False
2013-03-26,2.7084362186406774,-1.6622127245058183,2.0172023100200027,815,True
2013-04-25,0.9469449294402063,-1.5115854895645517,2.3198931655317985,845,False
2013-05-25,0.8452559352395493,-1.5335576015618697,2.313989613609509,875,False
2013-06-24,0.8995990596457987,-1.5678430998256545,2.339643641908978,905,False
2013-07-24,1.0530963578702703,-1.5334102665680998,2.292727600820885,935,False
2013-08-23,0.9855255263415631,-1.5700227674152285,2.102189799452534,965,False
2013-09-22,0.9776662886392585,-1.5690214091211823,2.3951316925546533,995,False
2013-10-22,0.9275148524150397,-1.615870894662845,2.596269880361103,1025,False
2013-11-21,0.8804498168994598,-1.802551485848868,2.038136632428411,1055,False
2013-12-21,0.6400223394005812,-1.7671649962327085,2.0214651577642715,1085,False
2014-01-20,0.5785034602925665,-1.6410807235730946,2.3258684072603,1115,False
2014-02-19,0.629411559775881,-1.6499051453614,2.243823917209222,1145,False
2014-03-21,0.39569452851525233,-1.7600801465254816,2.3015939964554124,1175,False
2014-04-20,-0.32194464268697165,-1.6109865359090192,2.5095575619200594,1205,False
2014-05-20,-0.1636318960040966,-1.6200150239847226,2.161590752548144,1235,False
2014-06-19,-0.15163797511077381,-1.6286308139166201,2.198241255477237,1265,False
2014-07-19,-0.31505361374539176,-1.5981072062081747,2.0112814614124273,1295,False
2014-08-18,-0.23346204057315792,-1.5828521175714763,2.237100506383179,1325,False
2014-09-17,-0.20891549408261761,-1.6056511148557924,2.3078064388387527,1355,False
2014-10-17,-0.13150253323837705,-1.6123588376045508,2.292523720441865,1385,False
2014-11-16,-1.1089693369485998,-1.8322589195860581,1.662479184801015,1415,False
2014-12-16,-1.4302972796268933,-1.6801953529309765,1.0867527325270445,1445,False
2015-01-15,-1.001414110429777,-1.7408922745657083,1.0519017011931062,1475,False
2015-02-14,-0.5436373006764781,-1.6562813893446093,2.2878679558495985,1505,False
2015-03-16,-0.22704122783084907,-1.5096816097615924,2.3071420476497195,1535,False
2015-04-15,0.00965142250671609,-1.438195723088541,2.1942688639633614,1565,False
2015-05-15,0.050269792226896724,-1.397905263244094,2.2598539586251687,1595,False
2015-06-14,-0.18183806480413597,-1.406002635062941,2.170339366581244,1625,False
2015-07-14,-0.16411821345248795,-1.365644130497255,2.1870840389409945,1655,False
2015-08-13,-0.2832396032085028,-1.421733283044421,2.199000031814959,1685,False
2015-09-12,-0.4232836557510624,-1.3897272818743238,2.1841215803556113,1715,False
2015-10-12,-0.6324090207527993,-1.430894545656404,2.277341353051585,1745,False
2015-11-11,-0.623123608340036,-1.7162208748047818,1.9341834626112144,1775,False
2015-12-11,-0.35570578513621676,-1.5429171273049627,2.1733338194309626,1805,False
2016-01-10,-0.9180181108934156,-1.5813881979018494,1.7566140017630172,1835,False
2016-02-09,-1.1708607391728685,-1.685788867294413,2.1452763986144148,1865,False
2016-03-10,-1.0075983370530601,-1.752949734847061,2.183107802617052,1895,False
2016-04-09,-1.0069958087537658,-1.783506391829379,2.1776217919026037,1925,False
2016-05-09,-0.893645722579958,-1.7594068711057675,2.213306305130884,1955,False
2016-06-08,-0.707426207114648,-1.7481414641380566,2.087738702785315,1985,False
2016-07-08,-0.6582773352936526,-1.831300172111654,2.2320183256776502,2015,False
2016-08-07,-0.4673874713705246,-1.705894235985869,2.1748753380405157,2045,False
2016-09-06,-0.01867134133314994,-1.674439673665452,2.2970213797102397,2075,False
2016-10-06,0.011231828148994066,-1.717106646596395,2.22947783260238,2105,False
2016-11-05,-0.5792001472645609,-1.8869580075681576,2.002772946682186,2135,False
2016-12-05,-0.5645276362631468,-1.6687124429886697,2.244332984155481,2165,False
2017-01-04,-0.2969871872626103,-1.9544356834382366,1.8679377599522773,2195,False
2017-02-03,-0.10607346238047882,-1.5160648345383447,2.110631595918887,2225,False
2017-03-05,-0.05241711989390234,-1.5862921364957308,2.510429743986804,2255,False
2017-04-04,-0.20593136340672374,-1.6396158334684012,2.2688928301184483,2285,False
2017-05-04,-0.08677817636833624,-1.5761106503991817,2.15009439074079,2315,False
2017-06-03,-0.029466603913901792,-1.597996304922223,2.067246333727264,2345,False
2017-07-03,-0.12161041403249648,-1.6720231919064752,2.0901308815505364,2375,False
2017-08-02,-0.3268937937950313,-1.8151579049586766,2.1158271081650097,2405,False
2017-09-01,-0.045533579366026915,-1.7506108665102942,2.117672087639422,2435,False
2017-10-01,-0.5743380801049074,-1.694039118546971,2.179810727346171,2465,False
2017-10-31,-0.5455354289551739,-1.8526123980907878,2.3181480865046074,2495,False
2017-11-30,-0.11829214878397956,-1.8335621052892037,2.1300721309841393,2525,False
2017-12-30,-0.0622372069985775,-1.7670618247586611,2.1886002659904764,2555,False
2018-01-29,0.044380084080261,-1.800025090749219,2.1012455551721443,2585,False
2018-02-28,0.18968443162262816,-1.682383202428869,2.243626546582693,2615,False
2018-03-30,0.5193745977762303,-1.76740681245504,2.0750026405304984,2645,False
2018-04-29,0.42424331542747723,-1.6793084967634782,2.1459767606112865,2675,False
2018-05-29,0.4101585920303224,-1.8793887864776424,2.203148064407718,2705,False
2018-06-28,0.45056747394459407,-1.7668631639801349,2.2218566443413974,2735,False
2018-07-28,0.5835776387221173,-1.7521613696442762,2.1172668194501405,2765,False
2018-08-27,0.465982091454047,-1.6957803748875844,2.2253706798410944,2795,False
2018-09-26,0.9889706197927846,-1.7242376919780313,2.0907383630537932,2825,False
2018-10-26,0.8713982809894106,-1.6624201266689507,2.2356580316723424,2855,False
2018-11-25,0.5500458220065649,-1.6975080185718838,2.2462409859173853,2885,False
2018-12-25,0.07594639036870232,-1.935086454270824,1.9973004072528975,2915,False
2019-01-24,0.6727763584001143,-1.6767369371000396,2.175538877135741,2945,False
2019-02-23,0.7554702955752651,-1.7573742746180363,2.224811250556857,2975,False
2019-03-25,0.285268171116014,-1.7762524531696313,1.9729972804419693,3005,False
2019-04-24,0.6034458000254375,-1.8770781124238964,2.098600316820796,3035,False
2019-05-24,0.9604763933243673,-1.7427177133221188,1.9613375215971787,3065,False
2019-06-23,1.1639213362021184,-1.8621892372967774,2.317488749302103,3095,False
2019-07-23,-0.10580246203049612,-1.7392368491730326,1.9826634427011611,3125,False
2019-08-22,0.059699913980069304,-1.6549527350812012,2.011430741573114,3155,False
2019-09-21,0.01879299761031758,-1.6424416750246795,2.2704748536611032,3185,False
2019-10-21,0.2655359421089271,-1.604801203333684,2.3700685603549996,3215,False
2019-11-20,-0.3071843448252347,-1.74804578312078,2.3054171262985594,3245,False
2019-12-20,-0.3102991645799501,-1.72454041909992,2.313260706664034,3275,False
2020-01-19,-0.07936811729774586,-1.7241811120238937,2.3665867890148693,3305,False
2020-02-18,-0.07593820934947201,-1.6635222240265066,2.3664438524522127,3335,False
2020-03-19,-0.3187270974942056,-1.7997446433507014,1.945023476657945,3365,False
2020-04-18,-0.3654302394384597,-1.5567962840741258,2.2549251495263514,3395,False
2020-05-18,-0.48445454344373207,-1.6576315729614026,2.3795754270375893,3425,False
2020-06-17,-0.6427380084141154,-1.6281305548292657,2.0261119890331636,3455,False
2020-07-17,-0.26762363252470556,-1.53970097412379,1.9651110314695233,3485,False
2020-08-16,-0.43139141670028014,-1.6082848531857408,2.0382703555075814,3515,False
2020-09-15,-0.43288691485110653,-1.4858999859785569,2.087461242190253,3545,False
2020-10-15,-0.5974484068907321,-1.5657200621910792,2.0962029756591565,3575,False
2020-11-14,-0.5649649473739798,-1.5322792718235478,2.100161176507336,3605,False
2020-12-14,-0.7915281095828612,-1.6252865782183439,2.032387632560695,3635,False
2021-01-13,-0.2520733471968846,-1.6626362521937286,1.8877109919825164,3665,False
2021-02-12,-0.4390437471779539,-1.6896181292094656,2.172824048890002,3695,False
2021-03-14,-0.846033916530981,-1.935787609061296,2.112827210958003,3725,False
2021-04-13,-0.37013033654782385,-1.944973681611606,2.1858488502318116,3755,False
2021-05-13,-0.2292647977273246,-1.9659622290605572,1.9027036624123048,3785,False
2021-06-12,0.09505001542952864,-1.7216935250805714,2.2254607070434624,3815,False
2021-07-12,-0.12075324112499858,-1.7968386649786363,2.214667206843543,3845,False
2021-08-11,0.2508023289941968,-1.7914336780291058,2.3678457170039424,3875,False
2021-09-10,-0.037044290194834226,-1.6375623130155716,2.0991611349963004,3905,False
2021-10-10,0.09400868921137595,-1.7150740056291123,2.198124132142741,3935,False
2021-11-09,-0.0491561114132235,-1.7131082066778653,2.2342173334540716,3965,False
2021-12-09,0.1401769916013609,-1.93137097937769,2.136291436881239,3995,False
2022-01-08,-0.7855983854248397,-1.8642904250150816,2.152649016137278,4025,False
2022-02-07,-0.6964249757877093,-2.1238425851532123,1.7908223258611051,4055,False
2022-03-09,-0.7024407442631038,-1.906491563621601,2.2901745195221865,4085,False
2022-04-08,-0.6056509038311486,-1.8187867637701585,2.3583147516906533,4115,False
2022-05-08,-0.8408900019932095,-1.909096564023498,2.1846149571200075,4145,False
2022-06-07,-0.7327692935703681,-1.9956144558162408,1.8324411328001724,4175,False
2022-07-07,0.6885810440242723,-1.8008880913353944,2.04967926807811,4205,False
2022-08-06,0.10641374165521854,-1.79951408108026,2.1723986792771304,4235,False
2022-09-05,0.2543996302968882,-1.813978468287169,2.0545677975451513,4265,False
2022-10-05,-0.10732574904797318,-1.8907023293022904,2.19190907301146,4295,False
2022-11-04,0.08589920257822757,-1.9525908087093848,2.1086046623556927,4325,False
2022-12-04,0.05989281322429038,-1.653882762030197,2.2250265437858836,4355,False
2023-01-03,0.12504117223631328,-1.7993285677683533,2.070801758263796,4385,False
2023-02-02,0.38623780922016887,-1.8852620631315002,2.201642012497901,4415,False
2023-03-04,0.46470924256238316,-1.7597758085710382,2.268157784364395,4445,False
2023-04-03,0.8924672804589682,-1.7542115366971711,2.280663846287858,4475,False
2023-05-03,1.0320784979733146,-1.715601287519045,2.0252842171991268,4505,False
2023-06-02,1.1414715568608973,-1.6859563728016707,2.1407496450559997,4535,False
2023-07-02,0.44555712594179553,-1.51842582769347,2.265174111529504,4565,False
2023-08-01,0.38114071217371903,-1.5335459519153525,2.296807126964222,4595,False
2023-08-31,0.39914601037988573,-1.5407342293152597,2.3326276730282163,4625,False
2023-09-30,0.5763048684482825,-1.4798305133230525,2.32474570416624,4655,False
2023-10-30,0.8309425001610197,-1.5045818813185143,2.230109166457364,4685,False
2023-11-29,1.2058650433246125,-1.856760471861537,2.204327321757092,4715,False
2023-12-29,1.3556219660807656,-1.77695073330394,2.042436201654183,4745,False
2024-01-28,0.3992679914411363,-1.9796820849837267,2.0843535114964413,4775,False
2024-02-27,0.7474655804712197,-1.896837363642801,1.957727338446965,4805,False
2024-03-28,-0.06243666622650105,-1.6892518276534838,2.2308069038813785,4835,False
2024-04-27,-0.2462007087741594,-1.7856656482487852,2.1571435895901057,4865,False
2024-05-27,-0.4903988546817998,-1.625151264820392,2.360748612243632,4895,False
2024-06-26,-0.5352859589485277,-1.764179580965864,1.9790833636437781,4925,False
2024-07-26,-0.3593151714391311,-1.7524750137706595,2.0731363524599735,4955,False
2024-08-25,-0.6104744858867471,-1.9054878945243474,2.0772925790463663,4985,False
2024-09-24,-0.3918747411902824,-1.7295769197402986,2.3054429726438603,5015,False
2024-10-24,-0.5943005073559998,-1.661348853524049,1.980285065823494,5045,False
2024-11-23,-0.037619216614488984,-1.786496001653854,2.151866310393374,5075,False
2024-12-23,-0.23431715522516441,-1.7620448011318106,1.996054862913588,5105,False
2025-01-22,-0.17712253315722645,-1.7180917511080829,2.217964661132043,5135,False
2025-02-21,-0.46678623575661116,-1.7650247104952714,2.186320647892497,5165,False
2025-03-23,-0.7628242465121213,-1.783915589595282,2.047431068743892,5195,False
2025-04-22,-0.9601492609039098,-1.8088159346216754,2.1013932865074527,5225,False
2025-05-22,-0.4757379362843204,-1.9468421846461599,2.0732297444412016,5255,False
2025-06-21,-0.6180323442326747,-1.7578542412329383,2.2549102120986437,5285,False
2025-07-21,-0.6856453405538911,-1.7394810278679127,2.212111914146022,5315,False
2025-08-20,-0.8110303879858517,-1.854282996880369,2.024351327198913,5345,False
2025-09-19,-0.8712020148071974,-1.690703696181987,2.1028625268589423,5375,False
2025-10-19,-0.7701770757162004,-1.6899722646616921,2.0850911523323044,5405,False
2025-11-18,-1.2076996329998955,-1.7408080831573072,2.143946112920521,5435,False
2025-12-18,-1.0405866839997657,-1.8502183005737742,2.0149158460635785,5465,False
2026-01-17,-1.0164491561767686,-1.726370636333823,2.1853303538007967,5495,False
2026-02-16,-0.8499958918988647,-1.5390089237123439,2.2077341851538663,5525,False
2026-03-18,-0.9076430411532793,-1.6980838433483116,2.035312920192829,5555,False
2026-04-17,-0.6300256911260674,-1.585014131963533,2.104203589005547,5585,False
2026-05-17,-0.883526638042357,-1.5398003802600257,2.0513902041917556,5615,False
2026-06-16,-0.45397607380696386,-1.6172893956215173,2.03656189346848,5645,False
2026-07-16,-0.5703158899615924,-1.544271467171772,2.014137234996995,5675,False
2026-08-15,-0.5622419988631411,-1.5288282392921317,1.9732539849998447,5705,False
2026-09-14,0.06551061019218317,-1.6003736569074527,2.104725258263752,5735,False
