,H_dfa,band_lo,band_hi,shuf_lo,shuf_hi
stoxx,0.488468,0.437275,0.575475,0.451728,0.549317
sp500,0.493941,0.440966,0.565342,0.450573,0.537158
mxx,0.499726,0.447945,0.561284,0.445698,0.545847
nikkei,0.502834,0.444254,0.559064,0.455355,0.545828
hsi,0.503221,0.441795,0.5681,0.451704,0.535857
bvsp,0.50328,0.44762,0.542039,0.450821,0.546165
xu100,0.506792,0.442085,0.569729,0.457849,0.53614
eurron,0.530318,0.425894,0.612637,0.453243,0.54957
nsei,0.530641,0.436151,0.556745,0.45024,0.535088
wig20,0.531702,0.45622,0.558243,0.456667,0.54387
bux,0.538693,0.444039,0.561414,0.456021,0.546509
px,0.551903,0.44277,0.574518,0.457848,0.547
ssec,0.553888,0.437857,0.558269,0.449633,0.545076
btc,0.576424,0.44766,0.574669,0.444518,0.546037
bet,0.580214,0.434754,0.560512,0.443625,0.550584
eth,0.581212,0.437866,0.560721,0.448499,0.552691
