lag,b_ret,b_sq
2,-1.43446e-08,3.898e-05
3,2.99851e-05,-2.62288e-05
4,0.000120485,6.40472e-05
5,-1.18261e-06,-7.55364e-06
6,6.42622e-05,-1.81504e-05
7,9.30564e-05,1.91425e-05
8,9.82942e-05,1.85996e-05
9,0.000105643,-2.69178e-05
10,0.000113574,-2.04132e-05
11,0.000131013,6.77352e-05
12,0.000144264,3.74912e-05
13,1.58525e-05,-7.21754e-06
14,-6.4939e-05,3.44005e-05
15,-6.72872e-05,-1.99333e-05
16,-1.75942e-05,4.49474e-05
17,-1.35835e-05,4.20159e-05
18,-6.80186e-05,-1.18631e-05
19,-6.95764e-05,6.96468e-05
20,-7.03268e-05,1.87918e-06
21,-2.77882e-05,2.57237e-05
22,-6.75629e-05,-1.74627e-05
23,-9.1756e-06,8.18312e-05
24,4.07129e-06,1.34039e-05
25,-4.85482e-05,8.09045e-06
26,8.28803e-06,0.000105029
27,8.43641e-06,-2.44939e-05
28,-5.27822e-05,-3.14525e-06
29,-4.21948e-05,-2.99352e-05
30,-1.92842e-06,1.43321e-05
31,3.34023e-05,6.66418e-06
32,-1.34071e-05,-1.6362e-05
33,-3.51888e-06,3.18829e-05
34,-4.12015e-05,2.54759e-05
35,6.76983e-05,-1.86597e-05
36,1.59909e-05,2.36813e-05
37,3.12574e-05,3.9837e-05
38,-3.9538e-05,-6.17312e-05
39,-2.40252e-06,1.7013e-05
40,2.95778e-05,-6.2042e-05
41,9.38203e-05,5.23393e-05
42,-1.07787e-05,-8.00203e-05
43,1.45088e-05,-3.61701e-05
44,1.7967e-05,1.58658e-05
45,6.75326e-05,3.90479e-06
46,5.85505e-05,-4.09678e-05
47,6.3952e-05,3.2653e-05
48,5.35913e-05,4.03563e-05
49,5.95496e-06,-1.76636e-05
50,-2.37734e-05,6.79854e-05
51,6.18369e-06,-2.63935e-05
52,-8.92068e-06,-3.64078e-05
53,-4.17995e-05,4.18509e-05
54,8.94938e-05,5.20515e-05
55,-3.51413e-05,-4.79275e-05
56,-1.76946e-05,-4.75471e-07
57,3.31934e-05,-4.92969e-05
58,6.46538e-05,4.26252e-05
59,-1.21463e-05,-3.90264e-05
60,1.30671e-06,6.05714e-06
61,9.90961e-06,1.9239e-05
62,-1.5947e-05,5.2885e-05
63,2.0883e-05,-4.71284e-06
64,1.93545e-05,-6.93983e-06
65,-1.22375e-05,9.12455e-06
66,-1.35404e-05,1.73013e-05
67,-9.4632e-05,-2.56881e-05
68,-6.192e-05,-6.30413e-05
69,-7.02242e-05,1.4642e-05
70,-3.69789e-05,5.51418e-05
71,5.54421e-05,-5.1834e-06
72,8.14954e-05,2.97013e-05
73,-8.07e-05,-5.28072e-05
74,-8.39e-05,1.38353e-06
75,-8.78854e-07,3.06865e-05
76,-1.07677e-05,6.68677e-05
77,-3.51717e-05,8.50849e-06
78,4.27301e-05,2.5653e-05
79,-0.000102147,-3.2152e-07
80,-1.09915e-07,5.46479e-05
81,-6.21059e-05,2.74009e-06
82,-8.10852e-05,-3.75423e-05
83,2.8599e-05,2.5598e-05
84,3.98495e-05,-3.98533e-05
85,-7.89132e-05,4.87831e-06
86,1.14281e-05,-4.58756e-05
87,1.529e-05,-2.11605e-05
88,1.35463e-05,1.61535e-06
89,-8.05993e-05,-1.47113e-05
90,-0.000176289,-4.047e-06
91,-7.42923e-05,-6.44196e-05
92,-3.32067e-05,-2.05176e-08
93,-6.57501e-05,-5.21587e-06
94,-1.6047e-05,-3.96384e-05
95,-3.67699e-05,2.29003e-05
96,2.99213e-05,-1.55959e-05
97,-5.86139e-05,-3.05002e-05
98,-1.50683e-05,6.57368e-05
99,2.07322e-05,-7.85849e-06
100,-9.63041e-05,4.26074e-05
101,-5.10361e-05,-3.73228e-05
102,4.17291e-05,1.87915e-05
103,-3.22817e-05,-2.915e-05
104,-9.34144e-05,8.81931e-06
105,-3.68678e-05,8.27357e-06
106,-6.14738e-05,-4.20418e-05
107,-8.56621e-05,3.98177e-05
108,-1.11395e-05,4.62198e-05
109,-7.4618e-06,9.13463e-06
110,8.83497e-06,-2.89258e-05
111,-8.61703e-06,3.47257e-05
112,-3.12557e-05,4.32376e-05
113,8.21314e-06,4.09141e-05
114,-8.42957e-05,-9.21249e-05
115,-5.87085e-05,-2.81663e-06
116,-2.19031e-05,-4.33068e-05
117,-3.749e-05,-2.60209e-05
118,3.66516e-05,4.50622e-05
119,2.68241e-05,3.76068e-06
120,1.64129e-05,8.83189e-06
