,sp500,bet,btc
2002-01-02,-0.7492907167711855,,
2002-01-07,,1.7020509190376911,
2002-02-01,-0.6935856443660899,,
2002-02-05,,1.7355290589571049,
2002-03-05,-0.6376647310346705,,
2002-03-06,,1.6503580307588308,
2002-04-04,-0.644977329831063,1.7620068948619316,
2002-05-03,-0.563408899279814,,
2002-05-09,,2.026568237126675,
2002-06-04,-0.868107367340413,,
2002-06-07,,2.104750854809804,
2002-07-03,-0.9126867332000564,,
2002-07-08,,2.175860739655452,
2002-08-02,-0.5447288032045637,,
2002-08-06,,2.259093857325002,
2002-09-03,-0.5738128693639873,,
2002-09-04,,1.8172878938517507,
2002-10-02,-0.710940026092862,,
2002-10-03,,2.053339255523451,
2002-10-31,-0.3754882286190856,,
2002-11-01,,1.8408134728549632,
2002-12-02,-0.3815643039487362,1.8687029885274473,
2003-01-02,-0.47670770865408285,,
2003-01-15,,2.0361004714775994,
2003-02-04,-0.19769038146618018,,
2003-02-13,,2.176480062377596,
2003-03-06,-0.3001549161584805,,
2003-03-14,,2.3438530400654565,
2003-04-04,-0.1864112276792681,,
2003-04-14,,2.2410297853496837,
2003-05-06,-0.1966037112352392,,
2003-05-23,,2.4460996585013466,
2003-06-05,-0.20001492202404902,,
2003-06-23,,2.642530896406054,
2003-07-07,-0.30564257301595893,,
2003-07-22,,2.50834145642161,
2003-08-05,-0.29297327667187467,,
2003-08-20,,2.6689341834116904,
2003-09-04,-0.25925898809124204,,
2003-09-18,,2.276300447224882,
2003-10-03,-0.8140080331299352,,
2003-10-17,,2.2761158115768225,
2003-11-03,-0.7463150649602525,,
2003-11-17,,2.336106561968981,
2003-12-03,-0.7099198681065114,,
2003-12-17,,2.4329281915101957,
2004-01-05,-0.70805888335219,,
2004-01-29,,2.4954113582795183,
2004-02-04,-0.6513127584665869,,
2004-02-27,,2.724296107938724,
2004-03-05,-0.6594819508399682,,
2004-03-29,,2.9256005371971416,
2004-04-05,-0.6065536583149651,,
2004-04-28,,2.269318248157354,
2004-05-05,-0.48117057223206455,,
2004-05-27,,2.36248349492368,
2004-06-04,-0.453008551358446,,
2004-06-25,,2.1598237592075344,
2004-07-07,-0.37593329183363455,,
2004-07-26,,2.1193973229314693,
2004-08-05,-1.030606196544825,,
2004-08-24,,2.126832264317647,
2004-09-03,-0.8540018509501296,,
2004-09-22,,1.8080170762083851,
2004-10-05,-1.0886471354579612,,
2004-10-21,,2.227200088085756,
2004-11-03,-1.4780888898810634,,
2004-11-19,,2.839680886048618,
2004-12-03,-1.2244902241387308,,
2004-12-21,,2.5459833419687787,
2005-01-04,-0.9742507633740626,,
2005-01-26,,2.7587217186213904,
2005-02-03,-1.399884541589328,,
2005-02-24,,1.6777525308735668,
2005-03-07,-1.641240703687635,,
2005-03-25,,2.6993204253492262,
2005-04-06,-1.4146729168846877,,
2005-04-25,,1.709097422197894,
2005-05-05,-1.1966573306433108,,
2005-05-25,,1.784838291799055,
2005-06-06,-1.4678976896310578,,
2005-06-23,,1.733693714260995,
2005-07-06,-1.2433205163640633,,
2005-07-29,,1.7486243551352771,
2005-08-04,-1.0724045557440962,,
2005-08-29,,1.8271635132048634,
2005-09-02,-1.1531620882263356,,
2005-09-27,,1.8485598621732229,
2005-10-04,-1.3428482988753192,,
2005-10-26,,1.7736645463938967,
2005-11-02,-1.4233622707403024,,
2005-11-24,,1.83340980534589,
2005-12-02,-1.1852877696002826,,
2006-01-04,-1.3327619797857426,1.6671540139363537,
2006-02-02,,1.7294000718593068,
2006-02-03,-1.178550117235701,,
2006-03-03,,1.564425839083207,
2006-03-07,-1.4697422527589448,,
2006-04-03,,1.6217183428259416,
2006-04-05,-1.5019474650386,,
2006-05-04,,1.6787100023239279,
2006-05-05,-1.4326775470771465,,
2006-06-02,,1.5806805997456075,
2006-06-06,-1.2966459532776715,,
2006-07-03,,1.4917298659724698,
2006-07-06,-1.3650524909674553,,
2006-08-01,,1.7011379026984828,
2006-08-04,-1.495371442843234,,
2006-08-30,,1.7081340605713953,
2006-09-05,-1.3165193751415012,,
2006-09-28,,1.6614200865013495,
2006-10-04,-1.5355942138414094,,
2006-10-27,,1.508250659648339,
2006-11-02,-1.7797239271131151,,
2006-11-27,,1.478268692797556,
2006-12-04,-1.6699824702471322,,
2007-01-05,-1.7239648694306984,,
2007-01-10,,0.967071384231712,
2007-02-06,-1.6854683263929968,,
2007-02-08,,0.7983277631629541,
2007-03-08,-1.4778306384177091,,
2007-03-09,,0.9135594573096597,
2007-04-09,-1.5766640537617163,,
2007-04-10,,0.8339656034014643,
2007-05-08,-1.2064565805756902,,
2007-05-11,,0.24042845354129666,
2007-06-07,-1.4209640200291083,,
2007-06-11,,0.30135172404320193,
2007-07-09,-1.3554395880480692,,
2007-07-10,,0.5657416806177666,
2007-08-07,-1.312044871289533,,
2007-08-08,,0.31473526952126213,
2007-09-06,-1.524793637782056,0.5704271086242899,
2007-10-05,-1.8187558242907216,0.6237404576332184,
2007-11-05,-1.744279330143103,0.42416712090889314,
2007-12-04,,0.6156444862303154,
2007-12-05,-1.8983776776168635,,
2008-01-08,-1.649314481675216,,
2008-01-14,,0.6071973820041767,
2008-02-07,-1.4769785084440215,,
2008-02-12,,0.7827305957099406,
2008-03-10,-1.3693855515095166,,
2008-03-12,,0.8162102192637204,
2008-04-09,-1.834784841921119,,
2008-04-10,,0.7060644105125147,
2008-05-08,-1.9741750245227008,,
2008-05-14,,0.8202581115269374,
2008-06-09,-2.1222022745711118,,
2008-06-12,,1.305081280888052,
2008-07-09,-2.051429364901003,,
2008-07-11,,1.2968032014112425,
2008-08-07,-2.314084861337144,,
2008-08-11,,1.27468686729146,
2008-09-08,-2.557210299618713,,
2008-09-09,,1.3248622462204405,
2008-10-07,-2.320183989570444,,
2008-10-08,,0.8416357402151213,
2008-11-05,-1.86134796864746,,
2008-11-06,,1.150047672133055,
2008-12-05,-2.0291042849571723,,
2008-12-08,,1.2166739083697993,
2009-01-07,-2.021897051757816,,
2009-01-16,,0.7165232600883411,
2009-02-06,-2.103195822754296,,
2009-02-16,,0.8642788497620919,
2009-03-10,-2.151611565285689,,
2009-03-17,,0.7760815939063003,
2009-04-08,-2.050235110646807,,
2009-04-15,,1.093455522771452,
2009-05-08,-2.1014095758712,,
2009-05-18,,0.9304388455746504,
2009-06-09,-2.1422331115553774,,
2009-06-17,,1.0018094781253937,
2009-07-09,-2.1638521486714692,,
2009-07-16,,0.8596124905400849,
2009-08-07,-2.0320317951009805,,
2009-08-14,,0.9661041865844849,
2009-09-08,-2.00267995417177,,
2009-09-14,,1.0076372029627634,
2009-10-07,-1.990069795228567,,
2009-10-13,,0.8986623196710875,
2009-11-05,-1.973118820214952,,
2009-11-11,,0.8972275773311306,
2009-12-07,-1.9070481720128933,,
2009-12-11,,0.8891299617137605,
2010-01-07,-1.9616927112974718,,
2010-01-19,,0.7649940304460893,
2010-02-08,-1.9589210385464357,,
2010-02-17,,0.947037035386899,
2010-03-10,-1.8764068098848972,,
2010-03-18,,0.9638701310886484,
2010-04-09,-1.8287275726936276,,
2010-04-19,,0.9616757612261461,
2010-05-10,-1.878684740579268,,
2010-05-18,,0.5993087757369678,
2010-06-09,-1.8783101736255576,,
2010-06-17,,0.15605934571935426,
2010-07-09,-1.8161546459029179,,
2010-07-16,,0.18322170917701786,
2010-08-09,-1.7175981692612392,,
2010-08-16,,0.15626980733195717,
2010-09-08,-1.6861923901291793,,
2010-09-14,,-0.18301510926766718,
2010-10-07,-1.7717669672342868,,
2010-10-13,,-0.052930708295094185,
2010-11-05,-1.3762395774407545,,
2010-11-11,,-0.8355416445343089,
2010-12-07,-0.8869048230179777,,
2010-12-13,,-0.8298814584891737,
2011-01-06,-1.2162193051226335,,
2011-01-13,,-0.9201642302859665,
2011-02-07,-0.8924495971735492,,
2011-02-11,,-0.9369042146299243,
2011-03-09,-1.838895724131661,,
2011-03-14,,-1.1901347064829946,
2011-04-07,-1.1458883709146743,,
2011-04-12,,-0.9768908254231375,
2011-05-09,-0.7188222864126455,,
2011-05-12,,-0.8842407743357502,
2011-06-08,-0.48735088761361256,,
2011-06-10,,-0.9796059827090915,
2011-07-08,-0.7444348287197802,,
2011-07-12,,-1.0818381008952935,
2011-08-08,-0.5477124328678272,,
2011-08-10,,-0.7621975892461123,
2011-09-07,-0.6607123590381261,,
2011-09-09,,-0.711942371148121,
2011-10-06,-0.7933407900070711,,
2011-10-10,,-0.7669407236829728,
2011-11-04,-0.842417459065321,,
2011-11-08,,-0.8236816169197962,
2011-12-06,-0.6799281232555697,,
2011-12-08,,-0.7258228636790384,
2012-01-06,-0.6954285829369432,,
2012-01-11,,-0.8573559595903505,
2012-02-07,-0.7123378839019417,,
2012-02-09,,-0.684742160885463,
2012-03-08,-0.7446864273601016,,
2012-03-09,,-0.7460392604992985,
2012-04-09,-0.7385360149347183,-0.684482905652944,
2012-05-08,-0.6687619263086929,,
2012-05-10,,0.04702827224006086,
2012-06-07,-0.47029519276814324,,
2012-06-11,,0.9398110370341438,
2012-07-09,-0.7594148010092813,,
2012-07-10,,1.0912983428369536,
2012-08-07,-0.7229589073058514,,
2012-08-08,,1.3145297022574616,
2012-09-06,-0.7603876314557771,,
2012-09-07,,1.4214727829405298,
2012-10-05,-0.6664643568790026,,
2012-10-08,,1.5744709229315443,
2012-11-06,,1.6801417327004253,
2012-11-07,-0.7361353866991546,,
2012-12-06,,1.7176865845115439,
2012-12-07,-0.5990866184329756,,
2013-01-09,-0.6216086480175528,,
2013-01-14,,1.923227463296419,
2013-02-08,-0.6101075538132359,,
2013-02-12,,1.9335468597463785,
2013-03-12,-0.5891990652207136,,
2013-03-13,,2.228798142095311,
2013-04-11,-0.6088708385258728,2.2776804976921894,
2013-05-10,-0.6421480340781034,,
2013-05-14,,2.281047337875495,
2013-06-11,-0.6808868688356885,,
2013-06-12,,2.2898170516509886,
2013-07-11,-0.7160938140302291,,
2013-07-12,,2.2863062812958166,
2013-08-09,-1.2678681330169652,,
2013-08-12,,2.285888224294525,
2013-09-10,-0.9982352281804053,,
2013-09-11,,2.8814059088323525,
2013-10-09,-1.1835659577788709,,
2013-10-10,,3.7878423426706584,
2013-11-07,-0.264660726416166,,
2013-11-08,,4.233132922435438,
2013-12-09,-1.0031048539379106,3.841688922908926,
2014-01-09,-0.8141022204843165,,
2014-01-15,,3.9219213014540664,
2014-02-10,-0.8871122872771353,,
2014-02-13,,3.5553437155445313,
2014-03-12,-0.7604412417098845,,
2014-03-14,,3.2744904550072818,
2014-04-10,-0.877706978797692,,
2014-04-14,,3.1309082631540877,
2014-05-12,-1.319211313698804,,
2014-05-15,,1.7666554566771284,
2014-06-11,-1.1189584322080177,,
2014-06-16,,2.187836088543545,
2014-07-11,-1.110930654972088,,
2014-07-15,,2.5559330419043973,
2014-08-11,-0.9974424949770616,,
2014-08-13,,2.620867510783947,
2014-09-10,-0.9052877603790556,,
2014-09-12,,2.5722465893058977,
2014-10-09,-1.2720267685792064,,
2014-10-13,,2.3501030872452664,
2014-11-07,-0.6961222574465544,,
2014-11-11,,2.459978109377708,
2014-12-09,-0.6545276671578713,,
2014-12-11,,2.369681145380364,
2015-01-09,-0.24177614920550322,,
2015-01-19,,1.3360396949793365,
2015-02-10,-0.3033129102792673,,
2015-02-17,,1.3185287349050105,
2015-03-12,-0.19794914701577757,,
2015-03-18,,1.4703790511364676,
2015-04-13,-0.06025349098379569,,
2015-04-17,,1.5132119101834194,
2015-05-12,-0.31801756139994775,,
2015-05-19,,1.6131531757219812,
2015-06-11,-0.20814738836554367,,
2015-06-18,,1.7558787488890852,
2015-07-13,-0.4816023122080736,,
2015-07-17,,1.8486523079750024,
2015-08-11,-0.5092340236680781,,
2015-08-17,,1.296877081081746,
2015-09-10,-0.29247343180570784,,
2015-09-15,,0.4117649279672483,
2015-10-09,-0.10448326893556742,,
2015-10-14,,0.32670607565844856,
2015-11-09,-0.1034126770604103,,
2015-11-12,,0.24119641747896833,
2015-12-09,-0.19892969410388656,,
2015-12-15,,0.26289396216668875,
2016-01-11,-0.061845238586042066,,
2016-01-19,,0.4626062821946741,
2016-01-30,,,-0.619848455008014
2016-02-10,-0.34998862405699616,,
2016-02-17,,0.41019295240468145,
2016-02-20,,,-0.6370003110755316
2016-03-11,-0.2606104719781353,,
2016-03-12,,,-0.6463874852825917
2016-03-17,,0.7434315797023097,
2016-04-02,,,-0.6516238773149523
2016-04-12,-0.23084174957171355,,
2016-04-15,,0.7642074343824836,
2016-04-23,,,-0.6123321525961364
2016-05-11,-0.1966066766781232,,
2016-05-14,,,-0.689460142571075
2016-05-17,,0.7753458422727972,
2016-06-04,,,-1.1224274731499067
2016-06-10,-0.24110356706969002,,
2016-06-15,,0.5262164821427999,
2016-06-25,,,-0.7692870651030573
2016-07-12,-0.35070461947090426,,
2016-07-15,,0.22324747191154287,
2016-07-16,,,-0.7508516263816813
2016-08-06,,,-0.5803620386214504
2016-08-10,-0.370333429362543,,
2016-08-16,,0.23196754197278172,
2016-08-27,,,-0.6118441401738903
2016-09-09,-0.45605746168561545,,
2016-09-14,,0.2504659311633988,
2016-09-17,,,-0.5008803742614671
2016-10-08,,,-0.4917963650178113
2016-10-10,-0.5849502965719331,,
2016-10-13,,0.06094931337773814,
2016-10-29,,,-0.5266437473080718
2016-11-08,-0.7702150568477458,,
2016-11-11,,0.026899631840800187,
2016-11-19,,,-0.6666547349645041
2016-12-08,-0.7629537985486066,,
2016-12-10,,,-0.6090775054354338
2016-12-14,,-0.3263503572700135,
2016-12-31,,,-0.23494415340532177
2017-01-11,-0.7802847932500304,,
2017-01-16,,-0.17470616925209015,
2017-01-21,,,-0.3797901947929096
2017-02-10,-0.7255353273526925,,
2017-02-11,,,-0.38256300478621963
2017-02-15,,-0.10076450135602888,
2017-03-04,,,-0.29274521506891793
2017-03-14,-0.6780459197529114,,
2017-03-16,,0.01695018240950056,
2017-03-25,,,-0.7652394174925307
2017-04-12,-0.6155213450560396,,
2017-04-14,,-0.08746157559080237,
2017-04-15,,,-0.6367509678308448
2017-05-06,,,-0.48201535728871936
2017-05-12,-0.5282245562258926,,
2017-05-17,,-0.05350046378073249,
2017-05-27,,,-0.5265852137813418
2017-06-13,-0.5139734902673783,,
2017-06-17,,,0.06185303730480254
2017-06-20,,0.024475969356528703,
2017-07-08,,,0.0551826553759935
2017-07-13,-0.5569612449215235,,
2017-07-19,,-0.02023422193404601,
2017-07-29,,,-0.13302263359395722
2017-08-11,-0.6683016586661373,,
2017-08-18,,-0.45892436539966713,
2017-08-19,,,0.13790868775421325
2017-09-09,,,-0.0027361652096496362
2017-09-12,-0.9696502863049486,,
2017-09-18,,0.47480669878017556,
2017-09-30,,,-0.4064925991237921
2017-10-11,-1.1434760963377124,,
2017-10-17,,0.6011440791721383,
2017-10-21,,,-0.3534643328345418
2017-11-09,-1.2330704725906612,,
2017-11-11,,,-0.42070807288906514
2017-11-15,,0.6120208748083719,
2017-12-02,,,-0.019427669113566255
2017-12-11,-1.0434236596079698,,
2017-12-18,,0.41011668534971185,
2017-12-23,,,0.05036055461697746
2018-01-11,-1.5072184895002387,,
2018-01-13,,,-0.00966326433702434
2018-01-22,,0.634367615527893,
2018-02-03,,,0.025312395914077888
2018-02-12,-0.9161134465758934,,
2018-02-21,,0.666487336429961,
2018-02-24,,,0.01918292241565137
2018-03-14,-0.7551426061194024,,
2018-03-17,,,0.21456188030338008
2018-03-22,,0.9925496460505595,
2018-04-07,,,0.35975579789544976
2018-04-13,-0.9526491885566439,,
2018-04-24,,0.8448879443886306,
2018-04-28,,,0.25053834948050413
2018-05-14,-0.842921866724324,,
2018-05-19,,,0.23762511235427028
2018-05-24,,1.0803198300155739,
2018-06-09,,,0.44943294502756076
2018-06-13,-0.9657731377273323,,
2018-06-26,,1.2425721561673775,
2018-06-30,,,0.4454172845900661
2018-07-13,-0.7388277633840226,,
2018-07-21,,,0.47813209648101623
2018-07-25,,2.0497442735218443,
2018-08-11,,,0.6566371794430395
2018-08-13,-0.7175653775543902,,
2018-08-24,,2.151618082038002,
2018-09-01,,,0.6524596902633133
2018-09-12,-0.5787741369227241,,
2018-09-22,,,0.580431065134351
2018-09-24,,2.176962265676512,
2018-10-11,-0.5183859770959766,,
2018-10-13,,,0.5352479740298369
2018-10-23,,2.154853290781066,
2018-11-03,,,0.5607211788844153
2018-11-09,-0.5168632196126882,,
2018-11-21,,2.1053040163817984,
2018-11-24,,,0.613781161310249
2018-12-12,-0.43408042137793434,,
2018-12-15,,,0.8448593834017084
2018-12-21,,0.71533855787956,
2019-01-05,,,0.6014930748410032
2019-01-14,-0.2395165902037969,,
2019-01-26,,,0.4835084641047724
2019-01-28,,0.6955465452108176,
2019-02-13,-0.31037462469198784,,
2019-02-16,,,1.032742459932389
2019-02-26,,0.7123958817728334,
2019-03-09,,,0.8544643105344567
2019-03-15,-0.27805768947413145,,
2019-03-27,,0.7259849670341242,
2019-03-30,,,0.5834412562879514
2019-04-15,-0.282375816022068,,
2019-04-20,,,-0.32172735905116534
2019-04-25,,0.7136010166505776,
2019-05-11,,,0.19480949358089877
2019-05-15,-0.29696158026208636,,
2019-05-29,,0.6747082322763568,
2019-06-01,,,0.648494090028975
2019-06-14,-0.1700382128587839,,
2019-06-22,,,0.9695469466168288
2019-06-28,,0.5080374205404651,
2019-07-13,,,0.4276460713400657
2019-07-16,-0.10748017008766673,,
2019-07-29,,0.5865871320124062,
2019-08-03,,,0.13242047734708726
2019-08-14,-0.23929183790470762,,
2019-08-24,,,-0.04808474097452783
2019-08-28,,0.5146008022800442,
2019-09-13,-0.273406947190397,,
2019-09-14,,,0.30616070164578624
2019-09-26,,0.5431304302979482,
2019-10-05,,,0.47934705687000834
2019-10-14,-0.4094586156344951,,
2019-10-25,,0.508141743716612,
2019-10-26,,,0.08071535416086968
2019-11-12,-0.3384669484579952,,
2019-11-16,,,0.42767531992660873
2019-11-25,,0.4926745241063651,
2019-12-07,,,0.425113942212223
2019-12-12,-0.36097411650287814,,
2019-12-27,,0.45404953749916677,
2019-12-28,,,0.21562216051282798
2020-01-14,-0.41904300130668715,,
2020-01-18,,,0.14439949902648364
2020-01-31,,0.38437761350268096,
2020-02-08,,,0.21652397477524035
2020-02-13,-0.6810374170104562,,
2020-02-29,,,0.24199838411696273
2020-03-02,,0.27315161108516434,
2020-03-16,-0.8559424026782619,,
2020-03-21,,,-0.15392000497256883
2020-03-31,,0.6121489495726703,
2020-04-11,,,-0.3993710782819065
2020-04-15,-0.7049531880087864,,
2020-05-02,,,-0.6041964053434966
2020-05-04,,0.6710558124049483,
2020-05-14,-0.7789122340179436,,
2020-05-23,,,-0.5238674527661341
2020-06-03,,0.6914549968704025,
2020-06-13,,,-0.5219019157345152
2020-06-15,-0.8175240880427708,,
2020-07-03,,0.615692046040355,
2020-07-04,,,-0.523691917568853
2020-07-15,-0.8425476347834977,,
2020-07-25,,,-0.4689379454430686
2020-08-03,,0.6270519702621771,
2020-08-13,-0.8365252841245193,,
2020-08-15,,,-0.5544866209096473
2020-09-01,,0.6450662458401065,
2020-09-05,,,-0.5914502334556139
2020-09-14,-0.8453526006544243,,
2020-09-26,,,-0.8074722118047019
2020-09-30,,0.64574757298916,
2020-10-13,-0.8548359804209381,,
2020-10-17,,,-0.6148828062318573
2020-10-29,,0.6366594230510925,
2020-11-07,,,-0.8820165373275202
2020-11-11,-0.7980633895028488,,
2020-11-27,,0.6827406070697677,
2020-11-28,,,-0.3816748746523419
2020-12-11,-0.9181267162147527,,
2020-12-19,,,-0.33930816668224617
2021-01-05,,0.6177795954176608,
2021-01-09,,,0.03928424878940512
2021-01-13,-0.8398623214118524,,
2021-01-30,,,-0.26764505035737945
2021-02-03,,0.4598827364346549,
2021-02-12,-0.8433533522394435,,
2021-02-20,,,-0.41583656475231906
2021-03-04,,0.5839676303212111,
2021-03-13,,,-0.26945564872645483
2021-03-16,-0.8667189330678251,,
2021-04-02,,0.6718045450026994,
2021-04-03,,,-0.4735890759484233
2021-04-15,-0.8585023501069624,,
2021-04-24,,,-0.3439442582214924
2021-05-05,,0.6799174040633267,
2021-05-14,-0.8786690817062905,,
2021-05-15,,,-0.40623725610676964
2021-06-04,,0.64048227822788,
2021-06-05,,,-0.35504744096675894
2021-06-15,-0.9019815778287629,,
2021-06-26,,,-0.48308742296237833
2021-07-06,,0.6481658462740334,
2021-07-15,-0.9107798014315661,,
2021-07-17,,,-0.5898028627462408
2021-08-04,,0.6682421402166103,
2021-08-07,,,-0.3782171667237653
2021-08-13,-0.8976149179608582,,
2021-08-28,,,-0.3095282640871442
2021-09-02,,0.6820341171022763,
2021-09-14,-0.8828689596092277,,
2021-09-18,,,-0.3466117501118721
2021-10-01,,0.6772707323430504,
2021-10-09,,,-0.14862492908989694
2021-10-13,-0.8834414971301648,,
2021-10-30,,,-0.13652999882459166
2021-11-01,,0.6833651378721255,
2021-11-11,-0.8700227142169727,,
2021-11-20,,,-0.12853736006945685
2021-12-02,,0.6529277997269618,
2021-12-11,,,-0.18559119670152147
2021-12-13,-0.8826759772637084,,
2022-01-01,,,-0.0984900366938334
2022-01-04,,0.739936115317315,
2022-01-12,-0.8860342788930244,,
2022-01-22,,,-0.00294323135302892
2022-02-03,,0.8003017028274504,
2022-02-11,-0.9270338669481613,,
2022-02-12,,,0.15154634523983146
2022-03-04,,-0.11361647118877949,
2022-03-05,,,-0.06811373741541489
2022-03-15,-1.5443904867170368,,
2022-03-26,,,-6.270786398571788e-05
2022-04-04,,0.5134421054115746,
2022-04-13,-1.1827176918576767,,
2022-04-16,,,0.10964992616392318
2022-05-05,,0.7691201889226841,
2022-05-07,,,-0.3201591821808544
2022-05-13,-0.9563311450193404,,
2022-05-28,,,-0.6095545449090655
2022-06-06,,0.686620524791872,
2022-06-14,-0.6323615120581396,,
2022-06-18,,,0.11909079583791975
2022-07-06,,0.9442031852530451,
2022-07-09,,,-0.184950002997197
2022-07-15,-0.22197184601622053,,
2022-07-30,,,-0.15374200828831577
2022-08-04,,0.965536796727118,
2022-08-15,-0.21104993189989377,,
2022-08-20,,,-0.21770762835021115
2022-09-05,,0.9970981108911618,
2022-09-10,,,-0.48549494021104783
2022-09-14,-0.36074024424026746,,
2022-10-01,,,-0.648564511741254
2022-10-04,,1.3853002471771603,
2022-10-13,-0.11100439922592877,,
2022-10-22,,,0.010322487857031909
2022-11-02,,1.305389219928801,
2022-11-11,-0.7699328237891339,,
2022-11-12,,,0.22597544989577814
2022-12-03,,,0.26056011558859543
2022-12-05,,1.5394865000448221,
2022-12-13,-0.7498795321967197,,
2022-12-24,,,-0.2415657555370745
2023-01-05,,1.5126355810010632,
2023-01-13,-0.758855028428025,,
2023-01-14,,,0.03913355604919592
2023-02-04,,,0.4483872000838862
2023-02-06,,1.5906280740085716,
2023-02-14,-0.8510050520851836,,
2023-02-25,,,0.1791792555336024
2023-03-07,,1.437365002557846,
2023-03-16,-0.7344694024938906,,
2023-03-18,,,0.5771522574813751
2023-04-05,,1.3391714571001734,
2023-04-08,,,0.6878052107615695
2023-04-17,-0.7538066229241877,,
2023-04-29,,,0.9250191238565523
2023-05-09,,1.3312870731970248,
2023-05-16,-0.7300020934149725,,
2023-05-20,,,0.8066846863461764
2023-06-09,,1.4112288930783394,
2023-06-10,,,0.5703162573331887
2023-06-15,-0.7076078785819889,,
2023-07-01,,,0.6476352647951297
2023-07-10,,1.4420481928253748,
2023-07-18,-0.6621020238730144,,
2023-07-22,,,0.8654628357411688
2023-08-08,,1.438764816920875,
2023-08-12,,,0.8384100073476612
2023-08-16,-0.6774505162370772,,
2023-09-02,,,0.8814182412354168
2023-09-07,,1.4625769480507458,
2023-09-15,-0.668359937070416,,
2023-09-23,,,0.7374762604173776
2023-10-06,,1.6542071241385115,
2023-10-14,,,1.0843761271882342
2023-10-16,-0.6288226378274904,,
2023-11-04,,,0.6096556252942087
2023-11-06,,1.6666770468042034,
2023-11-14,-0.48686744757883055,,
2023-11-25,,,0.35098899200880296
2023-12-07,,1.7376622918480482,
2023-12-14,-0.2843754357360045,,
2023-12-16,,,0.4574871853881581
2024-01-06,,,0.23363605303353585
2024-01-11,,1.604038066301585,
2024-01-17,-0.5450871157478492,,
2024-01-27,,,0.32143381059200665
2024-02-12,,1.6603264688310995,
2024-02-15,-0.557914722317622,,
2024-02-17,,,0.6387883206125817
2024-03-09,,,0.6860499901188059
2024-03-12,,2.5679672605518973,
2024-03-18,-0.5728349714123839,,
2024-03-30,,,0.5980721085738773
2024-04-10,,2.806209679404435,
2024-04-17,-0.6750332340598812,,
2024-04-20,,,0.6116028910478172
2024-05-11,,,0.5591205320952999
2024-05-14,,2.512847762277444,
2024-05-16,-0.08469102510546297,,
2024-06-01,,,-0.1620476514158829
2024-06-12,,2.260518327923179,
2024-06-17,-1.0780219484644535,,
2024-06-22,,,-0.040833947322598346
2024-07-12,,2.351150668632221,
2024-07-13,,,-0.011337720825336491
2024-07-18,-0.9381043238549286,,
2024-08-03,,,-0.44349512402039054
2024-08-12,,2.37069622832563,
2024-08-16,-0.9508287045496109,,
2024-08-24,,,-0.4511854929714766
2024-09-11,,2.5387821213194357,
2024-09-14,,,-0.3660784641402932
2024-09-17,-1.1794953586745032,,
2024-10-05,,,-0.346067629615581
2024-10-10,,1.258898324392568,
2024-10-16,-1.0728231592931778,,
2024-10-26,,,-0.14407148069834635
2024-11-08,,1.13847029839322,
2024-11-14,-0.4821777606422532,,
2024-11-16,,,-0.1433292845462364
2024-12-07,,,-0.17434914881712538
2024-12-09,,0.6049352885168213,
2024-12-16,-0.34523553951702274,,
2024-12-28,,,-0.5757544242293415
2025-01-17,-0.22350745450092385,1.3550001942488554,
2025-01-18,,,-0.34564259715255535
2025-02-08,,,-0.3987555159555106
2025-02-18,,1.5637516360426411,
2025-02-19,-0.17016441014010575,,
2025-03-01,,,-0.1867206432276043
2025-03-19,,1.3837354268133673,
2025-03-20,0.10644433506628868,,
2025-03-22,,,-0.8722546065567542
2025-04-12,,,-0.8590302969849749
2025-04-17,,0.741426707607578,
2025-04-21,-0.6128954487368565,,
2025-05-03,,,-0.8185041186076564
2025-05-20,-0.32496509880811375,,
2025-05-21,,0.5441108420517248,
2025-05-24,,,-0.7984424693684481
2025-06-14,,,-0.7148283233452213
2025-06-20,-0.37973650934521874,0.9937112163002066,
2025-07-05,,,-0.9695330315218046
2025-07-21,,1.0490700825672248,
2025-07-22,-0.36202747764533266,,
2025-07-26,,,-1.2339635690875903
2025-08-16,,,-0.924183501178779
2025-08-20,-0.3902948565297917,1.0374990968032807,
2025-09-06,,,-0.9700710801039093
2025-09-18,,0.8134053301793481,
2025-09-19,-0.48174574413432786,,
2025-09-27,,,-0.8202338966622215
2025-10-17,,0.8502215948020141,
2025-10-18,,,-0.5111884342296693
2025-10-20,-0.6121314891531228,,
2025-11-08,,,-0.5650685532727533
2025-11-17,,0.9777650395766554,
2025-11-18,-0.7234434747374628,,
2025-11-29,,,-0.4792227942134928
2025-12-17,,1.0179241843721913,
2025-12-18,-0.6754948762586438,,
2025-12-20,,,-1.0343160631898387
2026-01-10,,,-0.5943542188546544
2026-01-21,-0.7112723473845969,,
2026-01-27,,1.544517440061318,
2026-01-31,,,-0.693322196446636
2026-02-20,-0.6633599841374582,,
2026-02-21,,,-0.6953767140965623
2026-02-25,,1.5062213656849368,
2026-03-14,,,-0.9899604873277374
2026-03-23,-0.6923452849895471,,
2026-03-26,,1.8836157055295373,
2026-04-04,,,-1.4539549021812996
2026-04-22,-0.6214515741808524,,
2026-04-25,,,-1.2948055095001474
2026-04-28,,1.5775149635908456,
2026-05-16,,,-1.3258938642156952
2026-05-21,-0.6433058851839203,,
2026-05-28,,1.903925872976924,
2026-06-06,,,-0.9719832037320274
2026-06-23,-0.6938531657986936,,
2026-06-27,,,-0.8858438975471282
2026-06-29,,1.9837889053663234,
2026-07-18,,,-0.788228453848189
2026-07-23,-0.6851781321273956,,
2026-07-28,,2.2649648238855202,
2026-08-08,,,-0.6774959649244647
2026-08-21,-0.723448730135238,,
2026-08-26,,2.1895875102074203,
2026-08-29,,,0.13304726050620938
