market,effect,p,bonferroni_reject,holm_reject,raw_reject
S&P 500 (US),day of week (equal means),0.8263343912438967,False,False,False
S&P 500 (US),January,0.42571883086109263,False,False,False
S&P 500 (US),turn of month,0.3539298475525614,False,False,False
BET (Romania),day of week (equal means),0.30516320622792,False,False,False
BET (Romania),January,0.13679580596917362,False,False,False
BET (Romania),turn of month,0.00029087451944493953,True,True,True
Euro Stoxx 50,day of week (equal means),0.6318710968155532,False,False,False
Euro Stoxx 50,January,0.7737917093784683,False,False,False
Euro Stoxx 50,turn of month,0.2266165872779211,False,False,False
WIG20 (Poland),day of week (equal means),0.22624288397562473,False,False,False
WIG20 (Poland),January,0.686481915554463,False,False,False
WIG20 (Poland),turn of month,0.08410064702846867,False,False,False
BUX (Hungary),day of week (equal means),0.9327419357677904,False,False,False
BUX (Hungary),January,0.024456409246446764,False,False,True
BUX (Hungary),turn of month,0.000280852139875575,True,True,True
