date,y,mean,pred,ct,cum_dsse,cum_dsse_ct
1970-01-31,-0.012400193253338777,0.007325574000395683,0.0048579211333294875,0.0048579211333294875,9.126338156517671e-05,9.126338156517671e-05
1970-02-28,-0.03901654055667761,0.007279912502123149,0.004895784336678435,0.004895784336678435,0.00030633266985126184,0.00030633266985126184
1970-03-31,0.014001890252863126,0.00717299228720675,0.0051272795281325015,0.0051272795281325015,0.0002742078017611038,0.0002742078017611038
1970-04-30,-0.03336809632314486,0.007188727075146051,0.0049862355781258375,0.0049862355781258375,0.0004480089503284297,0.0004480089503284297
1970-05-31,-0.12417916667489834,0.007095492998368371,0.005204003226710628,0.005204003226710628,0.0009410405688718142,0.0009410405688718142
1970-06-30,-0.008382695768355214,0.006794404329392987,0.006220837857536209,0.006220837857536209,0.0009581217418863411,0.0009581217418863411
1970-07-31,-0.0003356249269240866,0.006759674123219651,0.006269768987775211,0.006269768987775211,0.0009648337817289652,0.0009648337817289652
1970-08-31,0.026681989893781306,0.006743474810319779,0.006246650304806478,0.006246650304806478,0.0009447750613456661,0.0009447750613456661
1970-09-30,0.05597134101389646,0.006788892840122653,0.005977452013286692,0.005977452013286692,0.000864299332306322,0.000864299332306322
1970-10-31,0.019486765696046314,0.006900671131426684,0.005448012978987504,0.005448012978987504,0.0008256225308451437,0.0008256225308451437
1970-11-30,-0.0028638589555367864,0.006929211028398611,0.005183158621535067,0.005183158621535067,0.0008567722586696968,0.0008567722586696968
1970-12-31,0.06473171380659916,0.0069070547614666295,0.005112276609699498,0.005112276609699498,0.000645986160680461,0.000645986160680461
1971-01-31,0.03622536156657935,0.007037584465857449,0.004489480683947798,0.004489480683947798,0.0004907463573653079,0.0004907463573653079
1971-02-28,0.036970504449822986,0.007103322702570787,0.004159000161540395,0.004159000161540395,0.00030620008922871596,0.00030620008922871596
1971-03-31,0.024837913805427145,0.007170439964924161,0.003852950138912632,0.003852950138912632,0.00017797102104863898,0.00017797102104863898
1971-04-30,0.03326444987444629,0.007210053134970133,0.0036511083604733735,0.0036511083604733735,-2.014738511652703e-05,-2.014738511652703e-05
1971-05-31,-0.014354809128016757,0.007268340375998043,0.0034477973588098107,0.0034477973588098107,0.00013048041163164905,0.00013048041163164905
1971-06-30,-0.019534101701124972,0.007220074417283727,0.003476996891314303,0.003476996891314303,0.00031675569297551855,0.00031675569297551855
1971-07-31,-0.008593695039795544,0.007160488278935377,0.0035382295048114604,0.0035382295048114604,0.0004177663918596603,0.0004177663918596603
1971-08-31,-0.019780172535242398,0.00712547898267153,0.003542135537725373,0.003542135537725373,0.0005977504216126668,0.0005977504216126668
1971-09-30,0.020448941422854514,0.007065821218773718,0.0036098309386645294,0.0036098309386645294,0.0004933026861107854,0.0004933026861107854
1971-10-31,-0.022719088540374664,0.007095429891791595,0.003439709781254602,0.003439709781254602,0.0006979254658210929,0.0006979254658210929
1971-11-30,-0.04841528792974053,0.007029614177813303,0.003520132106650836,0.003520132106650836,0.0010747747811809187,0.0010747747811809187
1971-12-31,0.0656703756090227,0.006907488842774638,0.00379378462001842,0.00379378462001842,0.0006991391298632847,0.0006991391298632847
1972-01-31,0.03993927484515051,0.0070366380444587,0.0032843160923019254,0.0032843160923019254,0.00043813663712849275,0.00043813663712849275
1972-02-29,0.017842140451361094,0.0071087929497233755,0.0030324935814861897,0.0030324935814861897,0.0003340157453090099,0.0003340157453090099
1972-03-31,0.023195775140734166,0.007132279486926083,0.0029250509614281786,0.0029250509614281786,0.00018114937917542063,0.00018114937917542063
1972-04-30,0.009406886883831367,0.007167352621541384,0.0028046069265929355,0.0028046069265929355,0.00014257479225363907,0.00014257479225363907
1972-05-31,-0.010876038850973452,0.007172231781154216,0.0027428346649733953,0.0027428346649733953,0.00028284114922080264,0.00028284114922080264
1972-06-30,0.0020773870170037755,0.007132996410214809,0.002757885876759618,0.002757885876759618,0.0003079372568593973,0.0003079372568593973
1972-07-31,-0.008301770707884668,0.007122029795478993,0.002724344537304982,0.002724344537304982,0.0004242556614267548,0.0004242556614267548
1972-08-31,0.03382992281315382,0.007088644945904613,0.00274325311731332,0.00274325311731332,0.000172970570621899,0.000172970570621899
1972-09-30,-0.015520330033438159,0.007146401485574698,0.0025907693769585544,0.0025907693769585544,0.0003587393665236376,0.0003587393665236376
1972-10-31,0.00030748030693355816,0.007097550771094066,0.002629032615891952,0.002629032615891952,0.0003994548183086725,0.0003994548183086725
1972-11-30,0.04728289802860785,0.007082948469020603,0.002673909831395642,0.002673909831395642,2.552893492301317e-05,2.552893492301317e-05
1972-12-31,0.018893147780802123,0.007169214455199975,0.0025417907046285312,0.0025417907046285312,-0.00010438733068635439,-0.00010438733068635439
1973-01-31,0.00563358001823115,0.007194319237481778,0.0025293526482167775,0.0025293526482167775,-0.00011158765134059367,-0.00011158765134059367
1973-02-28,-0.03830996052332793,0.007190984324620131,0.0024982353224468137,0.0024982353224468137,0.00029343948252831065,0.00029343948252831065
1973-03-31,-0.01819569153849431,0.007093967384645829,0.0025850770076694812,0.0025850770076694812,0.0005011659896078419,0.0005011659896078419
1973-04-30,-0.02151749254639899,0.007040159599702977,0.0026361735373932466,0.0026361735373932466,0.0007333059004182687,0.0007333059004182687
1973-05-31,-0.031223729100578544,0.006979527641855627,0.002744567799255436,0.002744567799255436,0.00103894953187134,0.00103894953187134
1973-06-30,-0.025371320931977446,0.006898588538587758,0.0029224410456755723,0.0029224410456755723,0.0012797596222617305,0.0012797596222617305
1973-07-31,0.0060690774184697805,0.006830364628501996,0.003091964627203854,0.003091964627203854,0.00127147597990597,0.00127147597990597
1973-08-31,-0.02312891675611277,0.006828758537341591,0.003056957535999952,0.003056957535999952,0.001483238276451686,0.001483238276451686
1973-09-30,0.012570544484066467,0.006765689747250109,0.0032119550993254045,0.0032119550993254045,0.0014293514196950371,0.0014293514196950371
1973-10-31,0.03462404981176091,0.006777884820226613,0.003114477588296416,0.003114477588296416,0.001211907182725062,0.001211907182725062
1973-11-30,-0.07695859954521254,0.0068362625246113804,0.0029440977897634696,0.0029440977897634696,0.001849045050621095,0.001849045050621095
1973-12-31,-0.07695081380446092,0.0066609594658879,0.0035554129780896865,0.0035554129780896865,0.0023587211292698455,0.0023587211292698455
1974-01-31,0.010689485366616406,0.00648640461563665,0.004297386597129298,0.004297386597129298,0.0023355280903902234,0.0023355280903902234
1974-02-28,-0.031475844025836884,0.006495161033867857,0.004216674848562127,0.004216674848562127,0.002503369412035017,0.002503369412035017
1974-03-31,0.038832131862899064,0.006416219235406933,0.004536131341782282,0.004536131341782282,0.002377945151763778,0.002377945151763778
1974-04-30,-0.055958501675080166,0.006483472166169364,0.004182257795265189,0.004182257795265189,0.002660034299285135,0.002660034299285135
1974-05-31,-0.03432867568904342,0.006354192717222678,0.004741975448167422,0.004741975448167422,0.002788614300761064,0.002788614300761064
1974-06-30,-0.0022545206178916583,0.00627013720398659,0.005108335257960249,0.005108335257960249,0.002807072445092607,0.002807072445092607
1974-07-31,-0.12696893182884936,0.006252560589920862,0.005147539857995244,0.005147539857995244,0.003100276396396246,0.003100276396396246
1974-08-31,-0.044613806028520456,0.005978442292762899,0.00657245789049523,0.00657245789049523,0.0030398183726115173,0.0030398183726115173
1974-09-30,-0.11291392853661701,0.005874556772595993,0.007119444722279357,0.007119444722279357,0.0027425119187590922,0.0027425119187590922
1974-10-31,0.0168010049825306,0.005631137745323016,0.008343240814618229,0.008343240814618229,0.0027957440781359133,0.0027957440781359133
1974-11-30,0.030557175013637042,0.005653980009611783,0.008137699918219998,0.008137699918219998,0.002913280335990397,0.002913280335990397
1974-12-31,-0.06905436185307204,0.005704802856558775,0.007798272015734235,0.007798272015734235,0.002595885711499316,0.002595885711499316
1975-01-31,0.07688897204480728,0.005552543865296796,0.008447692322164253,0.008447692322164253,0.0030005629268367072,0.0030005629268367072
1975-02-28,0.09744563492967058,0.005697536605499054,0.007741637097204684,0.007741637097204684,0.0033714692458115076,0.0033714692458115076
1975-03-31,0.043989386612487,0.00588363822481786,0.006756184058385538,0.006756184058385538,0.003437205933561109,0.003437205933561109
1975-04-30,0.010209314439149103,0.00596077536730302,0.006324862859965204,0.006324862859965204,0.0034401670537350876,0.0034401670537350876
1975-05-31,0.06031756920834755,0.0059693582745188704,0.006233014433730276,0.006233014433730276,0.003468756020274446,0.003468756020274446
1975-06-30,0.02419832505741304,0.006078931280433849,0.005573499924866623,0.005573499924866623,0.003450184339901746,0.003450184339901746
1975-07-31,-0.00012944680688181144,0.00611538881318431,0.005325208363114203,0.005325208363114203,0.0034594290487998283,0.0034594290487998283
1975-08-31,-0.07762572099020845,0.006102848982621928,0.005300903249275728,0.005300903249275728,0.003593077470738374,0.003593077470738374
1975-09-30,-0.013915693927732974,0.005935056257225474,0.00614611916253021,0.00614611916253021,0.0035846534091753465,0.0035846534091753465
1975-10-31,0.043171306036663484,0.005895354756855557,0.006269086270958256,0.006269086270958256,0.0036123761293535553,0.0036123761293535553
1975-11-30,0.015247769326994478,0.00596975785322244,0.005704187193364546,0.005704187193364546,0.00360737766631966,0.00360737766631966
1975-12-31,-0.016432143583023976,0.0059882399477917065,0.005462219633232526,0.005462219633232526,0.0036306881233431655,0.0036306881233431655
1976-01-31,0.08664759499290818,0.005943666620692669,0.005587036438136378,0.005587036438136378,0.0035729980248392704,0.0035729980248392704
1976-02-29,0.036884748084382836,0.006103793462701033,0.00458565299677012,0.00458565299677012,0.0034772336487826567,0.0034772336487826567
1976-03-31,0.003936375125745388,0.006164745848090503,0.004168227921808994,0.004168227921808994,0.003482145529139819,0.003482145529139819
1976-04-30,0.00675594600089526,0.00616034195338231,0.004113819107058818,0.004113819107058818,0.0034755194387980992,0.0034755194387980992
1976-05-31,-0.007862760329488159,0.006161516714817248,0.004099508087475889,0.004099508087475889,0.0035291039197340355,0.0035291039197340355
1976-06-30,0.004660579234878529,0.006133909870241843,0.004244516383512628,0.004244516383512628,0.003531101514598849,0.003531101514598849
1976-07-31,0.021830269722929438,0.006131015311036807,0.004249686268947485,0.004249686268947485,0.003468491189105755,0.003468491189105755
1976-08-31,-0.009946715777304844,0.006161798162824831,0.004088676428558778,0.004088676428558778,0.0035309831760926896,0.0035309831760926896
1976-09-30,0.019835850354654606,0.006130274652178786,0.0042736563100068264,0.0042736563100068264,0.0034766440979457146,0.0034766440979457146
1976-10-31,-0.035745495439546596,0.006157043354722683,0.004135342445308485,0.004135342445308485,0.003641985624952864,0.003641985624952864
1976-11-30,-0.007710088310451248,0.006075361992550618,0.0047312899242381926,0.0047312899242381926,0.0036772363726307942,0.0036772363726307942
1976-12-31,0.03326815265662108,0.0060485420503268795,0.005023171382003082,0.005023171382003082,0.0036203646069855565,0.0036203646069855565
1977-01-31,-0.008968076338528152,0.006101395663154634,0.0048491201899467234,0.0048491201899467234,0.0036565386734885596,0.0036565386734885596
1977-02-28,-0.027775302591467467,0.006072191260050598,0.005088768777074364,0.005088768777074364,0.003722144326600502,0.003722144326600502
1977-03-31,-0.004387540749457172,0.006006722219718841,0.005541415058421963,0.005541415058421963,0.003731600865838069,0.003731600865838069
1977-04-30,-0.015787023176840158,0.005986656074990703,0.005726161734874287,0.005726161734874287,0.0037428768489540607,0.0037428768489540607
1977-05-31,-0.003083745448305093,0.005944702935777156,0.006074641131985803,0.006074641131985803,0.0037405136844240456,0.0037405136844240456
1977-06-30,0.004880017455190091,0.005927340535038537,0.006275001887676018,0.006275001887676018,0.0037396645884907507,0.0037396645884907507
1977-07-31,0.00860691592841856,0.00592533031799468,0.006376413320073285,0.006376413320073285,0.003741880347990948,0.003741880347990948
1977-08-31,-0.025281322220807468,0.005930467455179401,0.0064012682584927635,0.0064012682584927635,0.0037122696232899425,0.0037122696232899425
1977-09-30,-0.016347265649707995,0.0058707890810379346,0.0068142086092486745,0.0068142086092486745,0.0036694576894600517,0.0036694576894600517
1977-10-31,-0.027003527371404882,0.005828388213231168,0.007117303352460615,0.007117303352460615,0.0035831612811300356,0.0035831612811300356
1977-11-30,0.004693276915697146,0.005765851231165195,0.007561541328713221,0.007561541328713221,0.003576084756049263,0.003576084756049263
1977-12-31,-0.005822047346613709,0.005763812116497005,0.007643029270254537,0.007643029270254537,0.003529008607250083,0.003529008607250083
1978-01-31,-0.03949737639051811,0.005741827563436073,0.007838516542440228,0.007838516542440228,0.0033349074218770513,0.0033349074218770513
1978-02-28,-0.015079370622677672,0.005656147252917222,0.00835191514280366,0.00835191514280366,0.0032158439708225186,0.0032158439708225186
1978-03-31,-0.002667001919872954,0.0056169496765928455,0.008588519870817109,0.008588519870817109,0.003157781054094408,0.003157781054094408
1978-04-30,0.04197458215291911,0.005601319579241024,0.00869468992129157,0.00869468992129157,0.003373244057399396,0.003373244057399396
1978-05-31,0.04838497735308772,0.005669819132110474,0.00833754156429918,0.00833754156429918,0.003594031685985375,0.003594031685985375
1978-06-30,0.0014166866855106122,0.005750110782901785,0.007892486651861687,0.007892486651861687,0.003570874265189033,0.003570874265189033
1978-07-31,-0.006184459143449974,0.005741980531311933,0.00794209204606891,0.00794209204606891,0.0035135547799946703,0.0035135547799946703
1978-08-31,0.0649253319835162,0.005719646374617622,0.008069199777357795,0.008069199777357795,0.003786248218970247,0.003786248218970247
1978-09-30,-0.0018644396952373042,0.005830311207531451,0.0074166478481418815,0.0074166478481418815,0.0037593188244380393,0.0037593188244380393
1978-10-31,-0.034633490873078134,0.005815955328981509,0.0074949256149828836,0.0074949256149828836,0.003620673046699825,0.003620673046699825
1978-11-30,-0.0625324680507593,0.005740630475718828,0.007875607569770716,0.007875607569770716,0.003324591916519742,0.003324591916519742
1978-12-31,0.011885944223495027,0.0056137288055952625,0.00853526495750754,0.00853526495750754,0.003352705551224763,0.003352705551224763
1979-01-31,0.03349881697967548,0.005625365568893779,0.00839640538268021,0.00839640538268021,0.0034995037767890087,0.0034995037767890087
1979-02-28,-0.018350658122875865,0.0056769830715063365,0.008095137248481384,0.008095137248481384,0.0033774512253312806,0.0033774512253312806
1979-03-31,0.01544101840719097,0.005632569686673838,0.008332589883787052,0.008332589883787052,0.0034231271355619525,0.0034231271355619525
1979-04-30,0.016187234298382515,0.00565066645553088,0.008214816450671042,0.008214816450671042,0.0034705869511304594,0.0034705869511304594
1979-05-31,-0.026925315337179033,0.005670070816199115,0.008093576484802495,0.008093576484802495,0.0033067233651786505,0.0033067233651786505
1979-06-30,0.01595040121506916,0.005610152826946581,0.008423496757770717,0.008423496757770717,0.003356989811197423,0.003356989811197423
1979-07-31,0.0066326048033741826,0.005629125759768824,0.008304454910291699,0.008304454910291699,0.003355201698608378,0.003355201698608378
1979-08-31,0.04129995567064702,0.005630963633475061,0.008309889931646532,0.008309889931646532,0.0035391342540926412,0.0035391342540926412
1979-09-30,0.007428336444249877,0.005696172028424187,0.007948649398664603,0.007948649398664603,0.003541863922085562,0.003541863922085562
1979-10-31,-0.04257662422732086,0.005699332912394672,0.007937166046728727,0.007937166046728727,0.003320788951990546,0.003320788951990546
1979-11-30,-0.012895002361452771,0.0056113985642348985,0.008422741620658425,0.008422741620658425,0.0032088296187260013,0.0032088296187260013
1979-12-31,0.033356640351151254,0.00557775056255183,0.008568792631602727,0.008568792631602727,0.0033660589420456276,0.0033660589420456276
1980-01-31,0.022641893707175422,0.00562816597051662,0.00824635469170061,0.00824635469170061,0.0034482943299967233,0.0034482943299967233
1980-02-29,0.03310541585687845,0.005658987941054045,0.008029563991043431,0.008029563991043431,0.003572802388537967,0.003572802388537967
1980-03-31,-0.1024922180966909,0.005708619817936187,0.007695134943310894,0.007695134943310894,0.0031389709440033764,0.0031389709440033764
1980-04-30,-0.02423808240390439,0.005513311446249136,0.008788403502395487,0.008788403502395487,0.002933367608711305,0.002933367608711305
1980-05-31,0.038230279809556886,0.005459705331203814,0.008989355255914183,0.008989355255914183,0.0031522464916007658,0.0031522464916007658
1980-06-30,0.059283730193099266,0.005518645213359125,0.00862234482831429,0.00862234482831429,0.0034763548874001955,0.0034763548874001955
1980-07-31,0.042654892444441636,0.0056151713982419615,0.008069380567104545,0.008069380567104545,0.0036521381907630573,0.0036521381907630573
1980-08-31,0.02778159279077954,0.005681550826640168,0.007667242515320666,0.007667242515320666,0.0037359629585759263,0.0037359629585759263
1980-09-30,0.02041232515443789,0.005721085785431116,0.007404735971961278,0.007404735971961278,0.0037825980964332983,0.0037825980964332983
1980-10-31,0.024204151256732254,0.0057473201414472005,0.007208078742565557,0.007208078742565557,0.00383438623034464,0.00383438623034464
1980-11-30,0.03549545033132677,0.0057802200186580464,0.006923255714747466,0.006923255714747466,0.003901010837671903,0.003901010837671903
1980-12-31,-0.023883975188197036,0.0058330940939474935,0.006489022845892402,0.006489022845892402,0.00386159603481288,0.00386159603481288
1981-01-31,-0.012700894726481275,0.005780310667158605,0.006717800790346604,0.006717800790346604,0.0038260652520395125,0.0038260652520395125
1981-02-28,-0.04359605204294434,0.00574754257248903,0.006817926510671209,0.006817926510671209,0.003719286348007329,0.003719286348007329
1981-03-31,0.028372932141073406,0.005660208776709501,0.007274235329624533,0.007274235329624533,0.0037899991434920083,0.0037899991434920083
1981-04-30,0.0018057922217357882,0.0057003372632189785,0.006914258638384831,0.006914258638384831,0.0037790701954421185,0.0037790701954421185
1981-05-31,-0.027625550097326576,0.0056934685770787955,0.006862402184254407,0.006862402184254407,0.0036998083482908855,0.0036998083482908855
1981-06-30,-0.004929579580774213,0.005634808332933716,0.007141548905209065,0.007141548905209065,0.003665702497357067,0.003665702497357067
1981-07-31,-0.032540966121760856,0.005616241746090644,0.00713290639880762,0.00713290639880762,0.0035476588488491763,0.0035476588488491763
1981-08-31,-0.004360002995478106,0.005549299276147045,0.007461896631104546,0.007461896631104546,0.0035060958095786167,0.0035060958095786167
1981-09-30,-0.09948886981311403,0.005531944981450679,0.0074729630766994445,0.0074729630766994445,0.0030946336545444944,0.0030946336545444944
1981-10-31,0.004974814094814789,0.005348342158383258,0.00848137127153381,0.00848137127153381,0.003082477234525168,0.003082477234525168
1981-11-30,0.01878787624960266,0.005347690276945966,0.008381678300314499,0.008381678300314499,0.003154826877744997,0.003154826877744997
1981-12-31,0.0027399638613702423,0.005371105235086483,0.00815765362648381,0.00815765362648381,0.003132398420282462,0.003132398420282462
1982-01-31,-0.05821334048502,0.005366529337045237,0.00812028615748573,0.00812028615748573,0.0027746482433258783,0.0027746482433258783
1982-02-28,-0.029484079528279312,0.005256147618604152,0.008664278211270228,0.008664278211270228,0.002526234427318288,0.002526234427318288
1982-03-31,-0.03897733441035683,0.005195939252665013,0.008885433226930056,0.008885433226930056,0.0021866680075255896,0.0021866680075255896
1982-04-30,0.042760026078603235,0.00511951490376705,0.00915125785690659,0.00915125785690659,0.002473926787648831,0.002473926787648831
1982-05-31,-0.004826036665542603,0.005184524422203729,0.008759178512389838,0.008759178512389838,0.002389580049509606,0.002389580049509606
1982-06-30,-0.06414788892991523,0.005167264834121407,0.008753317613241572,0.008753317613241572,0.0018795846753936413,0.0018795846753936413
1982-07-31,-0.007892442732572195,0.0050479616434776255,0.009226007928534237,0.009226007928534237,0.0017539973877725955,0.0017539973877725955
1982-08-31,-0.0014953861313208253,0.005025727271697472,0.009202299075087524,0.009202299075087524,0.0016820818390122123,0.0016820818390122123
1982-09-30,0.10699053435146678,0.005014541828467595,0.009144413610694645,0.009144413610694645,0.0025073215460452384,0.0025073215460452384
1982-10-31,0.07851488380021909,0.005189158254020675,0.008284069472603968,0.008284069472603968,0.0029516162918017024,0.0029516162918017024
1982-11-30,0.0376156407520073,0.005314501374612468,0.007503268201258462,0.007503268201258462,0.0030882249162444975,0.0030882249162444975
1982-12-31,0.006765426268338283,0.005369622772867408,0.00708304539493082,0.00708304539493082,0.003090072301732889,0.003090072301732889
1983-01-31,0.031919341950649965,0.005372000632314547,0.006976359930221186,0.006976359930221186,0.0031726812807336543,0.0031726812807336543
1983-02-28,0.01455536816158285,0.00541714917197158,0.006613521572776247,0.006613521572776247,0.0031931153997956075,0.0031931153997956075
1983-03-31,0.03119939918836359,0.005432663975009969,0.006434834942089969,0.006434834942089969,0.003243756401042871,0.003243756401042871
1983-04-30,0.03418791111545763,0.0054763364075749756,0.0060692925083198,0.0060692925083198,0.00327745421087552,0.00327745421087552
1983-05-31,0.036476153190806514,0.005524917752258364,0.005657832439760153,0.005657832439760153,0.0032856642921335845,0.0032856642921335845
1983-06-30,0.010586250265790602,0.005577200244553209,0.005219824350153848,0.005219824350153848,0.003281956347140825,0.003281956347140825
1983-07-31,-0.0002319816830793518,0.0055856472091758685,0.00506949303438501,0.00506949303438501,0.003287695518888914,0.003287695518888914
1983-08-31,-0.031894275411632846,0.005575853221141769,0.005051156918340134,0.005051156918340134,0.0033267410885969772,0.0033267410885969772
1983-09-30,0.02485783732495192,0.005512878215036266,0.005382558923237975,0.005382558923237975,0.0033216820627370203,0.0033216820627370203
1983-10-31,-0.0009987929196382753,0.0055453362001200174,0.005078682144226916,0.005078682144226916,0.0033275719855211856,0.0033275719855211856
1983-11-30,-0.01863899825445931,0.005534374509802164,0.00508487411755712,0.00508487411755712,0.0033491018159973996,0.0033491018159973996
1983-12-31,-0.00854042825161806,0.005493950809527479,0.005292051379116404,0.005292051379116404,0.003354728118894636,0.003354728118894636
1984-01-31,0.008179393999463037,0.005470521128290174,0.005385675756117911,0.005385675756117911,0.003354261249503613,0.003354261249503613
1984-02-29,-0.05984829391482446,0.005475035916408796,0.005289278599148385,0.005289278599148385,0.0033784953167306318,0.0033784953167306318
1984-03-31,-0.0031167793715092566,0.0053663448517977585,0.005958003003420802,0.005958003003420802,0.003368107038166349,0.003368107038166349
1984-04-30,-0.0028200213248668286,0.005352253283320505,0.005988163686625629,0.005988163686625629,0.003357308987241292,0.003357308987241292
1984-05-31,-0.010548527245157126,0.005338700589111238,0.006034059878993504,0.006034059878993504,0.003334730799769197,0.003334730799769197
1984-06-30,-0.02679079187567862,0.005312397231769734,0.006163909298458538,0.006163909298458538,0.003279333221161111,0.003279333221161111
1984-07-31,-0.01730453587293184,0.005259334109278084,0.00647110210027893,0.00647110210027893,0.003223180488702003,0.003223180488702003
1984-08-31,0.07968475630315312,0.00522210000039655,0.006635236745629443,0.006635236745629443,0.003431635364779422,0.003431635364779422
1984-09-30,0.005296127942675751,0.005344773239775062,0.005727362551116139,0.005727362551116139,0.0034314517678568353,0.0034314517678568353
1984-10-31,-0.012711901245957797,0.005344693231062726,0.005634766232503058,0.005634766232503058,0.00342089216439919,0.00342089216439919
1984-11-30,0.004718104002252803,0.005315043650640689,0.005792807110405071,0.005792807110405071,0.003420093514572335,0.003420093514572335
1984-12-31,-0.014224865578793475,0.005314065061053168,0.005760667311994573,0.005760667311994573,0.003402441800192302,0.003402441800192302
1985-01-31,0.03923246197076899,0.005282086451167986,0.005953383010053451,0.005953383010053451,0.003447572701640686,0.003447572701640686
1985-02-28,0.04983490941045463,0.005337560920971256,0.005538077158453149,0.005538077158453149,0.003465377376673256,0.003465377376673256
1985-03-31,-0.011642628899288542,0.005410150396484279,0.005001959297117317,0.005001959297117317,0.003479132342155661,0.003479132342155661
1985-04-30,0.003132323333448369,0.005382377140302238,0.005155654105986958,0.005155654105986958,0.003480101216874297,0.003480101216874297
1985-05-31,0.020397669814450865,0.0053787185162260534,0.005111054811041328,0.005111054811041328,0.00347198951671028,0.00347198951671028
1985-06-30,0.018597338490574405,0.005403099930671223,0.00487643692521221,0.00487643692521221,0.0034578143081195572,0.0034578143081195572
1985-07-31,0.016462848494850163,0.005424484434009802,0.004667186972712539,0.004667186972712539,0.0034405221585143714,0.0034405221585143714
1985-08-31,-0.024493445399489354,0.005442345864528962,0.0044989236861630935,0.0044989236861630935,0.003496116291918551,0.003496116291918551
1985-09-30,-0.02494720225102672,0.005393984327753488,0.004789960935852378,0.004789960935852378,0.003532405020523826,0.003532405020523826
1985-10-31,0.008954594836143897,0.005345046930045777,0.005088786660457305,0.005088786660457305,0.003530489383759038,0.003530489383759038
1985-11-30,0.05628766217047971,0.0053508594065451295,0.004980880796579053,0.004980880796579053,0.003492661444621772,0.003492661444621772
1985-12-31,0.045583949125699595,0.005432751372403546,0.00433419326171363,0.00433419326171363,0.003403237766807613,0.003403237766807613
1986-01-31,0.0016058994738376497,0.005497199522890377,0.0038158553526890585,0.0038158553526890585,0.0034134960778929007,0.0034134960778929007
1986-02-28,0.04954942241005804,0.00549096346511946,0.003820763301262034,0.003820763301262034,0.003263533618607267,0.003263533618607267
1986-03-31,0.05413989393675984,0.005561456999431362,0.0033061112014989985,0.0033061112014989985,0.003039324686705563,0.003039324686705563
1986-04-30,0.02160275509622022,0.0056390583363919505,0.002766259839839809,0.002766259839839809,0.002939350747401673,0.002939350747401673
1986-05-31,-0.00012175602683729952,0.005664518777795185,0.0025563694008076537,0.0025563694008076537,0.0029656593677101994,0.0029656593677101994
1986-06-30,0.025748682537257227,0.005655304964412013,0.002563662857955014,0.002563662857955014,0.0028318580524654877,0.0028318580524654877
1986-07-31,-0.02335048986171115,0.005687249920807633,0.002323930195439791,0.002323930195439791,0.003015872538871727,0.003015872538871727
1986-08-31,0.017720443048579802,0.00564115827035919,0.0025725023302309302,0.0025725023302309302,0.0029323215516184674,0.0029323215516184674
1986-09-30,-0.02945168260088997,0.005660301352416592,0.0024358035273306863,0.0024358035273306863,0.00314836119717826,0.00314836119717826
1986-10-31,-0.005225565302237715,0.005604744415781613,0.002756128868009952,0.002756128868009952,0.0032019493639391184,0.0032019493639391184
1986-11-30,0.030418002200275903,0.005587634921756307,0.002808351809637677,0.002808351809637677,0.0030562037084320252,0.0030562037084320252
1986-12-31,0.012502162470548563,0.005626799538914855,0.0025057449143903038,0.0025057449143903038,0.003003545959916639,0.003003545959916639
1987-01-31,0.060009908440920426,0.005637626882114278,0.0023829647987853864,0.0023829647987853864,0.002639026328292922,0.002639026328292922
1987-02-28,0.058107905495736745,0.00572311789085454,0.0018324352056842894,0.0018324352056842894,0.002216263744334965,0.002216263744334965
1987-03-31,0.038191665674177686,0.005805354606089834,0.0013623353629792986,0.0013623353629792986,0.0019087373177625584,0.0019087373177625584
1987-04-30,-0.013231260568102025,0.005856116849143262,0.0010930711219686098,0.0010930711219686098,0.002067878816063762,0.002067878816063762
1987-05-31,-0.0029449184523520403,0.0058262461489597805,0.0012299792612836466,0.0012299792612836466,0.0021273823736077473,0.0021273823736077473
1987-06-30,0.039312962396140315,0.00581254120427023,0.001300696403544098,0.001300696403544098,0.0018047282277485587,0.0018047282277485587
1987-07-31,0.026042147514817038,0.00586480395183945,0.0010864593521487803,0.0010864593521487803,0.0015890670493346514,0.0015890670493346514
1987-08-31,0.05782420581943165,0.005896232835893933,0.0009614849810044152,0.0009614849810044152,0.0010522124063647676,0.0010522124063647676
1987-09-30,-0.03578145719527411,0.005976991736334893,0.0006985617695919183,0.0006985617695919183,0.0014651886798615794,0.0014651886798615794
1987-10-31,-0.13147868672053198,0.00591214942432929,0.0008778673803736814,0.0008778673803736814,0.0028231731229797358,0.0028231731229797358
1987-11-30,-0.13636559177045632,0.005699140376042683,0.0017457568164748888,0.0017457568164748888,0.003930816634335425,0.003930816634335425
1987-12-31,-0.01815003338885346,0.00547922592999547,0.0030731304287710745,0.0030731304287710745,0.004038735847863107,0.004038735847863107
1988-01-31,0.0368071755589879,0.00544270466366031,0.003318120413776507,0.003318120413776507,0.0039009490678879486,0.0039009490678879486
1988-02-29,0.02792871721687099,0.005491106624918531,0.0029506655723209596,0.0029506655723209596,0.0037804923730062373,0.0037804923730062373
1988-03-31,0.02711828614199871,0.005525679214428474,0.0026883467824107346,0.0026883467824107346,0.0036499111098216457,0.0036499111098216457
1988-04-30,-0.013608950120018283,0.005558898609701659,0.0024431622355165633,0.0024431622355165633,0.0037596472236723576,0.0037596472236723576
1988-05-31,-0.027008276095149997,0.005529454909656006,0.0026859588805315943,0.0026859588805315943,0.0039366035718224794,0.0039366035718224794
1988-06-30,0.05307746611587462,0.0054795504142498615,0.0030739578009617297,0.0030739578009617297,0.0037018143071618935,0.0037018143071618935
1988-07-31,-0.008419143180792163,0.0055524415562125335,0.0026004230391807395,0.0026004230391807395,0.0037755886475488282,0.0037755886475488282
1988-08-31,-0.022902737970873204,0.005531078276798153,0.002755879249976577,0.002755879249976577,0.003925705916269079,0.003925705916269079
1988-09-30,0.01324601745925556,0.005487667870313159,0.0030649674139950414,0.0030649674139950414,0.003882244124589222,0.003882244124589222
1988-10-31,0.03132311597693503,0.0054994946227353275,0.002982844484657611,0.002982844484657611,0.0037459325561783087,0.0037459325561783087
1988-11-30,-0.02648806075110106,0.005538799982482968,0.002724313917384119,0.002724313917384119,0.0039182895308547405,0.0039182895308547405
1988-12-31,0.016580360776038375,0.0054901269418544205,0.003078851067790725,0.003078851067790725,0.0038589920529497135,0.0038589920529497135
1989-01-31,0.02783967182458039,0.0055069558247591,0.002994969157450303,0.002994969157450303,0.0037404830062602867,0.0037404830062602867
1989-02-28,0.025621286018708594,0.005540793273243678,0.0027261612044788136,0.0027261612044788136,0.0036195224549017955,0.0036195224549017955
1989-03-31,-0.00866891193725675,0.005571172233524261,0.0025109830062387956,0.0025109830062387956,0.003697312401145126,0.003697312401145126
1989-04-30,0.027725272757449668,0.005549661532359938,0.0026845506275501585,0.0026845506275501585,0.003562032369564613,0.003562032369564613
1989-05-31,0.033174519766827254,0.005583108909773347,0.002433383607172268,0.002433383607172268,0.003378300870260918,0.003378300870260918
1989-06-30,0.02640835321648742,0.005624662239377343,0.002175660946583023,0.002175660946583023,0.00322303930624504,0.00322303930624504
1989-07-31,0.020861510449039458,0.005655915910019614,0.0020796281787096374,0.0020796281787096374,0.0031014903099135806,0.0031014903099135806
1989-08-31,0.03932500099268368,0.0056787471330511765,0.0018931614074639488,0.0018931614074639488,0.0028324180939667924,0.0028324180939667924
1989-09-30,-0.0019728607469359115,0.0057291912917612695,0.0016368293209383517,0.0016368293209383517,0.002878709837187482,0.002878709837187482
1989-10-31,-0.0035631395860480897,0.005717661273739268,0.0018079547947714852,0.0018079547947714852,0.00293599444693884,0.00293599444693884
1989-11-30,-0.024617526763914235,0.005703788626714175,0.0018608332487347404,0.0018608332487347404,0.0031542730649973512,0.0031542730649973512
1989-12-31,0.02064398584547302,0.005658532932101297,0.0021714656751618544,0.0021714656751618544,0.0030376028625736795,0.0030376028625736795
1990-01-31,-0.02867904738442877,0.005680865946875322,0.0020818257947098975,0.0020818257947098975,0.003271975187965356,0.003271975187965356
1990-02-28,-0.03192050734128819,0.005629735123465644,0.002384340403659209,0.002384340403659209,0.0035051733183231355,0.0035051733183231355
1990-03-31,0.02030452432372406,0.005573939815197065,0.002746235670866015,0.002746235670866015,0.0034138699378689075,0.0034138699378689075
1990-04-30,-0.004575141985359826,0.005595795281826927,0.0025898438291456632,0.0025898438291456632,0.003465980881039891,0.003465980881039891
1990-05-31,0.03135981103405353,0.005580727226616279,0.0027102103180843273,0.0027102103180843273,0.0033097424218063013,0.0033097424218063013
1990-06-30,0.024802830559433702,0.005618861965976394,0.002472419750627751,0.002472419750627751,0.00317911982591102,0.00317911982591102
1990-07-31,-0.00470981422119741,0.005647198699497011,0.002295345346515279,0.002295345346515279,0.0032373152819813343,0.0032373152819813343
1990-08-31,-0.08819004683497957,0.005631922869230499,0.0023576153096263666,0.0023576153096263666,0.0038409981613053415,0.0038409981613053415
1990-09-30,-0.05055787719849774,0.005493746183362738,0.0032487201090789994,0.0032487201090789994,0.0040876327312275446,0.0040876327312275446
1990-10-31,-0.029518488035608838,0.005411317325448237,0.0038062215926296453,0.0038062215926296453,0.004197187761982466,0.004197187761982466
1990-11-30,0.023467247252275274,0.005360025393934203,0.0042023180104756724,0.0042023180104756724,0.004153921746718105,0.004153921746718105
1990-12-31,0.038998591509530466,0.005386575572612123,0.00398532439032543,0.00398532439032543,0.004057760487700953,0.004057760487700953
1991-01-31,-0.012471981379971287,0.005435787894628109,0.003584611731581991,0.003584611731581991,0.004120634505743259,0.004120634505743259
1991-02-28,0.10464313715604796,0.005409606945396238,0.0037024895514100736,0.0037024895514100736,0.0037789136849678993,0.0037789136849678993
1991-03-31,0.02505338995678802,0.005554473412857043,0.0025247681390123955,0.0025247681390123955,0.0036515826303467284,0.0036515826303467284
1991-04-30,0.01742841346843255,0.005582897489451695,0.002233566581680571,0.002233566581680571,0.003561015507243183,0.003561015507243183
1991-05-31,-0.006485473878939603,0.005600139870789367,0.002049566937209195,0.002049566937209195,0.003634230645217495,0.003634230645217495
1991-06-30,-0.0010733805232441686,0.005582573571734529,0.0020906739398070043,0.0020906739398070043,0.0036685211294868046,0.0036685211294868046
1991-07-31,0.0031530956253677774,0.005572913261001614,0.0020817645002777566,0.0020817645002777566,0.0036732288964969424,0.0036732288964969424
1991-08-31,0.02180682343616227,0.005569406278920985,0.002065214271592848,0.002065214271592848,0.0035471514800286047,0.0035471514800286047
1991-09-30,-0.0074581491125013475,0.005592904711854764,0.0018690546910391861,0.0018690546910391861,0.0036304847551620638,0.0036304847551620638
1991-10-31,-0.002531489793384273,0.005574044807484307,0.0019554192731073006,0.0019554192731073006,0.003676052093356977,0.003676052093356977
1991-11-30,-0.003997500893739168,0.005562348509358956,0.0019247689925063344,0.0019247689925063344,0.003732369533361362,0.003732369533361362
1991-12-31,0.0055094344723318305,0.005548573510219044,0.0019106809438397404,0.0019106809438397404,0.003719420038266815,0.003719420038266815
1992-01-31,0.067621163763205,0.005548517195056617,0.001809562685548681,0.001809562685548681,0.0032412666538365023,0.0032412666538365023
1992-02-29,-0.009180187002955364,0.0056377020320798185,0.001215333079173396,0.001215333079173396,0.003352769651513176,0.003352769651513176
1992-03-31,-0.01336210261264381,0.005616442506921949,0.0013193363702611316,0.0013193363702611316,0.0034974101757598085,0.0034974101757598085
1992-04-30,-0.0007214639806037842,0.0055892526142005084,0.0014620836466421733,0.0014620836466421733,0.0035324674394592954,0.0035324674394592954
1992-05-31,0.017352378228961903,0.005580224407340989,0.0014528369088053009,0.0014528369088053009,0.003418255630867832,0.003418255630867832
1992-06-30,-0.016400778482605433,0.005597041769943304,0.0012869167582900479,0.0012869167582900479,0.003589305163796479,0.003589305163796479
1992-07-31,0.01590012632357671,0.005565661141908284,0.0014185112165827143,0.0014185112165827143,0.0034863891582804793,0.0034863891582804793
1992-08-31,0.006706359179152521,0.0055803826022810315,0.0012893968097599101,0.0012893968097599101,0.003458313500220727,0.003458313500220727
1992-09-30,0.0011764173500297477,0.005581984275932342,0.0012475762441310212,0.0012475762441310212,0.003477717456571124,0.003477717456571124
1992-10-31,-0.01431571978218013,0.005575726368367139,0.001264239038827629,0.001264239038827629,0.0036306519696669487,0.0036306519696669487
1992-11-30,0.024814681768548452,0.005547511551132321,0.0013717631342283348,0.0013717631342283348,0.0034523053837584826,0.0034523053837584826
1992-12-31,0.02958469178044593,0.005574802160505432,0.0011473474444655268,0.0011473474444655268,0.003220097630437092,0.003220097630437092
1993-01-31,-0.001247376753564941,0.005608762400420482,0.0009029588434823627,0.0009029588434823627,0.0032624803313559755,0.0032624803313559755
1993-02-28,0.014604915303701869,0.0055990785880560955,0.0009279613440205392,0.0009279613440205392,0.003156526356689606,0.003156526356689606
1993-03-31,0.01884109093943477,0.005611780755497064,0.0008403433911824965,0.0008403433911824965,0.0030075140923365336,0.0030075140923365336
1993-04-30,-0.01596109994536964,0.005630413586742046,0.0007250420621480319,0.0007250420621480319,0.0031952802138488496,0.0031952802138488496
1993-05-31,0.004834798633544867,0.005600045775867064,0.0008517900941909309,0.0008517900941909309,0.0031800014600131157,0.0031800014600131157
1993-06-30,0.006153450710314931,0.0055989709905548135,0.0008232576609682463,0.0008232576609682463,0.003151897949829437,0.003151897949829437
1993-07-31,-0.001945215020366823,0.0055997486619710265,0.0007839829559265071,0.0007839829559265071,0.0032013759052034307,0.0032013759052034307
1993-08-31,0.014941015105831894,0.005589181485945344,0.0007925532368410135,0.0007925532368410135,0.003088653723999182,0.003088653723999182
1993-09-30,0.01094523606821807,0.005602260973525605,0.0006742813899483779,0.0006742813899483779,0.003011708596858616,0.003011708596858616
1993-10-31,0.009890853221208145,0.005609723229244449,0.0005893760458336103,0.0005893760458336103,0.002943519193222694,0.002943519193222694
1993-11-30,-0.0024344682648031507,0.00561569412184133,0.0005337129185134584,0.0005337129185134584,0.0029995142081370445,0.0029995142081370445
1993-12-31,0.006256241653891451,0.005604482196511742,0.0005636423549891315,0.0005636423549891315,0.0029675333117494653,0.0029675333117494653
1994-01-31,0.014670715811143806,0.005605388676980976,0.0005322296798829368,0.0005322296798829368,0.002849816677714998,0.002849816677714998
1994-02-28,-0.0032298998452897354,0.005617979409111758,0.000466227001240542,0.000466227001240542,0.0029144402913498244,0.0029144402913498244
1994-03-31,-0.01703742735955646,0.005605707731921187,0.0005223469822797505,0.0005223469822797505,0.0031188061831845214,0.0031188061831845214
1994-04-30,-0.036940872462072234,0.005574346048969002,0.0006726316818735159,0.0006726316818735159,0.003511574294239481,0.003511574294239481
1994-05-31,0.007472844642632776,0.005515542150613482,0.000981711836938813,0.000981711836938813,0.0034732705221835894,0.0034732705221835894
1994-06-30,0.007583839389802103,0.0055182456070941716,0.0009499598937721745,0.0009499598937721745,0.003433528842690905,0.003433528842690905
1994-07-31,-0.008640797351620075,0.0055210947019668725,0.0009130473777272455,0.0009130473777272455,0.0035428120801158764,0.0035428120801158764
1994-08-31,0.026758892297235045,0.00550158796360105,0.0009933863230032827,0.0009933863230032827,0.0033308237695404384,0.0033308237695404384
1994-09-30,0.004418598803816331,0.005530827721969184,0.0007891457636345148,0.0007891457636345148,0.003318887893335929,0.003318887893335929
1994-10-31,-0.008275835964115526,0.0055292999349937,0.0007537883738712448,0.0007537883738712448,0.0034279355548436402,0.0034279355548436402
1994-11-30,-0.007807171633181828,0.005510362848712342,0.0008809837453552447,0.0008809837453552447,0.0035298082356384776,0.0035298082356384776
1994-12-31,-0.0146952865295545,0.0054921196507919405,0.0009941807715108594,0.0009941807715108594,0.003691180219737568,0.003691180219737568
1995-01-31,0.019562125571346553,0.005464503500066433,0.0011534850505606972,0.0011534850505606972,0.0035510451219786937,0.0035510451219786937
1995-02-28,0.03273266637181522,0.005483762546611896,0.000968686697361304,0.000968686697361304,0.003284597476894752,0.003284597476894752
1995-03-31,0.020461468475694536,0.005520937040234275,0.0006796909975871068,0.0006796909975871068,0.00311649823627537,0.00311649823627537
1995-04-30,0.02689772837305858,0.00554129198769403,0.0004904467740506416,0.0004904467740506416,0.0028752510899081895,0.0028752510899081895
1995-05-31,0.028242208262865016,0.005570348363728539,0.0003416506513708589,0.0003416506513708589,0.0026108232061619577,0.0026108232061619577
1995-06-30,0.02658390098311766,0.005601152521200192,0.00019129259168249035,0.00019129259168249035,0.0023545291614744035,0.0023545291614744035
1995-07-31,0.030324026828534908,0.005629623007579999,5.838784484753917e-05,5.838784484753917e-05,0.002048333838455899,0.002048333838455899
1995-08-31,0.0006220366067745849,0.00566308425936991,-5.25658643594773e-05,0.0,0.0020732909113975757,0.0020733590703514685
1995-09-30,0.03202240990347507,0.005656262814643801,-2.6247352866132223e-05,0.0,0.00174134819177303,0.001743098046635176
1995-10-31,0.004703926545506554,0.005691892743142222,-0.0001330560536086864,0.0,0.001718927868316557,0.0017219471988973254
1995-11-30,0.018929479321840255,0.005690559455426114,-0.00012148450039910219,0.0,0.001531257644989619,0.0015388910107306825
1995-12-31,0.02888247523478139,0.005708401665488666,-0.000159645477860966,0.0,0.0012248505552969204,0.0012417313208379138
1996-01-31,-0.0026357239179918704,0.005739591535703058,-0.00021853438728544616,0.0,0.0012891536590184647,0.0013049301892149405
1996-02-29,0.05322178567202539,0.005728334391276049,-0.00016029854792189158,0.0,0.0006951346579098317,0.0007279996336528448
1996-03-31,-0.0060126300921483945,0.005792083990310612,-0.0002274830144268561,0.0,0.0008010180057675675,0.0008311991875964424
1996-04-30,-0.0021490450381599514,0.005776259976795251,-0.00016926548398806668,0.0,0.0008599089382645246,0.0008893912526004766
1996-05-31,0.019165878207504403,0.005765650465396382,-0.0001483208543215514,0.0,0.0006664367564050474,0.0007016264686759458
1996-06-30,0.008537329898067748,0.005783565208367114,-0.00016197378172147503,0.0,0.0005983420918580951,0.0006363236868537463
1996-07-31,-0.03960025884182135,0.0057872417967378765,-0.0001563496387051444,0.0,0.0011025453328496336,0.0011281684007297104
1996-08-31,0.02602782875060547,0.005726725129219797,-3.1034270351171234e-05,0.0,0.0008356157991508906,0.0008628553395051042
1996-09-30,0.015851737078074947,0.0057537572245878205,-2.8393432578363575e-05,0.0,0.0006854064512369403,0.0007135469682341201
1996-10-31,0.03614586198568348,0.0057671853892866075,3.471488957906832e-06,3.471488957906832e-06,0.0003019980521676123,0.000330138569164792
1996-11-30,0.04514539432527407,0.0058075289173030705,-1.6876490179403014e-05,0.0,-0.0001901649981851072,-0.0001605004047640549
1996-12-31,0.007737104146595701,0.005859701152592157,-1.96955459040582e-06,0.0,-0.00024653361793560417,-0.0002168385433374298
1997-01-31,0.027978539522148623,0.0058621877790742795,2.699091692365957e-05,2.699091692365957e-05,-0.0005386896729424702,-0.0005089945983442958
1997-02-28,0.03851008374276646,0.005891442212596866,6.380507613400199e-05,6.380507613400199e-05,-0.0009528302409811235,-0.0009231351663829491
1997-03-31,-0.010417094862328936,0.005934531567326284,0.00014489279473181918,0.00014489279473181918,-0.0007970101373540281,-0.0007673150627558538
1997-04-30,-0.03891631636261021,0.005912959500796396,0.0001240485205594062,0.0001240485205594062,-0.0003114962531276408,-0.0002818011785294664
1997-05-31,0.08388670442690314,0.005853895896233278,5.071175633107605e-05,5.071175633107605e-05,-0.0012508507130036713,-0.0012211556384054967
1997-06-30,0.04779654960887822,0.005956570644299949,0.00019118457707373998,0.00019118457707373998,-0.0017665376530586717,-0.0017368425784604971
1997-07-31,0.05167970435566855,0.006011550905751431,0.00037981921317046044,0.00037981921317046044,-0.0023126356291669906,-0.002282940554568816
1997-08-31,-0.0007225655058179185,0.006071482865659459,0.00067730794826577,0.00067730794826577,-0.002268436181580464,-0.0022387411069822896
1997-09-30,0.0075804451933048946,0.006062578477230261,0.0006690060076381399,0.0006690060076381399,-0.002313900253829867,-0.0022842051792316925
1997-10-31,0.012208306753568387,0.006064565213769627,0.0007161065117160387,0.0007161065117160387,-0.0024082253601208493,-0.0023785302855226747
1997-11-30,-0.01571540417722489,0.006072596248462174,0.0007961727290866569,0.0007961727290866569,-0.0022061405695041505,-0.002176445494905976
1997-12-31,0.021735800285399724,0.006044152383676682,0.0006849621242936629,0.0006849621242936629,-0.0024030505429175806,-0.002373355468319406
1998-01-31,-0.0019183851929858364,0.00606461085551726,0.0008213749766294715,0.0008213749766294715,-0.002346828602794175,-0.0023171335281960003
1998-02-28,0.05786853686671502,0.006054216329412437,0.0007996044345599009,0.0007996044345599009,-0.002918967838997725,-0.0028892727643995506
1998-03-31,0.04753586639237262,0.006121595159760035,0.0012123729606324588,0.0012123729606324588,-0.0033496920209897963,-0.0033199969463916217
1998-04-30,0.029314987565221398,0.0061753799275945966,0.001627633881716009,0.001627633881716009,-0.003580840133361999,-0.0035511450587638244
1998-05-31,-0.006330046703918667,0.0062053923888625954,0.0019289648482445354,0.0019289648482445354,-0.0034919141719319357,-0.003462219097333761
1998-06-30,-0.0029866077094046705,0.0061891547734574375,0.0018454782006955862,0.0018454782006955862,-0.0034310686090326253,-0.0034013735344344508
1998-07-31,0.03957081209005555,0.006177284446830191,0.0018019563785340968,0.0018019563785340968,-0.003742427382331496,-0.0037127323077333213
1998-08-31,-0.07637864719339528,0.006220428539392497,0.002193821881429827,0.002193821881429827,-0.003093452966935032,-0.0030637578923368575
1998-09-30,-0.054295315298845646,0.006113849086834062,0.00138933537141046,0.00138933537141046,-0.002544966145427411,-0.0025152710708292365
1998-10-31,0.008993807649681444,0.00603600222551231,0.0009736799216410047,0.0009736799216410047,-0.00260053998127425,-0.0025708449066760754
1998-11-30,0.10083585649375124,0.006039808924899915,0.0010124544538245607,0.0010124544538245607,-0.003578960941423166,-0.0035492658668249914
1998-12-31,0.0365541260655286,0.006161654744397153,0.0017297179748471982,0.0017297179748471982,-0.003867998027283685,-0.0038383029526855104
1999-01-31,0.04559812075803506,0.0062006694700982206,0.0020616766191933235,0.0020616766191933235,-0.004211260827552816,-0.004181565752954641
1999-02-28,-0.004271901012037041,0.0062511790230314725,0.0025492725987284384,0.0025492725987284384,-0.004147054023556562,-0.004117358948958387
1999-03-31,0.02512814409805744,0.00623770516895328,0.0024680644612604438,0.0024680644612604438,-0.00430368454976833,-0.004273989475170156
1999-04-30,0.03792871490830634,0.006261861740473874,0.002735546542488528,0.002735546542488528,-0.004539454059840069,-0.004509758985241894
1999-05-31,-0.0045574310850661414,0.006302304720253991,0.0031636374052406383,0.0031636374052406383,-0.004481135096710725,-0.004451440022112551
1999-06-30,-0.009879447396520705,0.006288453016420674,0.00304532077859768,0.00304532077859768,-0.004386783725328488,-0.004357088650730314
1999-07-31,0.04043381302548531,0.006267856964939221,0.002862988913015641,0.002862988913015641,-0.004631037996287455,-0.00460134292168928
1999-08-31,-0.04225512748577889,0.006311325102420832,0.003340451971531542,0.003340451971531542,-0.004351294545333513,-0.0043215994707353385
1999-09-30,-0.009919737552076171,0.00624961423509148,0.002741599953712927,0.002741599953712927,-0.004250156075551833,-0.004220461000953658
1999-10-31,-0.016697711825885853,0.00622909475312807,0.002589572089703375,0.002589572089703375,-0.004096516936480864,-0.004066821861882689
1999-11-30,0.06460751851883506,0.006200036696627418,0.0023648701842549375,0.0023648701842549375,-0.004559230275371557,-0.004529535200773383
1999-12-31,0.023484964155548516,0.006273970217921351,0.0030391709431501646,0.0030391709431501646,-0.004681042423134673,-0.004651347348536498
2000-01-31,-0.005512642940332697,0.00629572874375906,0.0032831911101636694,0.0032831911101636694,-0.004618971477948884,-0.004589276403350709
2000-02-29,-0.0295151215275998,0.0062808191835518725,0.003156529657440581,0.003156529657440581,-0.004405058897709549,-0.004375363823111374
2000-03-31,0.03403980742995107,0.006235679283537811,0.0027440472504650093,0.0027440472504650093,-0.004611413960939285,-0.00458171888634111
2000-04-30,0.009414524196283584,0.006270697077173092,0.0030958427044149132,0.0030958427044149132,-0.004641456047780114,-0.004611760973181939
2000-05-31,-0.03350542127809851,0.006274651576693986,0.0031530595178413355,0.0031530595178413355,-0.004402846065713806,-0.0043731509911156315
2000-06-30,0.026330194052168285,0.006224676610796006,0.0026884129939966934,0.0026884129939966934,-0.004557548045731002,-0.0045278529711328275
2000-07-31,0.0037304197146147662,0.00624990310695833,0.0029375970824343615,0.0029375970824343615,-0.004551828816892804,-0.00452213374229463
2000-08-31,0.0043923204573103475,0.006246745859599502,0.0029097216130620305,0.0029097216130620305,-0.004550588022653115,-0.00452089294805494
2000-09-30,-0.015923993148222987,0.006244424926680493,0.0028897638737602083,0.0028897638737602083,-0.00441310671599163,-0.004383411641393455
2000-10-31,-0.058540029460345956,0.006216714404086863,0.0026238999332212232,0.0026238999332212232,-0.0039606970989291435,-0.003931002024330969
2000-11-30,-0.012835997076938822,0.006135869530348495,0.0019232973356220553,0.0019232973356220553,-0.0038186021479210907,-0.003788907073322916
2000-12-31,-0.03889455449386763,0.006112213836324446,0.0017542071283525168,0.0017542071283525168,-0.0034453147738135875,-0.003415619699215413
2001-01-31,-0.00026328695853963455,0.0060561655569593255,0.0013651095396233215,0.0013651095396233215,-0.0034080309688731708,-0.003378335894274996
2001-02-28,-0.02588291967203104,0.006048305541392785,0.0013052802500615017,0.0013052802500615017,-0.00312762604024645,-0.0030979309656482754
2001-03-31,-0.09925455959058621,0.006008639423115239,0.0010466417800516978,0.0010466417800516978,-0.0021076159700415906,-0.002077920895443416
2001-04-30,0.0007938039289816191,0.005878039920616851,0.0003511729566366695,0.0003511729566366695,-0.002081962436600631,-0.002052267362002456
2001-05-31,0.06330435602969624,0.005871739752101813,0.0003065226736378608,0.0003065226736378608,-0.0027521840316689283,-0.0027224889570707537
2001-06-30,-0.027194829859706584,0.005942819722742399,0.0005985493983443023,0.0005985493983443023,-0.0024265521424016003,-0.0023968570678034257
2001-07-31,-0.02986547581660468,0.00590185847480365,0.00038495173797624405,0.00038495173797624405,-0.002062338307323195,-0.0020326432327250205
2001-08-31,-0.023590117715166795,0.00585770127197475,0.00021476522941793821,0.00021476522941793821,-0.0017618367162291221,-0.0017321416416309476
2001-09-30,-0.12211137389658404,0.005821390767674946,9.937598974340406e-05,9.937598974340406e-05,-0.0003305118293669314,-0.0003008167547687568
2001-10-31,0.029146338020985166,0.005663838101832261,-0.0002908263992789373,0.0,-0.0006456306760195781,-0.0005988979723492661
2001-11-30,0.047497808453897616,0.005692721865570459,-0.00025234084092518386,0.0,-0.001178042169039913,-0.001107274515614883
2001-12-31,0.012996947307752721,0.005744079465801818,-0.00015098792187060242,0.0,-0.0012983062779094775,-0.001223591063002578
2002-01-31,-0.004388917987479544,0.00575297869014777,-0.00011423565306956096,0.0,-0.0012137211187499262,-0.0011399955958837314
2002-02-28,-0.03547694148989682,0.0057405498951996975,-0.00012916169326977062,0.0,-0.0007643050592202559,-0.0006997273772807882
2002-03-31,0.04683624936603521,0.005690100089342787,-0.00022275623751350643,0.0,-0.0012858494673152288,-0.0012003560316583655
2002-04-30,-0.03725956484660722,0.005740401005328962,-0.00011358733131305518,0.0,-0.0008166760496142913,-0.0007396341409492166
2002-05-31,-0.03002509528409761,0.005687897994520738,-0.00017518733158704627,0.0,-0.00043227516546900534,-0.0003657225988497177
2002-06-30,-0.062467037417000354,0.005644345563693154,-0.000187648122538131,0.0,0.0003281629951825245,0.00037130712903606577
2002-07-31,-0.11524702996109962,0.005561384074069898,-0.0001935387987906101,0.0,0.001685530068239949,0.0016841021158744154
2002-08-31,0.009917238273312328,0.005414415200547794,-0.00012961659688796867,0.0,0.0016048661910817023,0.001606025916529385
2002-09-30,-0.050103091990511155,0.005419886431498905,-0.0001866586822309134,0.0,0.002196017009712707,0.0021785072223707565
2002-10-31,-0.015113377228986176,0.0053525041761323874,-0.0001095852304900044,0.0,0.002389755537066947,0.002368945352793496
2002-11-30,0.06284565880999378,0.005327697047156486,-2.0717432982136214e-05,0.0,0.0017458902004947523,0.0017276844468825606
2002-12-31,-0.011420699660339418,0.005397331383431107,-0.0001516209624660217,0.0,0.0019017442339851174,0.0018800982343401128
2003-01-31,-0.0032141860272688,0.005376995191116996,-7.954030598477865e-05,0.0,0.001965726624914298,0.0019435756372493678
2003-02-28,-0.0672678742222082,0.005366619368389477,-4.408194571836957e-05,0.0,0.002722458036044218,0.00269437839403712
2003-03-31,0.01202457892405325,0.005279002367677055,0.0001824692994715285,0.0001824692994715285,0.002627725278761539,0.002599645636754441
2003-04-30,0.05056614837397968,0.005287129568347388,0.00016743594834000772,0.00016743594834000772,0.0021378846086000146,0.0021098049665929167
2003-05-31,0.05081649161209318,0.00534161695559845,-3.1645255349106727e-06,0.0,0.0016232113836771606,0.0015954533718548869
2003-06-30,0.05458162503385962,0.005396274256868275,-0.00013766757403422397,0.0,0.0010482091312245378,0.0010354983115737188
2003-07-31,0.005186688849973838,0.0054553202962164035,-0.00023800254474974636,0.0,0.00101885401735046,0.0010086687332011863
2003-08-31,-0.0024025708559707137,0.005454998196160958,-0.00017845935702915858,0.0,0.0010756487367997534,0.001064637777892244
2003-09-30,0.030342517494136835,0.005445587933823075,-0.00011029560734633626,0.0,0.0007681320125371134,0.0007638265115414691
2003-10-31,0.01931376175212217,0.005475368950043545,-8.634423816144751e-05,0.0,0.0005832690154474966,0.0005823062338683534
2003-11-30,0.011287936895823424,0.005491902274777213,6.568783037189108e-06,6.568783037189108e-06,0.0004895937662796728,0.0004886309847005297
2003-12-31,0.029423964766430763,0.005498818783871539,0.00010470309320551735,0.00010470309320551735,0.00020238727150338764,0.00020142448992424447
2004-01-31,0.04743627034128951,0.005527335048451467,0.00018397751444059265,0.00018397751444059265,-0.00027403304851160426,-0.00027499583009074743
2004-02-29,0.010090225923724699,0.005577226638085798,0.00024030207183533409,0.00024030207183533409,-0.0003506868858474461,-0.00035164966742658925
2004-03-31,-0.016534903520212835,0.005582592867914144,0.0003151842259410849,0.0003151842259410849,-0.0001454286964217226,-0.00014639147800086578
2004-04-30,0.008865975950865879,0.005556325057476938,0.00039308174605619944,0.00039308174605619944,-0.00020626484359150985,-0.00020722762517065303
2004-05-31,-0.026745471687397427,0.00556025109649638,0.00045621219668044374,0.00045621219668044374,9.74632748689838e-05,9.650049328984063e-05
2004-06-30,0.02734063325094054,0.005521974173766648,0.0005432560140980029,0.0005432560140980029,-0.00014458226797872014,-0.0001455450495578633
2004-07-31,-0.02368593406807516,0.0055477950720828305,0.0005815778047480874,0.0005815778047480874,0.00012111651896378503,0.00012015373738464186
2004-08-31,-0.015066324034307086,0.005513239836692572,0.0006671873568467358,0.0006671873568467358,0.00029709158738877226,0.0002961288058096291
2004-09-30,0.026227455074018607,0.005488942830941687,0.000751116916207082,0.000751116916207082,7.813367151386001e-05,7.717088993471684e-05
2004-10-31,-0.00034167662313044043,0.005513398623681165,0.0007691424537066595,0.0007691424537066595,0.00011118165863822078,0.00011021887705907761
2004-11-30,0.04517552410595452,0.0055065021864057675,0.0007969417956859778,0.0007969417956859778,-0.0002846456091774198,-0.000285608390756563
2004-12-31,0.025192115220077898,0.0055531716239581785,0.000762986841076254,0.000762986841076254,-0.0004957398169635916,-0.0004967025985427348
2005-01-31,-0.015388850260293772,0.005576249113495334,0.000765184286014093,0.000765184286014093,-0.00031715725733404723,-0.0003181200389131904
2005-02-28,0.014750792193417989,0.0055516421893476945,0.0008508030310199095,0.0008508030310199095,-0.00042574259525144476,-0.00042670537683058793
2005-03-31,-0.00465524279593848,0.005562426655940977,0.0009086050992921542,0.0009086050992921542,-0.0003522982296248365,-0.00035326101120397964
2005-04-30,-0.026648130486709467,0.005550462171805288,0.0009831666078652657,0.0009831666078652657,-7.903743956453035e-05,-8.000022114367352e-05
2005-05-31,0.010972756121487681,0.00551280299910527,0.0010787847711228524,0.0010787847711228524,-0.00014711702054775693,-0.0001480798021269001
2005-06-30,0.019224883404652893,0.005519181449014594,0.0011199858179951963,0.0011199858179951963,-0.00028705807107433313,-0.0002880208526534763
2005-07-31,0.015456759854602674,0.005535174100071349,0.0011467958953646114,0.0011467958953646114,-0.00039339527570450653,-0.0003943580572836497
2005-08-31,0.0004278814460564272,0.005546737719831875,0.0011641484262380972,0.0011641484262380972,-0.0003677346752190421,-0.0003686974567981853
2005-09-30,-5.7346899773020633e-05,0.005540778632202334,0.001201473635572263,0.001201473635572263,-0.0003379802948874948,-0.00033894307646663795
2005-10-31,-0.02942116238090696,0.00553426918390934,0.001237996321865685,0.001237996321865685,-5.6082111366738635e-05,-5.7044892945881805e-05
2005-11-30,0.03578077427107619,0.005493670540976916,0.001345180527670447,0.001345180527670447,-0.00032458357546982975,-0.0003255463570489729
2005-12-31,0.01800304444155406,0.005528806392171928,0.001329584585634938,0.001329584585634938,-0.00044698122412412334,-0.0004479440057032665
2006-01-31,0.011336895092802024,0.0055432608974435174,0.0013505581126286893,0.0013505581126286893,-0.0005131419532160734,-0.0005141047347952166
2006-02-28,-0.003681350560327592,0.005549966492577034,0.0013657248831328017,0.0013657248831328017,-0.00045339770921680656,-0.00045436049079594973
2006-03-31,0.011079166400100017,0.005539294449741307,0.001402081659919216,0.001402081659919216,-0.0005163534970590755,-0.0005173162786382187
2006-04-30,0.004214386486113539,0.005545691530515392,0.0014133553456126408,0.0014133553456126408,-0.0005224268993878814,-0.0005233896809670246
2006-05-31,-0.011709273658121836,0.005544155999899012,0.0014433180655554247,0.0014433180655554247,-0.0003977367334733516,-0.00039869951505249477
2006-06-30,-0.03134174695639814,0.005524278776790693,0.0014989532127950983,0.0014989532127950983,-0.00011714446771605904,-0.00011810724929520221
2006-07-31,0.003205411050993847,0.005481855271919359,0.001597412398628633,0.001597412398628633,-0.00011454792909108223,-0.0001155107106702254
2006-08-31,0.018556634858461145,0.005479238669366572,0.0016256163695439335,0.0016256163695439335,-0.00023018902507659342,-0.0002311518066557366
2006-09-30,0.02088577533929702,0.005494252901501009,0.0016170281995551705,0.0016170281995551705,-0.00036457467845872507,-0.00036553746003786824
2006-10-31,0.03153628043693213,0.00551190372998472,0.0016051024293478496,0.0016051024293478496,-0.0005831819123953151,-0.0005841446939744583
2006-11-30,0.015742696765407828,0.005541714012581452,0.0015860562577941426,0.0015860562577941426,-0.0006795323337336626,-0.0006804951153128058
2006-12-31,0.017162208163814592,0.005553385617561802,0.0015988141392063726,0.0015988141392063726,-0.0007869868063884863,-0.0007879495879676295
2007-01-31,0.002882734421721294,0.005566652843328948,0.001609700241594389,0.001609700241594389,-0.0007814040043184128,-0.000782366785897556
2007-02-28,0.011704749533832073,0.005563589009514328,0.001630000129025297,0.001630000129025297,-0.0008451907273026287,-0.0008461535088817719
2007-03-31,-0.029220940449088628,0.00557059147305403,0.0016359240523606267,0.0016359240523606267,-0.0005868861206739565,-0.0005878489022530997
2007-04-30,0.03685715130570165,0.0055309655824821126,0.0017057185423978438,0.0017057185423978438,-0.0008411794340213812,-0.0008421422156005243
2007-05-31,0.029317377441134683,0.0055666040190273,0.0016696113635536504,0.0016696113635536504,-0.0010414791649537391,-0.0010424419465328823
2007-06-30,-0.00047838119809971236,0.005593593534279694,0.001655549385989663,0.001655549385989663,-0.0010091639475407971,-0.0010101267291199403
2007-07-31,0.0019102182351528763,0.005586701394969388,0.0016829170730946058,0.0016829170730946058,-0.0009956990849346557,-0.000996661866513799
2007-08-31,-0.04691224187153721,0.005582533046715628,0.001716336861677787,0.001716336861677787,-0.0006047363608291181,-0.0006056991424082613
2007-09-30,0.02680532092243865,0.005523082565494504,0.0018260439941879952,0.0018260439941879952,-0.000775766967205569,-0.0007767297487847122
2007-10-31,0.026254651734090743,0.00554715749576254,0.0018127571607079902,0.0018127571607079902,-0.0009443728599115304,-0.0009453356414906736
2007-11-30,-0.05248704439347577,0.005570555794336922,0.0018022205250155555,0.0018022205250155555,-0.0005210122057337557,-0.0005219749873128989
2007-12-31,0.009598944093292818,0.005505028028887924,0.0019306366100057606,0.0019306366100057606,-0.0005630549966495996,-0.0005640177782287427
2008-01-31,-0.07114117310530083,0.005509643492320172,0.001947288378148445,0.001947288378148445,-2.963051358511855e-05,-3.059329516426172e-05
2008-02-29,-0.018040625285208122,0.005423325005160689,0.002152894607754679,0.002152894607754679,0.00011314820397629563,0.00011218542239715246
2008-03-31,-0.028370587105689713,0.005396931360289634,0.0022394910131026124,0.0022394910131026124,0.00031641662488798335,0.0003154538433088402
2008-04-30,0.040521071745777626,0.005358990328305387,0.0023690661998010155,0.0023690661998010155,9.721306731669943e-05,9.625028573755626e-05
2008-05-31,0.024236879078126272,0.0053984539438132135,0.0022563796493130783,0.0022563796493130783,-3.10430262822397e-05,-3.200580786138287e-05
2008-06-30,-0.04482601443921828,0.005419573254501904,0.0022051542027659993,0.0022051542027659993,0.00028164523257431996,0.0002806824509951768
2008-07-31,-0.06425626924555893,0.005363307198853842,0.002373986962044026,0.002373986962044026,0.0006889396145829424,0.0006879768330037993
2008-08-31,0.01953133377654594,0.005285432952271724,0.0026186790472257047,0.0026186790472257047,0.0006058474148848012,0.000604884633305658
2008-09-30,-0.05111881657940603,0.005301350159896612,0.00254765704464463,0.00254765704464463,0.0009089922385345884,0.0009080294569554452
2008-10-31,-0.22652067728532063,0.005238381223803641,0.002764010961887532,0.002764010961887532,0.00204978517495084,0.002048822393371697
2008-11-30,-0.09055582968151642,0.004980009921117884,0.0038305336524111396,0.0038305336524111396,0.0022680962401269255,0.0022671334585477824
2008-12-31,-0.00369119687368769,0.00487362257189446,0.004314991802516457,0.004314991802516457,0.002277353315143368,0.002276390533564225
2009-01-31,-0.011077185264236494,0.004864095520230854,0.004311600882585698,0.004311600882585698,0.0022946630091199693,0.002293700227540826
2009-02-28,-0.06952413999905764,0.004846382986025889,0.004296643961637658,0.004296643961637658,0.0023761295536231597,0.0023751667720440166
2009-03-31,-0.05884707714051199,0.004763840785154543,0.004621402723794417,0.004621402723794417,0.002394230496683176,0.002393267715104033
2009-04-30,0.11596780142051584,0.0046933187031970415,0.004884856175876126,0.004884856175876126,0.0024368202764664306,0.0024358574948872874
2009-05-31,0.06428974268159393,0.00481654625880869,0.004070076692228704,0.004070076692228704,0.002347473197338915,0.0023465104157597717
2009-06-30,0.02808483529972737,0.004882335192904691,0.0035625971838712,0.0035625971838712,0.002284489046335272,0.002283526264756129
2009-07-31,0.012495452261836166,0.004907973314569689,0.0032658171778170222,0.0032658171778170222,0.0022568727193263273,0.002255909937747184
2009-08-31,0.07788203951408654,0.004916348015394486,0.0030528688892856454,0.0030528688892856454,0.0019814600788130633,0.00198049729723392
2009-09-30,0.035666452353290766,0.0049967953048087,0.002494196456314001,0.002494196456314001,0.001821689380990059,0.0018207265994109158
2009-10-31,0.023608190088114593,0.005030572460148438,0.0021710576635273343,0.0021710576635273343,0.0017072666111316874,0.0017063038295525442
2009-11-30,0.020630658636331,0.005051009883281515,0.0019300356802484722,0.0019300356802484722,0.0016002787674545228,0.0015993159858753796
2009-12-31,0.021935592607311937,0.0050681303764167325,0.0017058524918270486,0.0017058524918270486,0.0014755476644251406,0.0014745848828459974
2010-01-31,0.013424181797347917,0.005086645702685553,0.0014799422197335071,0.0014799422197335071,0.0014023973134674877,0.0014014345318883446
2010-02-28,-0.02947607188536705,0.005095787737877069,0.001386325268840971,0.001386325268840971,0.0016451232331727173,0.0016441604515935741
2010-03-31,0.057627423920775064,0.005057921517041096,0.0014519944646916513,0.0014519944646916513,0.0012529969415735046,0.0012520341599943615
2010-04-30,0.03994408959359815,0.005115437384003605,0.0011940482616273722,0.0011940482616273722,0.0009644662530809557,0.0009635034715018125
2010-05-31,-0.06075495927110084,0.005153501484779118,0.0010860158380005328,0.0010860158380005328,0.001484085249845829,0.0014831224682666858
2010-06-30,-0.03620846184527898,0.005081549016705013,0.00129730460847894,0.00129730460847894,0.0017822677295447518,0.0017813049479656086
2010-07-31,-0.0016840304743956328,0.005036521742046361,0.001452718957210549,0.001452718957210549,0.0018175943546419936,0.0018166315730628504
2010-08-31,0.008473619784319052,0.005029200879065488,0.0014975281215883207,0.0014975281215883207,0.0017807925213500406,0.0017798297397708975
2010-09-30,0.03303010446913737,0.005032948886579364,0.0015010040678810621,0.0015010040678810621,0.0015705490699514989,0.0015695862883723557
2010-10-31,0.04464163372681338,0.005063380577429972,0.0014080228411302992,0.0014080228411302992,0.001267842082093522,0.0012668793005143788
2010-11-30,0.024504432386770542,0.005106353707885329,0.0012878369835377414,0.0012878369835377414,0.0011051172364083327,0.0011041544548291895
2010-12-31,0.03635621004030679,0.0051273928387734905,0.0012475316650986112,0.0012475316650986112,0.0008477369629613043,0.0008467741813821611
2011-01-31,0.033934554060621104,0.005161226876911663,0.0011746503527447043,0.0011746503527447043,0.0006024300292327628,0.0006014672476536197
2011-02-28,0.030912133664215538,0.005192366841396197,0.0011470493357420702,0.0011470493357420702,0.00037797618957182463,0.00037701340799268146
2011-03-31,-0.011280394858305141,0.005220171994718165,0.0011336472077841941,0.0011336472077841941,0.0004961364556242805,0.0004951736740451373
2011-04-30,0.02190240942271026,0.005202352808051832,0.0012262816199066946,0.0012262816199066946,0.00034752608563921053,0.00034656330406006736
2011-05-31,0.006539574905621972,0.005220367971605941,0.0012516066263233497,0.0012516066263233497,0.0003213037840510981,0.0003203410024719549
2011-06-30,-0.03732730180032081,0.005221789530802079,0.0013154304745012953,0.0013154304745012953,0.000638468199491757,0.0006375054179126138
2011-07-31,0.030530287581541613,0.005175988571349846,0.0014975693131483135,0.0014975693131483135,0.00043840994773807016,0.000437447166158927
2011-08-31,-0.1098357680302381,0.00520325125845758,0.0014804495364823221,0.0014804495364823221,0.0012810856132815301,0.001280122831702387
2011-09-30,-0.007920585007775394,0.005079686253851032,0.0019138090170415234,0.0019138090170415234,0.0013533773603220454,0.0013524145787429023
2011-10-31,0.029762716964845955,0.005065737464943708,0.0020240499617641336,0.0020240499617641336,0.001193884509632777,0.0011929217280536339
2011-11-30,0.01752849948401088,0.005092207968159038,0.002014059921536991,0.002014059921536991,0.0011078480213623705,0.0011068852397832273
2011-12-31,0.015447430956923535,0.0051055230554351095,0.002052783352176509,0.002052783352176509,0.001035386495949884,0.0010344237143707408
2012-01-31,0.04672842329608848,0.005116583919500873,0.0020979336317909422,0.0020979336317909422,0.0007750510645778417,0.0007740882829986985
2012-02-29,0.04077690103160502,0.005161041012851928,0.0019955434665257406,0.0019955434665257406,0.0005395468548627252,0.000538584073283582
2012-03-31,0.02837374081016498,0.005199051535817513,0.0019247391451222458,0.0019247391451222458,0.00037706338874784735,0.0003761006071687042
2012-04-30,-0.0004294385464512524,0.005223758027581209,0.0019020847719508974,0.0019020847719508974,0.00040358601926824677,0.0004026232376891036
2012-05-31,-0.031443909497292574,0.005217737583945392,0.0019780194908402306,0.0019780194908402306,0.0006306370486896995,0.0006296742671105563
2012-06-30,-0.011645702669273011,0.00517873583173131,0.002161238911828657,0.002161238911828657,0.0007230671437398219,0.0007221043621606787
2012-07-31,0.028743262602521785,0.005160856513451814,0.0022799674569572888,0.0022799674569572888,0.0005788910307283688,0.0005779282491492257
2012-08-31,0.03325758458724285,0.005185890914820254,0.0022657767404250274,0.0022657767404250274,0.00040641886275262094,0.00040545608117347777
2012-09-30,0.029705346360970733,0.0052156594128822086,0.002236118452657771,0.002236118452657771,0.00025160514768915866,0.0002506423661100155
2012-10-31,-0.002233356200237181,0.005241601877869591,0.0022214053326545455,0.0022214053326545455,0.0002876352456436805,0.0002866724640645373
2012-11-30,-0.028835612882950876,0.00523369186932133,0.0023426752906723566,0.0023426752906723566,0.00047626711850938346,0.0004753043369302403
2012-12-31,0.02147944568030844,0.005197677805101169,0.002561548744734212,0.002561548744734212,0.00038347625918650613,0.00038251347760736296
2013-01-31,0.0417594007499488,0.005214870801801493,0.0025900519971546396,0.0025900519971546396,0.00018474104659952403,0.00018377826502038086
2013-02-28,0.023019666305381697,0.005253419884025277,0.002491427193228351,0.002491427193228351,7.897195745814152e-05,7.800917587899835e-05
2013-03-31,0.02679259174720861,0.0052721409023828705,0.0024662955594341764,0.0024662955594341764,-4.966692419262664e-05,-5.062970577176981e-05
2013-04-30,0.014378734070016415,0.0052947940085353185,0.0024294436056938734,0.0024294436056938734,-0.00010993449975279508,-0.00011089728133193825
2013-05-31,0.04469696692475317,0.0053043459959816715,0.0024535047396055908,0.0024535047396055908,-0.00034266601350290234,-0.0003436287950820455
2013-06-30,-0.011254152158048368,0.00534572479947828,0.0023792506806433883,0.0023792506806433883,-0.0002529797714599266,-0.0002539425530390698
2013-07-31,0.03200352071679233,0.0053283062507295635,0.0024831330748606682,0.0024831330748606682,-0.0004128659911793939,-0.00041382877275853705
2013-08-31,0.002507529896782763,0.005356267691469671,0.0024479571084273337,0.0024479571084273337,-0.0004047542330736287,-0.0004057170146527719
2013-09-30,0.01183937498219785,0.00535328471995691,0.0025051631483016257,0.0025051631483016257,-0.00044981237674374027,-0.00045077515832288344
2013-10-31,0.020947259577206348,0.005360069333201932,0.0025324917523053894,0.0025324917523053894,-0.0005459555510859614,-0.0005469183326651045
2013-11-30,0.03784110337769937,0.005376356888315835,0.002502776592886266,0.002502776592886266,-0.0007407931264162602,-0.0007417559079954033
2013-12-31,0.015052724698166464,0.00541024493266801,0.0024264431087677903,0.0024264431087677903,-0.000807238697163001,-0.0008082014787421442
2014-01-31,0.009592083021923246,0.005420299656093972,0.0024180425061496383,0.0024180425061496383,-0.0008413017780335524,-0.0008422645596126956
2014-02-28,-0.0013156125345166862,0.00542464526376671,0.002457117039025434,0.002457117039025434,-0.0008101041912813116,-0.0008110669728604548
2014-03-31,0.026835533889111092,0.005417631467930827,0.002524453866787235,0.002524453866787235,-0.0009424062590099462,-0.0009433690405890894
2014-04-30,0.001990649416433527,0.0054398953997615756,0.002514645556910465,0.002514645556910465,-0.0009307835331116762,-0.0009317463146908194
2014-05-31,0.015196052843125809,0.005436313628231641,0.0025665235958845616,0.0025665235958845616,-0.0009950360325758553,-0.0009959988141549985
2014-06-30,0.03145436702304687,0.005446437839035472,0.0025825822395916034,0.0025825822395916034,-0.0011522036087174626,-0.0011531663902966058
2014-07-31,0.014829718108100928,0.005473389060987816,0.0025569113547695803,0.0025569113547695803,-0.0012152845010842256,-0.0012162472826633688
2014-08-31,-0.004287954552827322,0.005483074701823337,0.0025726164659666227,0.0025726164659666227,-0.001166878923092902,-0.001167841704672045
2014-09-30,0.017614561592208505,0.005472970224827834,0.0026341230302252445,0.0026341230302252445,-0.001243874221669804,-0.0012448370032489473
2014-10-31,-0.026825429123410058,0.005485513191116452,0.0026409442521192206,0.0026409442521192206,-0.0010681443883232451,-0.0010691071699023883
2014-11-30,0.055484399515179444,0.005452168565404865,0.002752445787458372,0.002752445787458372,-0.0013455791984541801,-0.0013465419800333233
2014-12-31,0.0063150297403362044,0.005503748184940716,0.002650829723655844,0.002650829723655844,-0.0013583473824542956,-0.0013593101640334388
2015-01-31,-0.011168792439446802,0.005504583696326293,0.002677364537260713,0.002677364537260713,-0.0012720619737129541,-0.0012730247552920973
2015-02-28,0.027874897354843987,0.0054874300171742635,0.0027633442141974107,0.0027633442141974107,-0.0014014533810532423,-0.0014024161626323855
2015-03-31,0.0005550811130323923,0.005510438719474027,0.0027522076534092915,0.0027522076534092915,-0.001381725177079952,-0.001382687958659095
2015-04-30,0.008733053011109262,0.005505351083327782,0.0028079867465304366,0.0028079867465304366,-0.0014064135275849976,-0.0014073763091641408
2015-05-31,0.009736982583487165,0.005508661546843455,0.0028251095076671194,0.0028251095076671194,-0.00143630881821232,-0.0014372715997914632
2015-06-30,-0.0043688923136070874,0.005512993842987558,0.002839425975941487,0.002839425975941487,-0.0013906169967638636,-0.0013915797783430068
2015-07-31,-0.0008030880177997117,0.005502879322868219,0.002888358330701335,0.002888358330701335,-0.0013644785488061547,-0.001365441330385298
2015-08-31,-0.024557230472278365,0.005496431503501481,0.0029222151445837292,0.0029222151445837292,-0.0012163758820618008,-0.001217338663640944
2015-09-30,-0.04616559102790772,0.005465733176662075,0.0030205796102162515,0.0030205796102162515,-0.000969861624987055,-0.0009708244065661981
2015-10-31,0.04226068282046556,0.005413048151963535,0.003191664230075785,0.003191664230075785,-0.001138501657939885,-0.0011394644395190281
2015-11-30,0.028898017430994623,0.005450609451319806,0.003096554101651345,0.003096554101651345,-0.0012544362269100127,-0.001255399008489156
2015-12-31,-0.011179091945887247,0.005474486648855115,0.0030482403121848863,0.0030482403121848863,-0.0011795115300803317,-0.0011804743116594749
2016-01-31,-0.06653402605634497,0.0054575450633060395,0.0031164969268773594,0.0031164969268773594,-0.0008479205696409451,-0.0008488833512200883
2016-02-29,-0.005723776134430341,0.005384382897534037,0.003347222624447182,0.003347222624447182,-0.0008068123910450909,-0.0008077751726242341
2016-03-31,0.061433443918718335,0.005373105578719859,0.003389653509074917,0.003389653509074917,-0.0010331324613686004,-0.0010340952429477436
2016-04-30,0.027685320081884467,0.005429961905636693,0.0032017969925552635,0.0032017969925552635,-0.001137274396681238,-0.0011382371782603811
2016-05-31,-0.0032321559537632437,0.0054525103941637934,0.0031391528875591955,0.0031391528875591955,-0.001102444543457935,-0.0011034073250370782
2016-06-30,0.010391176222668837,0.005443720246038361,0.0031729861839744425,0.0031729861839744425,-0.0011300694902519454,-0.0011310322718310886
2016-07-31,0.03222477793988135,0.005448722729331213,0.00316470241650375,0.00316470241650375,-0.0012576003470379262,-0.0012585631286170693
2016-08-31,0.01167854079855351,0.00547576924974591,0.003090801222598069,0.003090801222598069,-0.0012928752431756604,-0.0012938380247548035
2016-09-30,-0.004639005649911724,0.005482028353226039,0.003079411618483508,0.003079411618483508,-0.0012500138790120512,-0.0012509766605911944
2016-10-31,-0.005305621675470694,0.00547182569798094,0.0031146205103082768,0.0031146205103082768,-0.0012047609855917036,-0.0012057237671708467
2016-11-30,0.011673658036702138,0.00546097227665823,0.0031560904706960866,0.0031560904706960866,-0.0012387124784801295,-0.0012396752600592727
2016-12-31,0.038334339845987275,0.0054672224635395625,0.00314712002289572,0.00314712002289572,-0.0013966055123271004,-0.0013975682939062436
2017-01-31,0.013857366328861333,0.0055002547423158915,0.003061628111985782,0.003061628111985782,-0.0014433121619044356,-0.0014442749434835788
2017-02-28,0.025021326472728415,0.005508645416599571,0.003048063496044553,0.003048063496044553,-0.0015453917257487319,-0.001546354507327875
2017-03-31,0.016916063228215705,0.0055282168118414255,0.0030060450630361064,0.0030060450630361064,-0.0016091972851014298,-0.001610160066680573
2017-04-30,-0.002147831082442235,0.0055396274795933035,0.002986576709331324,0.002986576709331324,-0.0015764624093306413,-0.0015774251909097844
2017-05-31,0.01612540318442111,0.005531932325877553,0.003018690871266577,0.003018690871266577,-0.0016360266921596263,-0.0016369894737387695
2017-06-30,0.01687651792475795,0.005542525796736096,0.0030053937179889724,0.0030053937179889724,-0.0016999754013611772,-0.0017009381829403204
2017-07-31,0.00902476650048999,0.005553848466194659,0.0029906281857466216,0.0029906281857466216,-0.0017243389545618345,-0.0017253017361409777
2017-08-31,0.0015944442659868775,0.005557312456248846,0.0029979849246781036,0.0029979849246781036,-0.0017106045566490436,-0.0017115673382281868
2017-09-30,0.015566710690369448,0.0055533614411040185,0.0030219880651718746,0.0030219880651718746,-0.001767707459204423,-0.0017686702407835662
2017-10-31,0.02613099416902119,0.0055633348965315734,0.003013410341596197,0.003013410341596197,-0.0018791015332732166,-0.0018800643148523598
2017-11-30,0.014887533582587174,0.005583800229141017,0.0029759110774497527,0.0029759110774497527,-0.0019344288296660865,-0.0019353916112452296
2017-12-31,0.027410397386170654,0.005593048473031122,0.002964595794080687,0.002964595794080687,-0.002056029331548244,-0.0020569921131273873
2018-01-31,0.04638528660156432,0.005614714162120635,0.002928912531258168,0.002928912531258168,-0.0022822462018466964,-0.002283208983425839
2018-02-28,-0.030455047764266233,0.005655161158588337,0.002874743122388692,0.002874743122388692,-0.0020891739739426368,-0.0020901367555217795
2018-03-31,-0.0006509242579685785,0.0056193730427084015,0.0029494739925522706,0.0029494739925522706,-0.0020628202132661135,-0.002063782994845256
2018-04-30,-0.01818503156775935,0.005613164827559216,0.002976295872257142,0.002976295872257142,-0.0019442678406195548,-0.0019452306221986976
2018-05-31,0.017970864588272586,0.005589625563073243,0.0030351471327382216,0.0030351471327382216,-0.0020140484167319897,-0.0020150111983111324
2018-06-30,0.019370729935888065,0.005601859988987472,0.003020667878196992,0.003020667878196992,-0.0020917911664076767,-0.0020927539479868194
2018-07-31,0.014115105416456133,0.005615452160702083,0.0030041567076837597,0.0030041567076837597,-0.0021430002421485967,-0.0021439630237277394
2018-08-31,0.022593646667425245,0.00562383446174326,0.003009076236894625,0.003009076236894625,-0.002238581114800898,-0.0022395438963800406
2018-09-30,0.014980627525005799,0.005640553488546887,0.0029987008502514283,0.0029987008502514283,-0.0022949106986335545,-0.0022958734802126972
2018-10-31,-0.04100955713415528,0.005649746474803244,0.0030024543607500356,0.0030024543607500356,-0.002054877241188262,-0.002055840022767405
2018-11-30,-0.022838509756233423,0.005603867120222165,0.0031068157167645598,0.0031068157167645598,-0.0019190683527057248,-0.0019200311342848675
2018-12-31,-0.05915662936512278,0.0055759276537423455,0.0031874879645055927,0.0031874879645055927,-0.0016155533801155684,-0.0016165161616947111
2019-01-31,0.01524706626202224,0.005512402082575648,0.0033664449909260805,0.0033664449909260805,-0.0016619388552161904,-0.001662901636795333
2019-02-28,0.05469240419145433,0.005521945870986871,0.0033513724924468177,0.0033513724924468177,-0.0018801064196898574,-0.0018810692012690001
2019-03-31,0.017314992510439827,0.005570104987853146,0.0032340630771829845,0.0032340630771829845,-0.001940436610476004,-0.0019413993920551467
2019-04-30,0.03456867493396903,0.0055815970500083184,0.0032175605916926406,0.0032175605916926406,-0.002083078296727688,-0.0020840410783068307
2019-05-31,-0.017406736985103675,0.005609932414508769,0.003162105954137382,0.003162105954137382,-0.0019763885263357987,-0.0019773513079149414
2019-06-30,0.012004234751625487,0.005587455198298209,0.003221393875978182,0.003221393875978182,-0.0020123517603467408,-0.0020133145419258835
2019-07-31,0.035763055586581945,0.005593715471033164,0.0032161600503222837,0.0032161600503222837,-0.0021614630863872786,-0.0021624258679664213
2019-08-31,-0.03358341330159741,0.005623120285960599,0.0031608761188559667,0.0031608761188559667,-0.001974453615449006,-0.001975416397028149
2019-09-30,0.028772857071440915,0.005584944498630942,0.003253829965547534,0.003253829965547534,-0.0020879950703960484,-0.002088957851975191
2019-10-31,-0.0014662383008454234,0.0056075008338185,0.003211611825251079,0.003211611825251079,-0.0020598395668529937,-0.0020608023484321365
2019-11-30,0.042017215542687454,0.005600626451763433,0.003234049048295908,0.003234049048295908,-0.0022378056091674828,-0.0022387683907466255
2019-12-31,0.02311964429810272,0.005635982363502194,0.0031649251297408455,0.0031649251297408455,-0.002330317991612272,-0.002331280773191415
2020-01-31,0.03164507440941688,0.0056529403285212046,0.003140347488952446,0.003140347488952446,-0.0024672464143432635,-0.002468209195922406
2020-02-29,-3.449582274997801e-05,0.005678126504956182,0.003111801579771284,0.003111801579771284,-0.0024445115478293686,-0.0024454743294085113
2020-03-31,-0.21095745930346607,0.005672596376855788,0.003136919093678449,0.003136919093678449,-0.0013523333850297137,-0.0013532961666088564
2020-04-30,0.04203898974022111,0.0054630895531804285,0.003640999398491336,0.003640999398491336,-0.0014889425728209242,-0.001489905354400067
2020-05-31,0.05709003636884816,0.005498428587177569,0.0035116314530979457,0.0035116314530979457,-0.0016978940526392774,-0.0016988568342184201
2020-06-30,0.06294502659942358,0.005548227436387676,0.0033483191957341674,0.0033483191957341674,-0.001955269031838367,-0.0019562318134175097
2020-07-31,0.03403321750897227,0.005603576326612398,0.003189119764875948,0.003189119764875948,-0.0020983828997280024,-0.002099345681307145
2020-08-31,0.057148616727220845,0.005630965190949931,0.003091972626319904,0.003091972626319904,-0.002366435251366834,-0.002367398032945977
2020-09-30,-0.006379935925105569,0.005680549071158084,0.0029622184535529825,0.0029622184535529825,-0.0023082558014564224,-0.002309218583035565
2020-10-31,0.01701645511153025,0.00566895245096937,0.002949515404044957,0.002949515404044957,-0.0023773687775590128,-0.0023783315591381555
2020-11-30,0.038691635015085005,0.00567985302989402,0.0029064615029945756,0.0029064615029945756,-0.002568169671011651,-0.002569132452590794
2020-12-31,0.04163908011554513,0.005711534202624529,0.0028373931141883156,0.0028373931141883156,-0.0027829520298378956,-0.0027839148114170383
2021-01-31,0.02748972660981682,0.00574598055536942,0.0027790034847136186,0.0027790034847136186,-0.002920781374723109,-0.002921744156302252
2021-02-28,0.02453868534344485,0.00576680789833345,0.0027421321316944414,0.0027421321316944414,-0.003043487723821494,-0.003044450505400637
2021-03-31,0.008142116731278575,0.005784771417419681,0.002713364446845959,0.002713364446845959,-0.003067401998258454,-0.003068364779837597
2021-04-30,0.05844813914369112,0.005787025093627959,0.0026918726462693762,0.0026918726462693762,-0.0034029703189962087,-0.0034039331005753515
2021-05-31,0.00755843883775013,0.005837322241717799,0.0026965994263884255,0.0026965994263884255,-0.003423645559120941,-0.0034246083407000836
2021-06-30,0.0179271478586066,0.005838964528546075,0.0026983174714813457,0.0026983174714813457,-0.003509438657859617,-0.00351040143943876
2021-07-31,0.03019623539341895,0.005850488058889316,0.0027066110810912668,0.0027066110810912668,-0.0036724026894157775,-0.00367336547099492
2021-08-31,0.02158328362359232,0.005873674484922201,0.0027514061474730248,0.0027514061474730248,-0.003780250479401559,-0.0037812132609807017
2021-09-30,-0.0008783390515601846,0.0058886217819142765,0.002792448532914174,0.002792448532914174,-0.0037479334019701127,-0.0037488961835492555
2021-10-31,0.004485343001652471,0.005882189309639111,0.0028096744702183468,0.0028096744702183468,-0.0037487900873892153,-0.003749752868968358
2021-11-30,0.04632132281467941,0.005880862769935418,0.002827592477966963,0.002827592477966963,-0.0040050638573613405,-0.004006026638940483
2021-12-31,0.0026156371376291625,0.0059192313278526336,0.0028922248143984086,0.0028922248143984086,-0.003994226623530603,-0.003995189405109746
2022-01-31,-0.02077343642877515,0.0059160999589519475,0.002906561016522924,0.002906561016522924,-0.0038426375499481177,-0.0038436003315272605
2022-02-28,-0.029570431529508636,0.0058908257767666,0.0028994504820027966,0.0028994504820027966,-0.0036394300180477325,-0.0036403927996268752
2022-03-31,-0.00923093438608364,0.005857276810535498,0.0028943743668411147,0.0028943743668411147,-0.003558799013287703,-0.0035597617948668458
2022-04-30,0.000828672047493053,0.005843015741351548,0.0029112601893197185,0.0029112601893197185,-0.0035379925439760415,-0.0035389553255551843
2022-05-31,-0.0826182555664759,0.005838280761470662,0.0029422385985402484,0.0029422385985402484,-0.003034031886600473,-0.003034994668179616
2022-06-30,-0.03507631611754491,0.005754831198897127,0.0029790236878259845,0.0029790236878259845,-0.0028150581831257273,-0.00281602096470487
2022-07-31,0.003404400471560828,0.005716347553924044,0.0030428852830595467,0.0030428852830595467,-0.0028098437770455965,-0.0028108065586247392
2022-08-31,0.06063277498192724,0.005714170579270218,0.00305778689977235,0.00305778689977235,-0.0031086699201703346,-0.0031096327017494773
2022-09-30,-0.07773790624586499,0.005765834365161711,0.0030145199727651013,0.0030145199727651013,-0.002656749564332002,-0.002657712345911145
2022-10-31,-0.03399261376719389,0.00568735340594082,0.0030980288021265692,0.0030980288021265692,-0.0024579655356760407,-0.0024589283172551835
2022-11-30,0.048417803846646346,0.0056500952208017275,0.0031698379652770475,0.0031698379652770475,-0.0026762670509724567,-0.0026772298325515994
2022-12-31,-0.003332642504078036,0.005690215022514528,0.003110389228079831,0.003110389228079831,-0.0026363677509288618,-0.0026373305325080045
2023-01-31,0.010144316691837312,0.005681758736172828,0.0031311747093028357,0.0031311747093028357,-0.002665637487888385,-0.0026666002694675276
2023-02-28,0.027217271032858648,0.005685937161224949,0.0031257554036406496,0.0031257554036406496,-0.0027824402749094795,-0.002783403056488622
2023-03-31,-0.030052862099800397,0.005706078727054353,0.003096570489433407,0.003096570489433407,-0.0026026233068391367,-0.0026035860884182794
2023-04-30,0.03528702829094573,0.005672659156188134,0.003143702528323876,0.003143702528323876,-0.002758805838671483,-0.0027597686202506257
2023-05-31,0.003261603156284003,0.005700310294502567,0.003084760903422284,0.003084760903422284,-0.002752889819347882,-0.002753852600927025
2023-06-30,0.043968415799338786,0.005698035381127363,0.0030710430978320227,0.0030710430978320227,-0.0029608628958792127,-0.0029618256774583554
2023-07-31,0.033741028500251485,0.005733702091675556,0.003011345243174087,0.003011345243174087,-0.003120765996403001,-0.003121728777982144
2023-08-31,-0.014388168449783939,0.005759779676785962,0.0029757441671150638,0.0029757441671150638,-0.003016331644059354,-0.003017294425638497
2023-09-30,-0.013984675212043527,0.00574103739945892,0.002974593516706661,0.002974593516706661,-0.0029148447018417316,-0.0029158074834208744
2023-10-31,-0.03526104604525337,0.005722704952793955,0.0029754540229539952,0.0029754540229539952,-0.0026972067934378082,-0.002698169575016951
2023-11-30,0.040555877901803934,0.005684651330697347,0.0030080811812123916,0.0030080811812123916,-0.0028910413894352232,-0.002892004171014366
2023-12-31,0.04608160587502787,0.00571699940729392,0.002961009775327428,0.002961009775327428,-0.0031211257421336945,-0.0031220885237128373
2024-01-31,0.02434832432504162,0.005754408681128706,0.0029230290024939987,0.0029230290024939987,-0.0032344353228191264,-0.003235398104398269
2024-02-29,0.036797270995967725,0.005771625269687885,0.0029005059768884255,0.0029005059768884255,-0.0034208353088451783,-0.003421798090424321
2024-03-31,0.027939723515072727,0.005800326144550308,0.0028818321119700313,0.0028818321119700313,-0.003558580314484971,-0.0035595430960641138
2024-04-30,-0.01449345796402184,0.005820787694800329,0.002872902776098099,0.002872902776098099,-0.0034475022231539748,-0.0034484650047331175
2024-05-31,0.020504592289583484,0.00580203031192053,0.0028656582302445926,0.0028656582302445926,-0.00354246888919666,-0.0035434316707758026
2024-06-30,0.030530482841748696,0.005815593560977415,0.002866848976645334,0.002866848976645334,-0.0036969197756583703,-0.003697882557237513
2024-07-31,0.01916786196545632,0.00583837226077536,0.002875765944631537,0.002875765944631537,-0.0037846768726229494,-0.003785639654202092
2024-08-31,-0.01407027455186792,0.005850646192363465,0.002888036567008919,0.002888036567008919,-0.003675418105329623,-0.0036763808869087655
2024-09-30,0.02266472816265652,0.0058323196783393325,0.0028776281395370903,0.0028776281395370903,-0.0037836174572716424,-0.003784580238850785
2024-10-31,0.027113582275031776,0.00584779064201977,0.002891754052099599,0.002891754052099599,-0.0039180805259541925,-0.003919043307533335
2024-11-30,0.020770297871353826,0.005867318458028046,0.0029144703577993463,0.0029144703577993463,-0.00401481230675399,-0.0040157750883331325
2024-12-31,0.010926212516253073,0.00588099091620541,0.002936038360133158,0.002936038360133158,-0.004053200928805529,-0.004054163710384672
2025-01-31,-0.007739939223191885,0.005885615317305362,0.002948240596015235,0.002948240596015235,-0.00398178238011717,-0.003982745161696313
2025-02-28,0.007389575285046869,0.005873137703257287,0.002936705615320303,0.002936705615320303,-0.003999310845473277,-0.00400027362705242
2025-03-31,-0.0629295709805295,0.005874525111840809,0.0029429314346347095,0.0029429314346347095,-0.0036044937808209655,-0.003605456562400108
2025-04-30,-0.05922488652042538,0.005811632885065333,0.0028867913649221373,0.0028867913649221373,-0.0032326054541733634,-0.003233568235752506
2025-05-31,0.07660552940316075,0.005752238803416483,0.002876437118274672,0.002876437118274672,-0.0036483957145148,-0.003649358496093943
2025-06-30,0.03453313220646734,0.005816885966372454,0.0028748989846444067,0.0028748989846444067,-0.0038260166471203697,-0.0038269794286995124
2025-07-31,0.040764038922886506,0.00584306303678275,0.002892370734347281,0.002892370734347281,-0.004040805341665343,-0.004041768123244486
2025-08-31,0.015181367279965488,0.005874867204256434,0.0029251243951744724,0.0029251243951744724,-0.004104409887657161,-0.004105372669236304
2025-09-30,0.024515203566630357,0.0058833353571915645,0.002938110734395807,0.002938110734395807,-0.0042228343097741325,-0.004223797091353275
2025-10-31,0.020488719000448696,0.005900273419200145,0.0029660265004817863,0.0029660265004817863,-0.004317056317745479,-0.004318019099324622
2025-11-30,-0.00142915943089293,0.00591352359683979,0.0029913115746814083,0.0029913115746814083,-0.0042826818876108485,-0.004283644669189991
2025-12-31,0.014320341054720272,0.0059068605450904865,0.002981431161718732,0.002981431161718732,-0.004340466110886536,-0.004341428892465679
2026-01-31,0.009014960692864947,0.00591448836060239,0.002998176549115876,0.002998176549115876,-0.004367054873635881,-0.004368017655215024
2026-02-28,-0.007112726870425606,0.005917296759454077,0.003004501114436977,0.003004501114436977,-0.004299631659938344,-0.004300594441517487
2026-03-31,-0.03733181408102521,0.005905504882865951,0.002982135506268614,0.002982135506268614,-0.00405538044007995,-0.004056343221659093
2026-04-30,0.04243198166119993,0.00586641146608124,0.002915827867576418,0.002915827867576418,-0.004279865927027103,-0.004280828708606246
2026-05-31,0.061334545056245575,0.0058994426948031165,0.0029715212628507025,0.0029715212628507025,-0.004613057899511877,-0.004614020681091019
2026-06-30,0.0029617063889973783,0.0059494743756347435,0.0030810951654581045,0.0030810951654581045,-0.004604145395649847,-0.0046051081772289885
2026-07-31,0.002061451059311553,0.005946780265637775,0.00308168030063616,0.00308168030063616,-0.004590090480313169,-0.004591053261892311
2026-08-31,0.028060604164692724,0.0059432799690555,0.003076333389440064,0.003076333389440064,-0.0047251282369093935,-0.004726091018488535
