date,dfa,lo,hi
2002-01-02,0.4926863484326458,0.37214002245286726,0.6335108425850702
2002-02-01,0.48415763114641064,0.41082621164913097,0.65163065412956
2002-03-05,0.4697977302676225,0.3849175208456037,0.6244284744703046
2002-04-04,0.4771065505055691,0.3911545152592164,0.6432000472786988
2002-05-03,0.4744343007873573,0.39617655841625343,0.6206266078154759
2002-06-04,0.5160397838362406,0.3898562993955759,0.6289928519037511
2002-07-03,0.5192820800840345,0.37462306317782285,0.6233032041580078
2002-08-02,0.4916837637547938,0.36464587441046464,0.5932118969029183
2002-09-03,0.45586522746064784,0.3581225585246713,0.5794578219522072
2002-10-02,0.46247543288369175,0.36837412082392457,0.6105782438574316
2002-10-31,0.4837122463823463,0.37062187096013205,0.6101856264708727
2002-12-02,0.4822371809900843,0.36165204121486666,0.6227906146680185
2003-01-02,0.5216557337739594,0.37733622506234943,0.63071359918409
2003-02-04,0.526350882733599,0.3714033998995703,0.6185879107337267
2003-03-06,0.4786911158790179,0.3760351472813275,0.6533786216530828
2003-04-04,0.4926138992607478,0.3696610693760206,0.611280757038467
2003-05-06,0.4518972681419967,0.39590052914690016,0.6385297636264189
2003-06-05,0.4720596524487005,0.35963506821794766,0.6230898674123084
2003-07-07,0.4878288352474334,0.38892760154349065,0.6351177825118277
2003-08-05,0.50886907198964,0.3969193954739913,0.63877810110039
2003-09-04,0.4685987237624916,0.3787631714869705,0.6451845427655785
2003-10-03,0.461107266299637,0.3856860078353776,0.6367105089350689
2003-11-03,0.4537626025238248,0.37781749748273025,0.6497196878073249
2003-12-03,0.4635721898977924,0.385222491753573,0.656542085229666
2004-01-05,0.4559704026633343,0.3694339972950794,0.6969023752104943
2004-02-04,0.4617255839296412,0.38613246346708424,0.6319495003813009
2004-03-05,0.4594350317385682,0.4028647638920538,0.6632773393623799
2004-04-05,0.4443050261768995,0.3564393824290774,0.6638126277989528
2004-05-05,0.4446200490949814,0.37093769179473296,0.6587335805533333
2004-06-04,0.45913569471147125,0.3912403054638511,0.6757880462156995
2004-07-07,0.43242626543815116,0.3791728214159908,0.6871824131055715
2004-08-05,0.4958125196638404,0.3612389967141161,0.6567450908538668
2004-09-03,0.453048045051761,0.3459320399903225,0.6702883772854692
2004-10-05,0.43725752078299707,0.3646832272627747,0.6179416512071538
2004-11-03,0.4243909916299572,0.36937986652965504,0.6501154393533658
2004-12-03,0.4964218570588364,0.3897183050240589,0.6655928091191117
2005-01-04,0.5185002719497642,0.38710901041532314,0.6413164781801115
2005-02-03,0.3766734162175417,0.38333536366345516,0.6530476258056798
2005-03-07,0.4069977392842506,0.3887828259959659,0.6111946220006248
2005-04-06,0.443878047181008,0.3809814018334648,0.6224604089279977
2005-05-05,0.42048462835200356,0.38124694847754154,0.6140418529511298
2005-06-06,0.4382513546538095,0.391538367218647,0.6285950362221389
2005-07-06,0.43608170630557636,0.39424989286502893,0.6090191931784713
2005-08-04,0.43991363121321264,0.3811715535796414,0.6317599088092647
2005-09-02,0.43024655840370596,0.37807831945381315,0.6169541012264653
2005-10-04,0.4556558393884716,0.3991945284140252,0.61577790737801
2005-11-02,0.4838874788848536,0.37267779261566475,0.6051443185327221
2005-12-02,0.48407579666655925,0.37208314893404215,0.6006346981738289
2006-01-04,0.47720889332957495,0.38335930367637716,0.6272535154282142
2006-02-03,0.4672651890610563,0.39271242209547913,0.6336836676469316
2006-03-07,0.4470516408731128,0.3949653361578275,0.616776185683755
2006-04-05,0.47006723885791984,0.4015474153555154,0.6119479594042772
2006-05-05,0.4721752319978817,0.37316263519684384,0.5988041427019348
2006-06-06,0.4655347841201739,0.3752350184715968,0.6087607151282417
2006-07-06,0.44120990981121483,0.3853280439693884,0.616799834312121
2006-08-04,0.4252502921702072,0.37649288785167956,0.6053460543850333
2006-09-05,0.45963185698520176,0.38927563426178613,0.6018004231652729
2006-10-04,0.46012891526533534,0.37146503922385793,0.6170013905627926
2006-11-02,0.4374479560085688,0.37810594523799507,0.6367690007498695
2006-12-04,0.4082051166174573,0.38942940020075795,0.6342974883213481
2007-01-05,0.4271414423176361,0.39741851899487624,0.6388861794583616
2007-02-06,0.42937924648018244,0.38064545216518597,0.6392776892505614
2007-03-08,0.4198382280889268,0.3618899024153795,0.6373260193761455
2007-04-09,0.36701466640096914,0.373385950748076,0.5877897833295738
2007-05-08,0.420258447729771,0.3942765149977861,0.6081968559042906
2007-06-07,0.42802041540387636,0.39406584929772875,0.6033107127854852
2007-07-09,0.4010973674309733,0.3855773460986919,0.6095806167129603
2007-08-07,0.41195080690785596,0.3641498583801175,0.6205267830512559
2007-09-06,0.42135026279695637,0.35955105282528105,0.5891420391225091
2007-10-05,0.4117776924398186,0.34888265216715925,0.6114682909489857
2007-11-05,0.39535798693984475,0.37367912984823787,0.6190986272048948
2007-12-05,0.3990566455777572,0.34246135585127085,0.6008336643972141
2008-01-08,0.4064295961389663,0.34698433567406795,0.6089346392555672
2008-02-07,0.3992160323531806,0.34097520485920063,0.59269162971025
2008-03-10,0.4080946920799984,0.34938120973295694,0.6141895978305054
2008-04-09,0.38975038673262924,0.3560671198092958,0.6112531350269097
2008-05-08,0.40445587959557705,0.35031008524737217,0.6202099857435379
2008-06-09,0.39893283304383925,0.36327983487049337,0.6227425000686011
2008-07-09,0.39577243364644,0.37315299808187474,0.6566949914529661
2008-08-07,0.43283760036975605,0.3662214348656456,0.6187250526826964
2008-09-08,0.4612269004865975,0.3706663598531484,0.6109821322800789
2008-10-07,0.3822178032583208,0.31377767952056446,0.5619535118264004
2008-11-05,0.35951722016568693,0.2526510318429459,0.5306287997226873
2008-12-05,0.34229092279028994,0.24435795900855073,0.5541057548737747
2009-01-07,0.35562231383806187,0.28823911328178414,0.6085575673655508
2009-02-06,0.41190408253977523,0.30414278237165343,0.6538731907843934
2009-03-10,0.4088630627526871,0.3124930061811236,0.7132181402174781
2009-04-08,0.3476598985654866,0.3226724613560801,0.6865259088694089
2009-05-08,0.4406447995234081,0.35176893101930956,0.6729082209028088
2009-06-09,0.4626970437030918,0.3662250422551341,0.6678574576513464
2009-07-09,0.4443136966759741,0.34534192176195316,0.6742089065655578
2009-08-07,0.4665473433885772,0.3174486490775624,0.666754490421119
2009-09-08,0.4525566333530795,0.36758969002914127,0.6762522344923385
2009-10-07,0.40963375969444,0.3594914486374598,0.675834095063192
2009-11-05,0.4573126758800069,0.356498817257515,0.6826581825688699
2009-12-07,0.44712766016089134,0.36723877745942485,0.6830200127357929
2010-01-07,0.4266710597378708,0.3553997597567241,0.6487290141668721
2010-02-08,0.44916993788215054,0.36141804208745776,0.6940113915065209
2010-03-10,0.43386811674964354,0.3798635720489652,0.6844942166067426
2010-04-09,0.4266440301996963,0.34471483810266085,0.6810047152698812
2010-05-10,0.44026845746423016,0.36550411828131013,0.6769401030977893
2010-06-09,0.4618801749028007,0.33890688659983403,0.6906869792655927
2010-07-09,0.4790216046012433,0.34468505538646804,0.7118825049694295
2010-08-09,0.45391224242583694,0.32964579020251844,0.6880666019312687
2010-09-08,0.4439475761503455,0.3589697456395923,0.6837052413381556
2010-10-07,0.39024414520955275,0.35618785623708854,0.6812394158588816
2010-11-05,0.43522997049848916,0.3560006389832318,0.6973365429764257
2010-12-07,0.5242230210818041,0.36219321058108594,0.6586085833943728
2011-01-06,0.5373301124836374,0.3783559421626775,0.6781245360356097
2011-02-07,0.46368292238362696,0.383915888403346,0.7115371253228013
2011-03-09,0.4262946825554078,0.37417553832373934,0.6607305586798262
2011-04-07,0.41926198833516587,0.37391979995121744,0.6378467610644631
2011-05-09,0.4519249249471593,0.37703570008131454,0.644499641878928
2011-06-08,0.4344868555887565,0.3936338072599866,0.6245766435284559
2011-07-08,0.4410186966670002,0.3924888348616343,0.6467353333164179
2011-08-08,0.444424702544958,0.36299969829406553,0.6352126410080403
2011-09-07,0.4024721305152996,0.33356159077393527,0.5733270788599195
2011-10-06,0.42754756645521674,0.33544617383057135,0.6214503210423199
2011-11-04,0.41223968163102337,0.3262859478327151,0.6070788915714034
2011-12-06,0.4324188290455407,0.3337974167377458,0.641739780156755
2012-01-06,0.4441138398939688,0.338680723798808,0.6918084532919183
2012-02-07,0.4107277327497429,0.35175714594071955,0.6127253482958461
2012-03-08,0.4368741963628154,0.3803198081677065,0.6727958373653471
2012-04-09,0.4120594200524152,0.3734025641366948,0.6543730658167884
2012-05-08,0.4091647872348067,0.37470853097516027,0.6706190383118564
2012-06-07,0.4321669690649226,0.34960276326307893,0.6646404124173385
2012-07-09,0.41407767587333894,0.3772142079704839,0.6404650717176961
2012-08-07,0.37781912317184113,0.3662787650618928,0.6038205644376571
2012-09-06,0.4081174322546639,0.36615104103892815,0.6817337564864451
2012-10-05,0.3934895796170108,0.34179867169559347,0.6381039874521951
2012-11-07,0.3963939725283861,0.36397073313643546,0.6365569908172651
2012-12-07,0.40265388690518744,0.35637938701300914,0.6752732392977342
2013-01-09,0.4348702607206992,0.37498299648488076,0.6819249472151845
2013-02-08,0.42629088695890194,0.37821326419479023,0.6532763097733251
2013-03-12,0.44801498504956183,0.34893689625540053,0.6598785430205412
2013-04-11,0.4069106679288907,0.36230709683830215,0.6557999226339488
2013-05-10,0.40213177292740704,0.33633350123526556,0.6521569472216732
2013-06-11,0.44913274844926804,0.35874790395908707,0.6740511266350538
2013-07-11,0.42773586530937036,0.35502966860693946,0.6816001162012266
2013-08-09,0.3551179748079986,0.34981515088426063,0.6738295053656405
2013-09-10,0.4045407397421799,0.3879529687121557,0.6553780494064819
2013-10-09,0.4144326424786667,0.3671326562070796,0.6493187882880102
2013-11-07,0.3887849341204372,0.36440979062860235,0.6613143984706653
2013-12-09,0.47523119182422213,0.38248487211418714,0.6232690525494211
2014-01-09,0.46846411073557387,0.3937977195100231,0.6351676315587733
2014-02-10,0.4412185120183684,0.40071147704071325,0.6338255493004903
2014-03-12,0.44529879740697426,0.3764229729054712,0.6132588045312902
2014-04-10,0.46853480701573297,0.3885257208703008,0.6137244661239237
2014-05-12,0.37300773388524155,0.39610129003687633,0.6127414270163797
2014-06-11,0.4144755381420005,0.3845084750001278,0.6321789798942531
2014-07-11,0.4207839865024589,0.3824471942021888,0.6207118389345934
2014-08-11,0.42473931568546536,0.38205977780900396,0.6102074704514631
2014-09-10,0.46011418020056943,0.40875317191403,0.64841987206973
2014-10-09,0.4460834991957926,0.3881978191076977,0.6185149813514154
2014-11-07,0.4079428254035534,0.36755071496733127,0.5999817922049882
2014-12-09,0.4108376384438753,0.3829787115336539,0.6228457161193436
2015-01-09,0.4326193165874609,0.3841443618010106,0.5916889527354633
2015-02-10,0.4249806305806616,0.37477141953498566,0.5894819196925197
2015-03-12,0.44580989964681417,0.3951811470542729,0.6394951200153732
2015-04-13,0.473324393305134,0.3619828145070438,0.6110233619859899
2015-05-12,0.425677379762412,0.3704259116937214,0.6415562103234579
2015-06-11,0.4152225119213441,0.38090139732850087,0.604402787906757
2015-07-13,0.42487531637756626,0.38539492968864786,0.614386049703565
2015-08-11,0.38706677446898413,0.3650416908075236,0.6346427956655732
2015-09-10,0.352448624284032,0.3644931270039789,0.5870947392552563
2015-10-09,0.350047063977634,0.33413050282310897,0.6043175147693584
2015-11-09,0.3575008434468008,0.3307890132018213,0.5937783655495152
2015-12-09,0.4219480998562939,0.35425965169147006,0.6429095680489999
2016-01-11,0.3950757581002763,0.3412274507008078,0.6260053590710974
2016-02-10,0.4139913038540901,0.36482042451109825,0.6518622075152307
2016-03-11,0.4574556721221688,0.3635399940362539,0.6336614059540077
2016-04-12,0.4515543596021693,0.365123056534206,0.6623083810180082
2016-05-11,0.4721989265763989,0.36141995424326323,0.613579739431999
2016-06-10,0.4668058748992542,0.3797822394492455,0.6358744540006631
2016-07-12,0.4154736454255379,0.36454314592196213,0.6416238825969821
2016-08-10,0.485957807033638,0.36704480389145744,0.6254667122635192
2016-09-09,0.4445163799167111,0.3672654637199905,0.6475563220836387
2016-10-10,0.46923257702930643,0.3663892932444428,0.6217363907083058
2016-11-08,0.4535919433951844,0.3815959231358922,0.6524713404470919
2016-12-08,0.4484382613623149,0.3792229769703293,0.6377015884701833
2017-01-11,0.4711672285320197,0.37848490798132856,0.6892975990707763
2017-02-10,0.4890251050780473,0.3793715238456243,0.635088681138152
2017-03-14,0.4519289333392304,0.37601972577223974,0.6437688812361825
2017-04-12,0.4659277544173631,0.3713566337005091,0.6407018680651966
2017-05-12,0.4877765443592959,0.3831215302507486,0.638685164288011
2017-06-13,0.49181025571370535,0.38504669623362314,0.667857906907776
2017-07-13,0.4890221570768824,0.38262284211554093,0.6885358709801218
2017-08-11,0.4468917369792302,0.3579080490782529,0.6252601419394969
2017-09-12,0.5134833981926857,0.36761902529324425,0.6459200852253159
2017-10-11,0.4728546844964512,0.3810664140274523,0.6503093616788425
2017-11-09,0.5433513294983284,0.36852623314612365,0.6974370629081206
2017-12-11,0.5461067761264066,0.3626038740571749,0.6659628269083511
2018-01-11,0.42465705918292396,0.38656137320655365,0.6601414263618623
2018-02-12,0.4143830670209184,0.3476825055732688,0.615614868076271
2018-03-14,0.35021424080978997,0.31435370122207873,0.5803649358450526
2018-04-13,0.38976516135685196,0.32577528612312195,0.5961188084505175
2018-05-14,0.3813588793967766,0.325808404875897,0.6197312845036262
2018-06-13,0.3905539982732857,0.3466929144830158,0.6226843359784909
2018-07-13,0.44287268506077926,0.34192731336571647,0.655421127948847
2018-08-13,0.4215855330513864,0.35815330785380356,0.6378308777361338
2018-09-12,0.42361981594772596,0.36120739995000123,0.6942205461295334
2018-10-11,0.4223554908778206,0.3447634976904571,0.6705683008085749
2018-11-09,0.39716564832638035,0.340572648100578,0.6791233530136627
2018-12-12,0.4071592554509142,0.29472965339181345,0.6139496106843467
2019-01-14,0.36752574525329024,0.29736962255775024,0.5899478403691386
2019-02-13,0.37373369922789346,0.330392417890418,0.6019047724722073
2019-03-15,0.4557205468946543,0.3511841900142765,0.6349592900200756
2019-04-15,0.45278556156953764,0.3639308255874844,0.6325807436264086
2019-05-15,0.44737038259660045,0.3450194211402644,0.6708173950345622
2019-06-14,0.47868917642477854,0.3581571475939389,0.6513049098153261
2019-07-16,0.48112642639363856,0.37437529491651617,0.6385488365877734
2019-08-14,0.47707243292628554,0.333470500714475,0.65968197866029
2019-09-13,0.4731808170785736,0.3431354309906078,0.6143774909279349
2019-10-14,0.467786490811712,0.36834999462124013,0.6276703771808175
2019-11-12,0.485626704674972,0.36152232248903965,0.6395000926345287
2019-12-12,0.45904990956919667,0.3814998350711464,0.6351062150357334
2020-01-14,0.47038304448514034,0.37515420302732366,0.6564181560636446
2020-02-13,0.4786200429916417,0.385852289150522,0.6549449237001588
2020-03-16,0.41155132769478453,0.2818842514601173,0.5562647390193719
2020-04-15,0.43903881312886023,0.16464328410680648,0.46882908755165853
2020-05-14,0.4823112421718659,0.2321159516470101,0.6191436006086027
2020-06-15,0.5624440261383327,0.24054196207463432,0.6475813272304282
2020-07-15,0.5724971611672299,0.2879617412980707,0.7294670015856776
2020-08-13,0.571976627082945,0.2941713215538251,0.7411137490964244
2020-09-14,0.5357518228784168,0.29768621093899356,0.6606871933532863
2020-10-13,0.5779408422139797,0.3015512519868362,0.783489619709901
2020-11-11,0.5112749905283609,0.30394463106114517,0.7670675641076737
2020-12-11,0.5802906960854559,0.28611854640400597,0.7372769261211326
2021-01-13,0.5488850812850706,0.3209187123366464,0.7236504174515256
2021-02-12,0.5978900709448012,0.30744229467989426,0.691433816548069
2021-03-16,0.5308430791814619,0.3066386917675868,0.7272176032905202
2021-04-15,0.5563780944095124,0.3110671163924866,0.7900663674453376
2021-05-14,0.5500337117975742,0.2829362838802434,0.732166933660822
2021-06-15,0.5442646112687551,0.3253000570434107,0.7118046269506717
2021-07-15,0.5779340048098986,0.3046766945834973,0.7337668947371104
2021-08-13,0.5515997986044842,0.29299952810205426,0.7369641657019161
2021-09-14,0.5036951442756192,0.3125150552437883,0.7267250688737716
2021-10-13,0.5449695046273602,0.30016772797605035,0.7199005376252269
2021-11-11,0.5190259491753589,0.3087520928229455,0.7402883723189544
2021-12-13,0.5615687564698855,0.29323150101841416,0.7087584962520144
2022-01-12,0.5959960495612591,0.32219790351937644,0.7514473795780562
2022-02-11,0.5330647837626216,0.31187991245096114,0.8118650209076347
2022-03-15,0.34072667671889256,0.3338406077920245,0.6090795938622473
2022-04-13,0.34355916240901224,0.37282915386274734,0.6385107995979373
2022-05-13,0.35576485469813707,0.3710825265801651,0.6126161602788629
2022-06-14,0.3996742125640104,0.3338160129042064,0.5841088668367752
2022-07-15,0.3657683104533664,0.3427789421615795,0.5994289337973173
2022-08-15,0.39692340742504545,0.3566906847374835,0.6057576951971095
2022-09-14,0.43334027279315046,0.3654077913890563,0.6177618402970129
2022-10-13,0.4311440654577495,0.3686561358791839,0.6337171573171447
2022-11-11,0.42725911015307794,0.33880483843527365,0.607206193682659
2022-12-13,0.45549511501829915,0.3421825104009548,0.6354541809382052
2023-01-13,0.45654835047205755,0.3815041613362146,0.6186273897307932
2023-02-14,0.4920901338214454,0.3967077256166705,0.6224800187254877
2023-03-16,0.4868214784078975,0.37324071069465814,0.6272557932016983
2023-04-17,0.4783553044076082,0.3846967098265806,0.6256507404882948
2023-05-16,0.46868743791169326,0.38096035718786647,0.6145618447256459
2023-06-15,0.47138237971819774,0.37857681077915606,0.6163105984059232
2023-07-18,0.4873335362421983,0.39232897955637047,0.6349687788961577
2023-08-16,0.4970497573154356,0.3602255768639088,0.6294137166639567
2023-09-15,0.4937577566174545,0.3905341205082669,0.648929691215876
2023-10-16,0.48747569091178433,0.38459264699239243,0.6234903094595643
2023-11-14,0.4545791221216326,0.3857970173317586,0.6467884700368113
2023-12-14,0.48167487339502796,0.4054262667861166,0.6444243366867044
2024-01-17,0.5046305873189546,0.34551187527855864,0.6307578750375098
2024-02-15,0.5167395400566032,0.3832531175339608,0.6263482077841994
2024-03-18,0.5088948368853723,0.37859327743617255,0.6475494232801431
2024-04-17,0.4935217444679361,0.3703141412440929,0.6638452787144017
2024-05-16,0.5065030873890888,0.39071008668407614,0.6326883504712093
2024-06-17,0.5356282172751226,0.36594578768874136,0.639484514270643
2024-07-18,0.5326909725353847,0.3827209836886539,0.6321736601886151
2024-08-16,0.5040601878820933,0.37882700606522784,0.6433907939029945
2024-09-17,0.4417768871983906,0.3763630315554038,0.6529649673744011
2024-10-16,0.4601003338952849,0.3710622339289956,0.6439476682663502
2024-11-14,0.47351894177891096,0.3667199108249717,0.6147407919242827
2024-12-16,0.46733479345205126,0.3792441014979591,0.6327305781779732
2025-01-17,0.4872935000637607,0.38922507187892746,0.6173627613180958
2025-02-19,0.4483662139251681,0.38537479226564514,0.6262776791598607
2025-03-20,0.4538276236270814,0.3824167026170219,0.6210089265479601
2025-04-21,0.3850624864433543,0.2860668343333504,0.5240912828530171
2025-05-20,0.4130228323995346,0.28923183698857485,0.5667892670391881
2025-06-20,0.44230696339802933,0.34210889255830734,0.6416683358089951
2025-07-22,0.4986922305567944,0.33804700225531037,0.6822691961769141
2025-08-20,0.47037209119893136,0.3519580020676376,0.6628684956180755
2025-09-19,0.41817197020431435,0.337312984567629,0.7169167456044718
2025-10-20,0.4610426472734537,0.3359014728763566,0.6616290941983868
2025-11-18,0.3904350274779693,0.3456938855092933,0.7387053315599674
2025-12-18,0.43561458699784544,0.33152201127739467,0.6493053934805733
2026-01-21,0.4450799559262108,0.34685406092699866,0.7058214140014012
2026-02-20,0.4168736440156665,0.3155816597863237,0.6670770428069506
2026-03-23,0.4098315971967416,0.34267355352365475,0.7072721044461249
2026-04-22,0.4096861388731333,0.35038959422506316,0.6475172359149537
2026-05-21,0.42814499908811054,0.36237053027291144,0.6902461527150393
2026-06-23,0.48154063862556473,0.3601702217753406,0.6967756097703529
2026-07-23,0.4471876324868426,0.3404886173510831,0.6512062708525626
2026-08-21,0.44276326036219904,0.33505761054366,0.6561614863864123
