asset,year,n,rho1,rho1_se,VR5,zstar5
Bitcoin,2011,364,-0.00165935,0.0859426,1.28786,1.71239
Bitcoin,2012,366,-0.0705115,0.111511,1.08368,0.370915
Bitcoin,2013,365,0.0690041,0.0995859,1.14365,0.644644
Bitcoin,2014,365,-0.0355509,0.0711005,0.827304,-1.21335
Bitcoin,2015,365,0.00386029,0.128899,0.894006,-0.457092
Bitcoin,2016,366,-0.0208293,0.090917,0.966317,-0.190924
Bitcoin,2017,365,0.0308576,0.0785029,0.984065,-0.102818
Bitcoin,2018,365,-0.0348459,0.064061,1.04795,0.354308
Bitcoin,2019,365,-0.0343326,0.072845,0.979526,-0.126073
Bitcoin,2020,366,-0.126268,0.0937396,0.917474,-0.460913
Bitcoin,2021,365,-0.0543225,0.0517145,0.945906,-0.472116
Bitcoin,2022,365,-0.0152243,0.0735178,1.02632,0.180813
Bitcoin,2023,365,0.0141808,0.0671121,1.18344,1.37796
Bitcoin,2024,366,-0.054734,0.0602405,0.967766,-0.255143
Bitcoin,2025,365,-0.0854834,0.0725027,0.848349,-1.03044
Bitcoin,2026,261,-0.0277176,0.13307,0.985379,-0.0609425
Ethereum,2016,365,0.0492127,0.0838642,1.1846,1.0606
Ethereum,2017,365,0.0162754,0.0806027,1.07063,0.405474
Ethereum,2018,365,-0.010804,0.0595422,1.09351,0.744551
Ethereum,2019,365,-0.0595195,0.0578203,0.966931,-0.253067
Ethereum,2020,366,-0.135585,0.100172,0.925041,-0.400563
Ethereum,2021,365,-0.0724487,0.0606098,0.92113,-0.562658
Ethereum,2022,365,-0.00642153,0.0739222,1.08455,0.55376
Ethereum,2023,365,-0.106914,0.0544535,0.88334,-1.02365
Ethereum,2024,366,-0.000704032,0.0618945,1.08955,0.698997
Ethereum,2025,365,-0.029492,0.0655857,0.936884,-0.456159
Ethereum,2026,261,0.0192737,0.0919728,1.01676,0.0893551
