day,RV,32,64,128,256,512
2022-10-11,1.55968,1.99189,1.32508,1.57497,1.51163,1.43728
2022-10-12,1.19372,1.83256,1.19775,1.48473,1.5074,1.42547
2022-10-13,3.57446,1.54985,1.27461,1.29649,1.27232,1.28188
2022-10-14,3.39374,2.67946,2.14427,2.31138,2.45163,2.29285
2022-10-17,1.11378,3.71339,2.53952,2.62422,2.62513,2.64165
2022-10-18,1.81402,2.31841,1.80789,1.59488,1.51507,1.47189
2022-10-19,1.25061,2.45488,2.01825,1.91408,1.86248,1.83343
2022-10-20,1.58471,1.94314,1.49861,1.57236,1.56468,1.46518
2022-10-21,1.78986,2.05432,1.57982,1.6613,1.82077,1.69136
2022-10-24,1.92827,2.31559,1.88248,1.7666,2.018,1.73732
2022-10-25,0.692267,2.58822,2.22385,1.85225,2.33526,1.9207
2022-10-26,1.13908,1.80982,1.29598,0.971935,1.26714,1.21513
2022-10-27,1.41115,1.98262,1.42653,1.30314,1.46878,1.38649
2022-10-28,0.467575,1.85305,1.64938,1.66207,1.62161,1.474
2022-10-31,0.866938,1.06089,0.885736,1.05571,0.887919,0.987122
2022-11-01,0.960633,1.39082,1.1957,1.0738,1.10244,1.14952
2022-11-02,3.76099,1.29156,1.19619,1.10886,1.11938,1.1705
2022-11-03,1.33152,3.10892,3.62575,2.44099,2.09943,2.02113
2022-11-04,2.89796,2.0502,2.29959,1.94743,1.43837,1.50982
2022-11-07,0.666715,2.4878,2.94847,2.67976,2.15108,2.15204
2022-11-08,1.25,1.61878,1.58003,1.74999,1.21789,1.26974
2022-11-09,1.10201,1.85903,1.74046,2.0653,1.49179,1.50615
2022-11-10,1.25178,1.61795,1.59881,1.91973,1.4568,1.46762
2022-11-11,0.878522,1.67348,1.5932,1.83308,1.47478,1.49594
2022-11-14,0.747162,1.53367,1.43388,1.57843,1.2535,1.31301
2022-11-15,1.8931,1.39227,1.25779,1.29145,1.11827,1.14953
2022-11-16,0.485598,1.82595,1.66999,1.68139,1.63125,1.67352
2022-11-17,0.697203,1.5237,1.23231,1.13413,0.882157,0.962177
2022-11-18,0.838268,1.33953,1.17733,1.1083,0.970773,1.05842
2022-11-21,0.407856,1.30932,1.27513,1.12157,1.01781,1.10324
2022-11-22,0.242976,1.09935,1.10449,0.76058,0.683996,0.726112
2022-11-23,0.577918,0.641678,0.690368,0.444603,0.411048,0.418775
2022-11-28,0.307822,0.783537,0.920136,0.746842,0.741026,0.773688
2022-11-29,0.582442,0.576877,0.647098,0.524296,0.484201,0.503995
2022-11-30,1.45607,0.658551,0.808345,0.662396,0.818341,0.732462
2022-12-01,0.83387,1.38176,1.166,0.909925,1.21942,1.05301
2022-12-02,0.209481,1.23134,1.10433,0.955107,1.0737,0.967541
2022-12-05,0.462358,0.84933,0.687348,0.526127,0.445271,0.411894
2022-12-06,0.676554,0.822614,0.720448,0.662814,0.708198,0.629056
2022-12-07,0.848945,0.968248,0.803468,0.696958,0.81445,0.710461
2022-12-08,0.650864,1.15988,0.963964,0.805291,0.956426,0.81161
2022-12-09,0.519736,1.01164,0.89852,0.785908,0.854982,0.779202
2022-12-12,0.419058,0.916018,0.767843,0.665744,0.69802,0.685996
2022-12-13,2.74126,0.702093,0.652225,0.548874,0.571569,0.605942
2022-12-14,3.72598,2.46257,1.22095,1.03967,1.34079,1.27784
2022-12-15,1.00484,4.85398,2.43651,1.77601,2.11755,1.81639
2022-12-16,1.03425,3.19389,1.46195,1.22643,1.21626,1.15122
2022-12-19,0.643803,2.7921,1.40637,1.25123,1.22011,1.12207
2022-12-20,0.708201,1.89302,1.15031,1.02056,0.978914,0.887246
2022-12-21,0.55287,1.54225,1.10711,0.967633,0.951625,0.902529
2022-12-22,0.858831,1.07708,0.969217,0.821047,0.758305,0.795039
2022-12-23,1.07396,1.24394,1.0342,0.964825,0.980723,0.945947
2022-12-27,0.460995,1.42766,1.17845,1.05553,1.05515,1.05247
2022-12-28,0.710048,1.01357,0.945328,0.738842,0.703987,0.712028
2022-12-29,0.302698,1.17435,0.99474,0.795365,0.761471,0.853375
2022-12-30,0.862407,0.802747,0.773871,0.536031,0.482548,0.482451
2023-01-03,1.46639,1.25322,1.01166,0.788975,0.726465,0.836787
2023-01-04,1.4795,1.76804,1.20689,1.06386,1.09808,1.14072
2023-01-05,0.857019,1.93119,1.38159,1.1929,1.36081,1.25808
2023-01-06,1.20566,1.4243,1.16938,1.07214,1.01226,1.00997
2023-01-09,0.55786,1.61921,1.26475,1.17218,1.26449,1.19005
2023-01-10,0.717446,1.03028,0.979466,0.883237,0.818546,0.840993
2023-01-11,0.330862,1.1451,1.00946,0.963576,1.02079,0.923105
2023-01-12,1.41533,0.789121,0.842056,0.677776,0.645547,0.595496
2023-01-13,0.354098,1.50631,1.22263,1.09597,1.24755,1.21543
2023-01-17,0.361378,1.01675,0.976453,0.787509,0.752011,0.683888
2023-01-18,0.4714,0.943604,0.842298,0.67811,0.66285,0.578081
2023-01-19,0.582538,1.15297,0.859308,0.678079,0.70594,0.687185
2023-01-20,0.460276,1.05081,0.897145,0.723274,0.778101,0.722296
2023-01-23,0.616852,0.883849,0.847063,0.696352,0.696069,0.660615
2023-01-24,0.648587,0.996445,0.891102,0.773291,0.79608,0.797702
2023-01-25,0.627077,0.897407,0.895228,0.819229,0.81304,0.803554
2023-01-26,0.951757,0.810462,0.868915,0.812025,0.802324,0.807989
2023-01-27,0.489907,1.00223,0.972201,0.949009,1.08359,0.976017
2023-01-30,0.527164,0.752295,0.825564,0.795903,0.781463,0.708463
2023-01-31,0.421006,0.733383,0.763448,0.769335,0.768077,0.732992
2023-02-01,2.04837,0.62647,0.686734,0.664172,0.651425,0.614436
2023-02-02,0.844352,1.51986,1.1101,1.11949,1.44179,1.41077
2023-02-03,1.10232,1.17052,0.985192,1.0107,1.10859,0.990249
2023-02-06,0.401213,1.27466,1.11919,1.15198,1.31586,1.14045
2023-02-07,1.74258,0.931537,0.858303,0.825699,0.832812,0.704008
2023-02-08,0.806267,1.08833,1.16553,1.13529,1.39192,1.28742
2023-02-09,0.766039,1.26207,1.07361,0.989016,1.23599,1.00094
2023-02-10,0.526793,1.12605,0.998863,0.939412,1.18452,0.952565
2023-02-13,0.305356,0.952766,0.837966,0.791493,0.95377,0.779246
2023-02-14,1.42004,0.674804,0.735076,0.659625,0.724416,0.564669
2023-02-15,0.544399,1.0165,0.924969,0.874742,1.14785,1.00558
2023-02-16,0.476508,1.02345,0.868044,0.819117,0.920355,0.764784
2023-02-17,0.617561,0.731199,0.794497,0.791061,0.818994,0.713779
2023-02-21,0.316071,0.809845,0.824664,0.806676,0.830012,0.794985
2023-02-22,0.636633,0.66604,0.720101,0.672728,0.655119,0.528041
2023-02-23,0.534666,0.725174,0.797497,0.758136,0.752315,0.748085
2023-02-24,0.605578,0.707554,0.778345,0.766731,0.727622,0.716823
2023-02-27,0.387708,0.793339,0.775087,0.801764,0.736398,0.735045
2023-02-28,0.273882,0.778318,0.737443,0.761747,0.66614,0.638423
2023-03-01,0.568986,0.631954,0.668295,0.617348,0.540809,0.480825
2023-03-02,0.448918,0.656256,0.702531,0.67213,0.630023,0.641536
2023-03-03,0.319266,0.632202,0.685903,0.704224,0.62211,0.607031
2023-03-06,0.248565,0.563625,0.623997,0.607144,0.568354,0.50116
2023-03-07,0.988563,0.479611,0.546503,0.486996,0.480075,0.424486
2023-03-08,0.527046,0.727391,0.745245,0.694621,0.69841,0.713464
2023-03-09,0.844746,0.677475,0.710376,0.642701,0.671016,0.637768
2023-03-10,1.89826,0.890375,0.750747,0.723386,0.790628,0.767272
2023-03-13,3.65731,1.60944,1.0187,0.969913,1.13502,1.26192
2023-03-14,1.13754,9.49003,2.84361,2.2311,2.03622,2.03271
2023-03-15,1.6505,2.31519,1.39059,1.2776,1.38808,1.22436
2023-03-16,1.08142,2.60766,1.54005,1.50464,1.61815,1.59059
2023-03-17,1.18521,2.07922,1.37963,1.30977,1.35532,1.2324
2023-03-20,0.647199,1.88687,1.24037,1.30847,1.36383,1.28101
2023-03-21,0.349771,1.33871,0.983915,1.03427,1.09018,0.989067
2023-03-22,1.91992,0.877754,0.817639,0.815803,0.826361,0.716058
2023-03-23,1.07431,1.85548,1.03861,1.23225,1.3297,1.40162
2023-03-24,1.009,1.6177,0.987529,1.20767,1.23524,1.1736
2023-03-27,0.439908,1.44508,0.924256,1.19584,1.14947,1.13274
2023-03-28,0.298307,1.03598,0.786064,0.893701,0.847773,0.812264
2023-03-29,0.197035,0.717541,0.61627,0.652513,0.666985,0.558568
2023-03-30,0.195059,0.437322,0.501228,0.476526,0.462745,0.336455
2023-03-31,0.203522,0.287498,0.384702,0.394486,0.392238,0.319483
2023-04-03,0.233904,0.257277,0.33075,0.323255,0.320602,0.29718
2023-04-04,0.372179,0.301288,0.333517,0.343611,0.335158,0.325844
2023-04-05,0.304037,0.464545,0.401388,0.45907,0.418585,0.46278
2023-04-06,0.158309,0.420737,0.436072,0.464051,0.411704,0.427066
2023-04-10,0.242077,0.269929,0.326421,0.356125,0.306692,0.257644
2023-04-11,0.128564,0.478666,0.408557,0.396226,0.346418,0.34639
2023-04-12,0.563138,0.250803,0.29898,0.286556,0.249265,0.209335
2023-04-13,0.179611,1.14835,0.539153,0.494376,0.447558,0.501895
2023-04-14,0.545207,0.477467,0.401697,0.360359,0.345452,0.288152
2023-04-17,0.171777,0.854828,0.55303,0.491267,0.49445,0.446276
2023-04-18,0.280129,0.505978,0.447488,0.367321,0.384838,0.313488
2023-04-19,0.127594,0.436005,0.391876,0.358447,0.394863,0.338576
2023-04-20,0.236849,0.286769,0.272055,0.26778,0.284934,0.225979
2023-04-21,0.343875,0.350795,0.272525,0.282202,0.316203,0.284761
2023-04-24,0.146414,0.413229,0.362655,0.328233,0.361416,0.351223
2023-04-25,0.287702,0.3412,0.308839,0.274067,0.274608,0.250437
2023-04-26,0.279207,0.260894,0.275697,0.270476,0.28895,0.319066
2023-04-27,0.22768,0.356321,0.285499,0.287506,0.300417,0.329851
2023-04-28,0.504586,0.319679,0.259711,0.26265,0.269089,0.295147
2023-05-01,0.210075,0.567845,0.384013,0.336053,0.357806,0.444357
2023-05-02,0.398497,0.431517,0.301618,0.288135,0.282459,0.305384
2023-05-03,0.496089,0.46989,0.356283,0.318664,0.330617,0.396952
2023-05-04,0.743851,0.586727,0.457007,0.380577,0.390121,0.467926
2023-05-05,0.228309,0.86049,0.651585,0.499177,0.507995,0.600085
2023-05-08,0.189011,0.581115,0.404254,0.364205,0.355423,0.379172
2023-05-09,0.165514,0.362951,0.313525,0.276548,0.277902,0.276735
2023-05-10,0.67763,0.302561,0.253187,0.238601,0.25193,0.247604
2023-05-11,0.369561,0.43411,0.513614,0.338891,0.391017,0.489335
2023-05-12,0.348666,0.441004,0.49982,0.381729,0.409922,0.445063
2023-05-15,0.195713,0.406892,0.537823,0.390678,0.41162,0.451216
2023-05-16,0.307868,0.377801,0.43533,0.356614,0.328216,0.316852
2023-05-17,0.261355,0.32487,0.368992,0.362178,0.352875,0.362507
2023-05-18,0.456176,0.374105,0.416779,0.372661,0.363436,0.361133
2023-05-19,0.37296,0.371815,0.620892,0.427808,0.437753,0.492728
2023-05-22,0.32676,0.4523,0.602122,0.490062,0.467654,0.464033
2023-05-23,0.43567,0.379942,0.524701,0.462892,0.444668,0.448636
2023-05-24,0.352051,0.437555,0.576242,0.512911,0.520846,0.54005
2023-05-25,0.4218,0.413887,0.529487,0.491092,0.490461,0.474685
2023-05-26,0.255603,0.44275,0.542437,0.499322,0.48806,0.491418
2023-05-30,0.371436,0.398272,0.475796,0.42898,0.414235,0.387039
2023-05-31,0.247581,0.392504,0.493965,0.451378,0.45563,0.482104
2023-06-01,0.286051,0.374004,0.444757,0.431002,0.390553,0.383283
2023-06-02,0.314236,0.352966,0.393486,0.390472,0.381047,0.389041
2023-06-05,0.402258,0.33135,0.339769,0.367972,0.381181,0.396455
2023-06-06,0.196769,0.364456,0.41562,0.417513,0.414441,0.467501
2023-06-07,0.242356,0.344754,0.284794,0.32352,0.342675,0.319327
2023-06-08,0.129516,0.326444,0.276168,0.303542,0.335753,0.334417
2023-06-09,0.256583,0.272418,0.196534,0.217625,0.253754,0.224885
2023-06-12,0.109127,0.266276,0.242026,0.245039,0.275882,0.280327
2023-06-13,0.202982,0.228577,0.20985,0.209963,0.206025,0.177125
2023-06-14,0.81689,0.196149,0.190747,0.20102,0.235117,0.23535
2023-06-15,0.345947,1.33646,1.17846,0.404659,0.358155,0.44232
2023-06-16,0.343044,0.507191,0.431465,0.358201,0.357903,0.370669
2023-06-20,0.213465,0.437081,0.397572,0.377741,0.3743,0.391906
2023-06-21,0.266195,0.350429,0.341889,0.340154,0.308682,0.291572
2023-06-22,0.281447,0.331794,0.356332,0.328623,0.316161,0.320915
2023-06-23,0.16551,0.370736,0.351599,0.354974,0.335357,0.333568
2023-06-26,0.224285,0.287504,0.308795,0.301637,0.297435,0.260812
2023-06-27,0.144298,0.26978,0.285719,0.29009,0.30134,0.289761
2023-06-28,0.355814,0.220236,0.271863,0.23638,0.256481,0.235296
2023-06-29,0.202577,0.295254,0.269451,0.293644,0.312917,0.332946
2023-06-30,0.20817,0.287892,0.297612,0.299975,0.302038,0.292073
2023-07-05,0.0916868,0.260793,0.285953,0.282166,0.287468,0.28521
2023-07-06,0.16767,0.207914,0.266184,0.211437,0.212976,0.195269
2023-07-07,0.202192,0.193135,0.230002,0.218591,0.222511,0.230922
2023-07-10,0.185718,0.232347,0.257433,0.235935,0.234266,0.249614
2023-07-11,0.270456,0.228898,0.247985,0.244866,0.232441,0.239425
2023-07-12,0.175973,0.270885,0.257138,0.241749,0.254649,0.278719
2023-07-13,0.104781,0.227723,0.25073,0.250518,0.24192,0.236708
2023-07-14,0.167848,0.18972,0.216468,0.186199,0.195424,0.172945
2023-07-17,0.0869988,0.202486,0.217813,0.19756,0.208043,0.20516
2023-07-18,0.145494,0.177675,0.182703,0.161933,0.177796,0.152372
2023-07-19,0.177144,0.165186,0.174432,0.161511,0.183279,0.19188
2023-07-20,0.196219,0.209402,0.180419,0.19525,0.197153,0.215366
2023-07-21,0.239637,0.210115,0.200005,0.215201,0.204834,0.22686
2023-07-24,0.187091,0.249393,0.218232,0.230283,0.23181,0.26429
2023-07-25,0.0906514,0.214424,0.198517,0.218025,0.219419,0.23847
2023-07-26,0.453389,0.168113,0.164654,0.173928,0.179412,0.171903
2023-07-27,0.374484,0.437801,0.243281,0.343311,0.264492,0.305324
2023-07-28,0.28957,0.383028,0.269889,0.38222,0.30878,0.349836
2023-07-31,0.197568,0.362711,0.259243,0.37739,0.313206,0.339388
2023-08-01,0.131646,0.291508,0.242354,0.289504,0.269587,0.294917
2023-08-02,0.249398,0.221934,0.210074,0.229356,0.228878,0.227683
2023-08-03,0.28376,0.25598,0.241688,0.260841,0.247354,0.296582
2023-08-04,0.509436,0.26451,0.257825,0.300355,0.286796,0.326524
2023-08-07,0.240956,0.398738,0.359271,0.422503,0.373971,0.448783
2023-08-08,0.271567,0.310999,0.292886,0.334446,0.315572,0.329766
2023-08-09,0.325555,0.311633,0.28297,0.308161,0.309655,0.3371
2023-08-10,0.616658,0.324411,0.305094,0.347472,0.341803,0.369854
2023-08-11,0.34884,0.474915,0.398972,0.46629,0.43481,0.494818
2023-08-14,0.191909,0.424057,0.392103,0.43695,0.401759,0.412848
2023-08-15,0.323015,0.34742,0.299397,0.334757,0.329346,0.328961
2023-08-16,0.412129,0.373159,0.311556,0.35673,0.344344,0.368131
2023-08-17,0.370794,0.403084,0.338866,0.384572,0.391574,0.416426
2023-08-18,0.354861,0.388671,0.34392,0.373423,0.380015,0.403488
2023-08-21,0.295962,0.393388,0.343785,0.373349,0.392017,0.411495
2023-08-22,0.365205,0.389203,0.345294,0.35193,0.358838,0.364816
2023-08-23,0.174959,0.393429,0.358203,0.375398,0.391411,0.3793
2023-08-24,0.441069,0.319806,0.312006,0.345458,0.319029,0.285459
2023-08-25,1.02305,0.419646,0.382459,0.381966,0.365113,0.374913
2023-08-28,0.252213,0.725363,0.611638,0.686626,0.565796,0.587888
2023-08-29,0.289597,0.507443,0.401723,0.401929,0.403126,0.350129
2023-08-30,0.324979,0.494715,0.375599,0.379082,0.38211,0.364163
2023-08-31,0.195535,0.435998,0.355222,0.383688,0.382552,0.336752
2023-09-01,0.275266,0.343873,0.302712,0.343887,0.32362,0.273305
2023-09-05,0.153714,0.390326,0.336209,0.352533,0.336501,0.309008
2023-09-06,0.304379,0.327705,0.287327,0.309508,0.284236,0.254003
2023-09-07,0.284951,0.360637,0.31619,0.325466,0.309955,0.298481
2023-09-08,0.202369,0.347706,0.316961,0.328314,0.309408,0.298621
2023-09-11,0.166166,0.306449,0.267869,0.281775,0.282604,0.267061
2023-09-12,0.194976,0.279648,0.234273,0.257925,0.249531,0.243292
2023-09-13,0.254634,0.268949,0.213399,0.243492,0.247638,0.255337
2023-09-14,0.134928,0.299278,0.243404,0.268994,0.261885,0.286303
2023-09-15,0.201527,0.241854,0.20967,0.252274,0.234342,0.239928
2023-09-18,0.133166,0.254282,0.21088,0.250171,0.233894,0.254204
2023-09-19,0.191742,0.204227,0.192957,0.221199,0.204963,0.208382
2023-09-20,0.419892,0.218537,0.192051,0.222211,0.211106,0.229688
2023-09-21,0.298284,0.322932,0.220426,0.260548,0.264937,0.303533
2023-09-22,0.433337,0.341916,0.250131,0.273003,0.280232,0.30747
2023-09-25,0.496757,0.449254,0.304291,0.323078,0.343183,0.368619
2023-09-26,0.364883,0.51506,0.386523,0.380299,0.429873,0.455294
2023-09-27,0.631996,0.48282,0.373591,0.337007,0.364897,0.416952
2023-09-28,0.729149,0.64266,0.47673,0.404181,0.491784,0.558941
2023-09-29,0.690493,0.799789,0.625589,0.522635,0.593038,0.649586
2023-10-02,0.764825,0.792158,0.695006,0.663507,0.640594,0.668125
2023-10-03,0.614894,0.856722,0.758749,0.745896,0.718405,0.74932
2023-10-04,0.736772,0.744847,0.677036,0.594573,0.696273,0.700557
2023-10-05,0.526844,0.797111,0.775271,0.741457,0.755137,0.796334
2023-10-06,0.702843,0.640267,0.636844,0.601125,0.645753,0.694437
2023-10-09,0.40543,0.70677,0.67033,0.629515,0.693757,0.773316
2023-10-10,0.32378,0.55643,0.544194,0.543007,0.584162,0.589017
2023-10-11,0.297925,0.403903,0.456559,0.430624,0.467368,0.483901
2023-10-12,0.409522,0.331955,0.410642,0.393149,0.387543,0.405736
2023-10-13,0.661386,0.38555,0.436978,0.4169,0.450472,0.485804
2023-10-16,0.348753,0.58009,0.566651,0.516206,0.564943,0.666167
2023-10-17,0.449533,0.414573,0.465792,0.457582,0.47126,0.506409
2023-10-18,0.740171,0.474955,0.481322,0.471255,0.490116,0.55968
2023-10-19,1.05545,0.720862,0.606074,0.542845,0.612676,0.73394
2023-10-20,0.73609,1.16788,0.766764,0.718478,0.824732,0.957525
2023-10-23,0.796192,0.929468,0.719457,0.705779,0.781674,0.880754
2023-10-24,0.440514,0.917304,0.774936,0.749267,0.855631,0.96742
2023-10-25,0.498205,0.638981,0.608934,0.607905,0.691255,0.69282
2023-10-26,0.915044,0.589786,0.611295,0.565569,0.621189,0.62674
2023-10-27,0.628588,0.934719,0.810484,0.692448,0.743771,0.841504
2023-10-30,0.452451,0.785823,0.736048,0.660286,0.698394,0.803118
2023-10-31,0.439227,0.608828,0.663913,0.593593,0.606139,0.659562
2023-11-01,0.604635,0.561596,0.59344,0.563117,0.572622,0.602682
2023-11-02,0.206908,0.66049,0.653564,0.584328,0.637005,0.701396
2023-11-03,0.263176,0.410635,0.442236,0.442571,0.472234,0.414764
2023-11-06,0.168916,0.360816,0.373451,0.392907,0.385491,0.389543
2023-11-07,0.171866,0.234869,0.264117,0.287903,0.266015,0.282157
2023-11-08,0.244137,0.218085,0.211704,0.235262,0.224413,0.251078
2023-11-09,0.524995,0.267847,0.25258,0.244396,0.252091,0.267778
2023-11-10,0.257577,0.498064,0.403076,0.381929,0.400129,0.405813
2023-11-13,0.145122,0.338079,0.329939,0.329189,0.340331,0.347548
2023-11-14,0.212396,0.22935,0.215227,0.239889,0.258539,0.250836
2023-11-15,0.190631,0.287911,0.2263,0.22609,0.244747,0.261729
2023-11-16,0.222016,0.255852,0.209162,0.207614,0.234295,0.24057
2023-11-17,0.103702,0.289544,0.235171,0.226506,0.2452,0.25298
2023-11-20,0.13902,0.182579,0.166985,0.171438,0.196131,0.193206
2023-11-21,0.115262,0.200886,0.169032,0.168407,0.182791,0.191934
2023-11-22,0.3244,0.154862,0.151689,0.143742,0.16609,0.167082
2023-11-27,0.0835366,0.318557,0.262167,0.234007,0.24875,0.256173
2023-11-28,0.176888,0.15562,0.155178,0.158465,0.172103,0.162436
2023-11-29,0.179951,0.205358,0.201812,0.184593,0.194523,0.206515
2023-11-30,0.408243,0.216301,0.22759,0.193935,0.20337,0.216636
2023-12-01,0.273918,0.412789,0.347121,0.337905,0.289358,0.313459
2023-12-04,0.137235,0.358615,0.349897,0.308208,0.284681,0.30415
2023-12-05,0.357432,0.286021,0.277824,0.227409,0.24059,0.238128
2023-12-06,0.233554,0.37853,0.37931,0.326022,0.287723,0.313993
2023-12-07,0.164871,0.341159,0.344381,0.304073,0.28757,0.30336
2023-12-08,0.317242,0.25998,0.284913,0.243672,0.241414,0.254077
2023-12-11,0.120878,0.341654,0.361681,0.296365,0.289184,0.314516
2023-12-12,0.0932578,0.258978,0.249956,0.247536,0.241981,0.246766
2023-12-13,0.517722,0.200524,0.151283,0.182354,0.19498,0.183282
2023-12-14,0.359214,0.41509,0.371176,0.290157,0.303386,0.315002
2023-12-15,0.275411,0.4043,0.381005,0.316765,0.345103,0.345117
2023-12-18,0.0920043,0.356494,0.348201,0.305363,0.312057,0.327968
2023-12-19,0.0667616,0.262573,0.193084,0.235166,0.225794,0.214522
2023-12-20,0.461273,0.214013,0.131883,0.161115,0.146813,0.146544
2023-12-21,0.449958,0.336153,0.312855,0.322318,0.275425,0.302003
2023-12-22,0.195911,0.323365,0.336368,0.372906,0.338447,0.353826
2023-12-26,0.0617431,0.289768,0.265285,0.312011,0.286033,0.28087
2023-12-27,0.178923,0.209326,0.156468,0.190186,0.187942,0.179509
2023-12-28,0.0912761,0.274143,0.216964,0.246004,0.214765,0.217117
2023-12-29,0.172616,0.22401,0.166873,0.182293,0.174757,0.174426
2024-01-02,0.235378,0.237398,0.183936,0.20839,0.189321,0.191717
2024-01-03,0.284348,0.252518,0.23579,0.248431,0.224062,0.224045
2024-01-04,0.194922,0.26614,0.269564,0.281665,0.266535,0.271709
2024-01-05,0.424763,0.268259,0.240158,0.25521,0.252149,0.248952
2024-01-08,0.207201,0.321143,0.336431,0.325776,0.324217,0.332755
2024-01-09,0.247687,0.284605,0.275988,0.278792,0.286396,0.279222
2024-01-10,0.202127,0.273118,0.303352,0.294338,0.293004,0.290624
2024-01-11,0.579759,0.261039,0.298365,0.287262,0.290903,0.274637
2024-01-12,0.276232,0.375411,0.415125,0.372368,0.385761,0.389282
2024-01-16,0.334885,0.333205,0.356652,0.343087,0.361999,0.333048
2024-01-17,0.236181,0.348396,0.350756,0.346289,0.362842,0.346342
2024-01-18,0.259079,0.323263,0.316412,0.308663,0.326198,0.313081
2024-01-19,0.188475,0.301879,0.30725,0.306076,0.320174,0.299506
2024-01-22,0.200124,0.268659,0.275624,0.271762,0.282939,0.260842
2024-01-23,0.0892332,0.272662,0.270975,0.261925,0.26267,0.25418
2024-01-24,0.266852,0.235377,0.212162,0.197572,0.207581,0.1862
2024-01-25,0.241994,0.283499,0.242909,0.241271,0.228893,0.229967
2024-01-26,0.156985,0.283353,0.259124,0.245147,0.237103,0.250097
2024-01-29,0.163033,0.239006,0.2268,0.211878,0.218248,0.208866
2024-01-30,0.0804604,0.244393,0.215875,0.186824,0.212663,0.196884
2024-01-31,0.554481,0.185798,0.185347,0.14985,0.175499,0.148242
2024-02-01,0.442249,0.547169,0.254632,0.225466,0.245407,0.236848
2024-02-02,0.502767,0.570665,0.274092,0.296261,0.325565,0.322816
2024-02-05,0.292995,0.70224,0.308061,0.399198,0.354045,0.387169
2024-02-06,0.227516,0.497053,0.288351,0.3401,0.346708,0.35457
2024-02-07,0.169351,0.358839,0.272625,0.295975,0.283046,0.28864
2024-02-08,0.0900924,0.273464,0.261261,0.254471,0.249819,0.241481
2024-02-09,0.0611429,0.21577,0.245721,0.204843,0.197639,0.181252
2024-02-12,0.177493,0.131315,0.219788,0.144857,0.150442,0.131158
2024-02-13,0.348731,0.265461,0.248463,0.193564,0.197244,0.185893
2024-02-14,0.334862,0.382161,0.263544,0.243207,0.23701,0.256521
2024-02-15,0.197232,0.350597,0.264821,0.285184,0.262375,0.295617
2024-02-16,0.34645,0.278546,0.252897,0.257205,0.236642,0.250891
2024-02-20,0.390458,0.33312,0.268194,0.30129,0.274121,0.310364
2024-02-21,0.257859,0.382687,0.29149,0.332416,0.312619,0.340084
2024-02-22,0.250972,0.342214,0.280437,0.302713,0.294508,0.304319
2024-02-23,0.196931,0.293611,0.270764,0.300176,0.293874,0.297415
2024-02-26,0.117744,0.250295,0.257577,0.269628,0.267072,0.261651
2024-02-27,0.0958081,0.191933,0.243014,0.226729,0.224713,0.209261
2024-02-28,0.118735,0.161112,0.216724,0.194658,0.198796,0.178054
2024-02-29,0.262828,0.194527,0.215881,0.194831,0.198475,0.18229
2024-03-01,0.148631,0.318761,0.2567,0.257565,0.250547,0.243041
2024-03-04,0.0980366,0.243643,0.233722,0.229115,0.222795,0.213455
2024-03-05,0.298795,0.186094,0.2069,0.198695,0.189996,0.179388
2024-03-06,0.552691,0.337491,0.263988,0.277022,0.285429,0.233602
2024-03-07,0.156985,0.445733,0.325692,0.357126,0.377276,0.331095
2024-03-08,0.543885,0.250834,0.236278,0.248484,0.26896,0.249333
2024-03-11,0.316019,0.56663,0.339918,0.361162,0.440044,0.348317
2024-03-12,0.480161,0.382012,0.282205,0.321681,0.350239,0.329984
2024-03-13,0.160101,0.469718,0.323567,0.396011,0.448863,0.396084
2024-03-14,0.49181,0.256538,0.244787,0.273821,0.302305,0.2914
2024-03-15,0.25222,0.443999,0.328153,0.376435,0.50328,0.366711
2024-03-18,0.172018,0.389967,0.291219,0.316388,0.403259,0.344015
2024-03-19,0.136607,0.322814,0.272943,0.281852,0.367869,0.301281
2024-03-20,0.640979,0.241971,0.244374,0.250141,0.313443,0.255376
2024-03-21,0.14728,0.595026,0.381931,0.396935,0.450866,0.397224
2024-03-22,0.139292,0.299617,0.268793,0.284047,0.326707,0.300646
2024-03-25,0.0585539,0.288963,0.264847,0.274331,0.283814,0.261173
2024-03-26,0.0655051,0.137192,0.203473,0.195637,0.208799,0.175358
2024-03-27,0.180131,0.100141,0.145581,0.152843,0.155549,0.131406
2024-03-28,0.0979672,0.225032,0.237458,0.224197,0.242559,0.194005
2024-04-01,0.204549,0.151423,0.173076,0.172729,0.188828,0.16092
2024-04-02,0.147099,0.272688,0.251404,0.23179,0.229472,0.210095
2024-04-03,0.307056,0.234455,0.222024,0.193147,0.214648,0.189856
2024-04-04,0.712177,0.329766,0.2649,0.252582,0.258649,0.238638
2024-04-05,0.529069,0.86678,0.421775,0.379402,0.338001,0.393151
2024-04-08,0.167226,0.844666,0.415551,0.387671,0.368183,0.421919
2024-04-09,0.564598,0.516274,0.275106,0.267401,0.266003,0.281511
2024-04-10,0.86836,0.795134,0.420867,0.409798,0.352728,0.389303
2024-04-11,0.362935,1.07185,0.611001,0.596746,0.498028,0.549108
2024-04-12,0.463606,0.829019,0.444103,0.4026,0.38666,0.417921
2024-04-15,0.767363,0.725921,0.476892,0.464936,0.443657,0.45235
2024-04-16,1.05476,0.713378,0.53242,0.593091,0.552352,0.583526
2024-04-17,0.899927,1.07749,0.746514,0.803,0.699489,0.77187
2024-04-18,0.655373,0.87096,0.681284,0.817763,0.704509,0.813314
2024-04-19,0.694819,0.789224,0.629433,0.729756,0.648877,0.67891
2024-04-22,0.405176,0.680876,0.608954,0.748102,0.655819,0.694083
2024-04-23,0.245705,0.668355,0.497773,0.585326,0.530397,0.534744
2024-04-24,0.37193,0.461396,0.391188,0.439274,0.390889,0.375186
2024-04-25,0.448238,0.462302,0.436146,0.446256,0.41175,0.399874
2024-04-26,0.250712,0.511277,0.480638,0.466629,0.46364,0.478087
2024-04-29,0.317236,0.380965,0.394569,0.378046,0.354101,0.370188
2024-04-30,0.526132,0.438821,0.422799,0.393733,0.361676,0.362039
2024-05-01,1.18316,0.623771,0.513841,0.500116,0.472139,0.452404
2024-05-02,0.568252,1.67037,0.833368,0.835923,0.786257,0.733881
2024-05-03,0.352995,0.954113,0.583862,0.609355,0.610063,0.619616
2024-05-06,0.0852795,0.598161,0.49524,0.532927,0.513269,0.519511
2024-05-07,0.130776,0.213691,0.214691,0.280412,0.248991,0.246545
2024-05-08,0.0765504,0.232041,0.26945,0.255716,0.231882,0.229633
2024-05-09,0.112185,0.128566,0.154193,0.170718,0.151768,0.158164
2024-05-10,0.163216,0.167603,0.201138,0.191184,0.169697,0.173054
2024-05-13,0.0702064,0.29087,0.289557,0.257754,0.211973,0.208431
2024-05-14,0.193185,0.130241,0.173426,0.172872,0.144713,0.149614
2024-05-15,0.101725,0.334127,0.273939,0.280192,0.224269,0.211167
2024-05-16,0.236202,0.17789,0.207718,0.202701,0.161712,0.178682
2024-05-17,0.101203,0.361993,0.308533,0.29853,0.23951,0.23253
2024-05-20,0.0819602,0.196412,0.223573,0.213998,0.169547,0.182333
2024-05-21,0.0646269,0.161974,0.177203,0.186371,0.162278,0.155085
2024-05-22,0.248304,0.110929,0.12941,0.138282,0.115738,0.125242
2024-05-23,0.412435,0.328695,0.265697,0.286073,0.226799,0.196386
2024-05-24,0.227274,0.462202,0.395063,0.353501,0.301705,0.289519
2024-05-28,0.204851,0.340838,0.311982,0.276913,0.262273,0.252381
2024-05-29,0.174525,0.330918,0.294096,0.273452,0.26659,0.241427
2024-05-30,0.232608,0.285281,0.26481,0.253787,0.245123,0.226969
2024-05-31,0.5033,0.327553,0.273545,0.275157,0.26258,0.23322
2024-06-03,0.334282,0.672447,0.416459,0.392272,0.373692,0.332373
2024-06-04,0.410373,0.501436,0.383254,0.336015,0.348225,0.331235
2024-06-05,0.18058,0.579785,0.439323,0.37961,0.398426,0.367406
2024-06-06,0.141532,0.372863,0.293641,0.289382,0.303441,0.275699
2024-06-07,0.329897,0.266211,0.225092,0.238844,0.243757,0.225078
2024-06-10,0.12466,0.492002,0.333067,0.336058,0.326357,0.285005
2024-06-11,0.220156,0.233775,0.223129,0.231996,0.231921,0.227939
2024-06-12,0.427927,0.302821,0.275237,0.278771,0.279665,0.248943
2024-06-13,0.231533,0.492173,0.402216,0.339802,0.325272,0.331723
2024-06-14,0.234207,0.358522,0.329218,0.288436,0.288238,0.287166
2024-06-17,0.195466,0.356643,0.331141,0.287576,0.283349,0.277889
2024-06-18,0.100913,0.282655,0.276604,0.260021,0.2621,0.262895
2024-06-20,0.421563,0.233183,0.18183,0.185426,0.207883,0.202796
2024-06-21,0.221585,0.432318,0.393489,0.334431,0.319874,0.320572
2024-06-24,0.373758,0.336899,0.322019,0.29109,0.288144,0.285822
2024-06-25,0.13954,0.41801,0.41971,0.331008,0.326235,0.322411
2024-06-26,0.200753,0.304976,0.280472,0.233988,0.261702,0.246791
2024-06-27,0.211988,0.284727,0.281008,0.2629,0.27262,0.242494
2024-06-28,0.38658,0.285689,0.287563,0.270839,0.265917,0.258545
2024-07-01,0.438139,0.344996,0.346752,0.334824,0.32529,0.313422
2024-07-02,0.120222,0.336243,0.393195,0.356438,0.334387,0.351171
2024-07-05,0.107728,0.24791,0.257075,0.244765,0.249838,0.243531
2024-07-08,0.0597197,0.24512,0.227112,0.21604,0.217261,0.208743
2024-07-09,0.0915128,0.162642,0.128557,0.128638,0.14913,0.155208
2024-07-10,0.0880456,0.171333,0.145408,0.155352,0.161997,0.150172
2024-07-11,0.407006,0.139148,0.131106,0.148926,0.151043,0.138618
2024-07-12,0.254079,0.320175,0.355443,0.31279,0.257446,0.233805
2024-07-15,0.33019,0.299555,0.25803,0.264662,0.245544,0.244619
2024-07-16,0.208173,0.335023,0.328613,0.304981,0.275318,0.259856
2024-07-17,0.259946,0.255538,0.250509,0.256412,0.247674,0.244154
2024-07-18,0.828658,0.283798,0.278777,0.269041,0.261439,0.264304
2024-07-19,0.549263,0.8736,0.681688,0.488735,0.438293,0.487501
2024-07-22,0.475689,0.618842,0.55441,0.406497,0.406421,0.44467
2024-07-23,0.263199,0.577823,0.497748,0.401493,0.407117,0.441393
2024-07-24,0.350864,0.468765,0.355335,0.312697,0.32184,0.356397
2024-07-25,0.952662,0.482061,0.359056,0.341779,0.348163,0.364466
2024-07-26,0.863564,0.84151,0.800186,0.548165,0.557493,0.585338
2024-07-29,0.448536,0.883839,0.760648,0.594597,0.626186,0.67192
2024-07-30,0.580886,0.692427,0.514405,0.448066,0.472453,0.528928
2024-07-31,0.561583,0.72584,0.497983,0.53883,0.547109,0.57264
2024-08-01,0.893428,0.700154,0.571388,0.478113,0.519698,0.565811
2024-08-02,1.32083,0.889024,0.47678,0.612488,0.695582,0.727548
2024-08-05,3.90666,1.23403,1.00927,0.866149,0.986231,0.98774
2024-08-06,1.48658,5.16534,5.46624,3.36173,3.19916,2.79053
2024-08-07,1.44164,2.80368,2.09237,1.37298,1.48763,1.5842
2024-08-08,1.02888,2.59832,1.94093,1.6055,1.64985,1.69565
2024-08-09,0.761859,1.94353,1.5747,1.17191,1.2069,1.29663
2024-08-12,0.850946,1.33672,1.27985,0.91062,0.882587,0.9745
2024-08-13,0.228013,1.32601,1.22755,0.949754,0.894689,0.972356
2024-08-14,0.464093,0.614351,0.632072,0.549863,0.471433,0.46373
2024-08-15,0.167955,0.853665,0.749566,0.633383,0.5862,0.622913
2024-08-16,0.153908,0.312226,0.357801,0.387959,0.317225,0.352494
2024-08-19,0.221701,0.203994,0.256963,0.284731,0.251922,0.253091
2024-08-20,0.226117,0.289608,0.316216,0.350085,0.314712,0.284218
2024-08-21,0.411982,0.308157,0.311206,0.327345,0.313089,0.301401
2024-08-22,0.531471,0.611745,0.463194,0.455473,0.388559,0.413243
2024-08-23,0.834592,0.758794,0.587986,0.555798,0.470734,0.519616
2024-08-26,0.226331,0.990975,0.821911,0.765235,0.644433,0.719883
2024-08-27,0.169843,0.513577,0.462987,0.498091,0.383331,0.409686
2024-08-28,0.469449,0.397445,0.331249,0.316474,0.286447,0.292548
2024-08-29,0.460114,0.718196,0.60576,0.51966,0.451698,0.457474
2024-08-30,0.371983,0.638445,0.607186,0.544198,0.481681,0.497055
2024-09-03,0.538749,0.565201,0.517097,0.474105,0.440274,0.447568
2024-09-04,0.432229,0.738918,0.605749,0.610411,0.533315,0.526428
2024-09-05,0.670893,0.66836,0.523142,0.557943,0.489389,0.492639
2024-09-06,0.915017,1.17099,0.758578,0.68893,0.612807,0.613525
2024-09-09,0.404767,1.56972,1.04283,0.832469,0.764097,0.762321
2024-09-10,0.501202,0.778335,0.642991,0.618637,0.489088,0.523795
2024-09-11,0.714975,0.921154,0.644118,0.638918,0.536139,0.545904
2024-09-12,0.525813,0.9345,0.728502,0.794678,0.618428,0.622842
2024-09-13,0.23458,0.685837,0.659149,0.702177,0.543789,0.58158
2024-09-16,0.276048,0.353076,0.371376,0.443828,0.384917,0.427506
2024-09-17,0.392923,0.322702,0.3646,0.406291,0.379313,0.404712
2024-09-18,1.26179,0.449184,0.460398,0.543884,0.424436,0.426958
2024-09-19,0.35096,1.96686,1.15666,1.09811,0.828659,0.810563
2024-09-20,0.223489,0.652556,0.567986,0.552898,0.497039,0.506566
2024-09-23,0.155228,0.429464,0.380862,0.320977,0.383076,0.400169
2024-09-24,0.165292,0.309897,0.272303,0.28161,0.296278,0.303652
2024-09-25,0.100239,0.333148,0.275449,0.309034,0.290226,0.277129
2024-09-26,0.194037,0.164998,0.162893,0.189809,0.198187,0.19031
2024-09-27,0.153404,0.306001,0.303814,0.289684,0.281228,0.249321
2024-09-30,0.279211,0.206848,0.24769,0.233146,0.250955,0.242636
2024-10-01,0.655261,0.398186,0.372087,0.335332,0.335296,0.30931
2024-10-02,0.476528,0.884709,0.632942,0.581804,0.542357,0.502386
2024-10-03,0.589824,0.647842,0.579412,0.501173,0.468284,0.474424
2024-10-04,0.499723,0.682572,0.659036,0.602495,0.554184,0.538603
2024-10-07,0.230983,0.599433,0.615399,0.555993,0.525337,0.503079
2024-10-08,0.149688,0.386156,0.447348,0.399229,0.373309,0.371654
2024-10-09,0.146698,0.250551,0.353882,0.278306,0.284033,0.272002
2024-10-10,0.173132,0.221042,0.250635,0.274425,0.268714,0.247764
2024-10-11,0.135275,0.255591,0.256369,0.276963,0.280793,0.248903
2024-10-14,0.117722,0.194654,0.181083,0.221706,0.225614,0.214952
2024-10-15,0.224664,0.159923,0.142998,0.178457,0.191314,0.184267
2024-10-16,0.134019,0.333672,0.246509,0.300353,0.296281,0.256368
2024-10-17,0.233293,0.178586,0.158741,0.20012,0.219619,0.217739
2024-10-18,0.112101,0.345403,0.272851,0.296871,0.303034,0.277156
2024-10-21,0.165683,0.172719,0.149058,0.173274,0.202654,0.207132
2024-10-22,0.110091,0.241354,0.191021,0.220244,0.237094,0.226278
2024-10-23,0.301995,0.153432,0.143617,0.15992,0.18577,0.184036
2024-10-24,0.267284,0.357645,0.290278,0.308676,0.304232,0.280846
2024-10-25,0.348377,0.320476,0.283373,0.298031,0.29014,0.280081
2024-10-28,0.163631,0.400311,0.346692,0.351181,0.329287,0.32427
2024-10-29,0.237097,0.242428,0.210422,0.232938,0.233129,0.238595
2024-10-30,0.215288,0.297005,0.268337,0.281552,0.279974,0.272193
2024-10-31,0.555168,0.288534,0.255734,0.272393,0.270623,0.26758
2024-11-01,0.467607,0.663721,0.510009,0.461657,0.41252,0.388601
2024-11-04,0.307371,0.590805,0.500915,0.447126,0.399119,0.398634
2024-11-05,0.25566,0.455032,0.380538,0.351597,0.342115,0.350214
2024-11-06,0.321902,0.399848,0.327641,0.316524,0.312701,0.327984
2024-11-07,0.14393,0.401812,0.338315,0.332406,0.331205,0.341575
2024-11-08,0.0885036,0.221342,0.228062,0.228046,0.249288,0.266805
2024-11-11,0.112479,0.116671,0.146066,0.153532,0.175289,0.189174
2024-11-12,0.191088,0.133493,0.15867,0.169415,0.190058,0.190532
2024-11-13,0.243045,0.174914,0.22722,0.227273,0.239057,0.225078
2024-11-14,0.451863,0.242943,0.255745,0.261629,0.271018,0.256744
2024-11-15,0.291962,0.548817,0.410087,0.391292,0.363187,0.33861
2024-11-18,0.238405,0.35424,0.300486,0.3231,0.30354,0.31665
2024-11-19,0.198531,0.295401,0.266891,0.274132,0.283809,0.288136
2024-11-20,0.493019,0.263102,0.240727,0.248335,0.260138,0.265154
2024-11-21,0.841626,0.432124,0.407727,0.399805,0.376127,0.374753
2024-11-22,0.333268,0.715079,0.622301,0.615965,0.562171,0.578473
2024-11-25,0.263473,0.434909,0.366046,0.372439,0.354772,0.37627
2024-11-26,0.138218,0.40446,0.330363,0.329161,0.322268,0.344895
2024-11-27,0.132547,0.21323,0.191302,0.199997,0.22351,0.247208
2024-12-02,0.0722055,0.206626,0.192011,0.200765,0.21333,0.218165
2024-12-03,0.0676708,0.115399,0.107613,0.119538,0.139315,0.155355
2024-12-04,0.0635794,0.0960107,0.0947521,0.110548,0.127686,0.132991
2024-12-05,0.097322,0.0863645,0.0873172,0.09585,0.117388,0.116136
2024-12-06,0.0822358,0.130345,0.142364,0.139457,0.153904,0.147311
2024-12-09,0.0936354,0.103408,0.10631,0.114376,0.133229,0.131246
2024-12-10,0.100734,0.123328,0.119779,0.130016,0.143113,0.134162
2024-12-11,0.0520177,0.126975,0.122366,0.13003,0.146364,0.1391
2024-12-12,0.111369,0.0730287,0.0720213,0.0775399,0.0943066,0.0983617
2024-12-13,0.189241,0.143773,0.128722,0.13219,0.165739,0.142551
2024-12-16,0.0742412,0.227532,0.194345,0.1942,0.221209,0.183449
2024-12-17,0.137194,0.100682,0.0980213,0.103598,0.12101,0.120939
2024-12-18,2.0261,0.1831,0.164075,0.154595,0.184035,0.160653
2024-12-19,0.986565,10.6895,5.83361,3.36667,0.791171,0.698774
2024-12-20,1.17751,2.44018,1.19228,0.923155,0.697573,0.755494
2024-12-23,0.355899,2.32667,1.53299,1.24553,1.01015,1.1105
2024-12-26,0.296198,0.767805,0.52858,0.438256,0.390809,0.395423
2024-12-27,0.72236,1.0231,0.404366,0.375989,0.346053,0.334603
2024-12-30,0.605371,7.48578,1.00381,0.807901,0.605012,0.601488
2024-12-31,0.789384,2.18493,0.658262,0.627833,0.504655,0.544884
2025-01-02,1.45738,1.34835,0.922067,0.79112,0.663892,0.68941
2025-01-03,0.357102,3.8794,1.35434,1.23842,1.02452,1.14846
2025-01-06,0.2616,0.740777,0.508278,0.40088,0.395347,0.452208
2025-01-07,0.818152,0.395522,0.359926,0.346389,0.342737,0.362441
2025-01-08,0.889661,1.2518,0.891633,0.763085,0.631343,0.673954
2025-01-10,1.04911,1.35353,0.959609,0.762372,0.623895,0.693455
2025-01-13,0.656297,2.10086,1.13226,1.05859,0.866481,0.897161
2025-01-14,0.746292,1.26484,0.869895,0.693164,0.629418,0.661529
2025-01-15,0.305725,0.995842,0.836467,0.80732,0.689492,0.676452
2025-01-16,0.347398,0.537719,0.460045,0.424374,0.435404,0.432037
2025-01-17,0.170953,0.674683,0.542345,0.504143,0.457634,0.453335
2025-01-21,0.270644,0.348836,0.257565,0.23566,0.300298,0.287068
2025-01-22,0.0673652,0.479832,0.386889,0.383617,0.379996,0.357964
2025-01-23,0.0955237,0.23546,0.116115,0.114178,0.169812,0.162234
2025-01-24,0.120048,0.178846,0.127095,0.149093,0.197927,0.173033
2025-01-27,0.597711,0.33768,0.182687,0.191192,0.217843,0.182383
2025-01-28,0.334311,4.4047,0.970573,0.702623,0.533905,0.454406
2025-01-29,0.67053,1.35004,0.485434,0.383907,0.37796,0.376615
2025-01-30,0.722581,1.69008,0.976292,0.742063,0.575325,0.579016
2025-01-31,0.568703,1.34482,0.925292,0.754427,0.589847,0.611699
2025-02-03,1.21539,0.795552,0.757059,0.575705,0.488315,0.516217
2025-02-04,0.249251,1.35958,1.45539,0.985824,0.835546,0.871509
2025-02-05,0.226938,0.83079,0.540323,0.360719,0.325552,0.377011
2025-02-06,0.217329,0.578482,0.472022,0.350592,0.342005,0.35025
2025-02-07,1.08901,0.426239,0.376873,0.345507,0.331747,0.33683
2025-02-10,0.0856953,0.90315,0.746886,0.922026,0.69899,0.670658
2025-02-11,0.113403,0.422807,0.231141,0.182024,0.216686,0.261662
2025-02-12,0.366019,0.370133,0.233191,0.220255,0.233594,0.248511
2025-02-13,0.226585,0.677214,0.589175,0.514233,0.455867,0.415061
2025-02-14,0.0957256,0.487448,0.373639,0.310388,0.29341,0.332529
2025-02-18,0.190151,0.260539,0.173274,0.176654,0.195524,0.240692
2025-02-19,0.118111,0.365752,0.276621,0.30066,0.277798,0.286362
2025-02-20,0.252399,0.228243,0.164751,0.179476,0.199691,0.232658
2025-02-21,0.316888,0.348821,0.263265,0.346375,0.310079,0.309971
2025-02-24,0.576858,0.461471,0.368666,0.381402,0.345612,0.350049
2025-02-25,0.898241,0.594468,0.744243,0.582088,0.472712,0.484523
2025-02-26,0.503234,1.05069,1.71742,0.938779,0.691055,0.690401
2025-02-27,1.19549,0.855853,0.935835,0.547111,0.465137,0.513432
2025-02-28,1.50874,1.57512,2.28509,1.16709,0.901809,0.964993
2025-03-03,1.47678,2.40492,1.86307,1.37297,1.21201,1.24592
2025-03-04,1.76447,2.19783,1.79822,1.3914,1.26538,1.34818
2025-03-05,1.71792,2.48103,1.36247,1.1907,1.59535,1.57496
2025-03-06,1.81426,2.34094,1.4532,1.24252,1.60229,1.60948
2025-03-07,2.43534,2.1924,1.46771,1.32848,1.55035,1.64685
2025-03-10,1.63989,2.55844,2.31573,2.26694,2.09243,2.16434
2025-03-11,2.85468,2.059,1.64883,1.414,1.41661,1.56989
2025-03-12,1.15596,2.91824,2.52308,2.26225,2.067,2.14781
2025-03-13,1.31277,2.27808,1.53377,1.2051,1.00683,1.15782
2025-03-14,0.633897,1.92452,1.50767,1.33866,1.10105,1.18555
2025-03-17,0.606474,1.19842,0.994733,0.855309,0.700072,0.717869
2025-03-18,0.656148,0.778052,0.845071,0.740554,0.606142,0.645904
2025-03-19,0.845906,0.834697,0.890981,0.774232,0.634186,0.665473
2025-03-20,0.7919,0.96519,0.972757,0.874462,0.728817,0.763466
2025-03-21,0.58229,0.980756,0.882007,0.843939,0.706306,0.743533
2025-03-24,0.244158,0.71919,0.701138,0.710009,0.594717,0.590701
2025-03-25,0.149745,0.432869,0.438257,0.360884,0.368968,0.360852
2025-03-26,0.381411,0.235948,0.266438,0.227551,0.22805,0.221789
2025-03-27,0.710813,0.445953,0.494253,0.488285,0.462056,0.403096
2025-03-28,0.610928,1.21353,0.757313,0.762989,0.661552,0.620372
2025-03-31,1.41966,0.973202,0.715926,0.698597,0.609092,0.59068
2025-04-01,0.929734,1.83203,1.32903,1.23218,1.16482,1.11695
2025-04-02,1.07075,1.57054,1.07834,0.947276,0.830581,0.89153
2025-04-03,1.20596,1.50446,1.17851,1.05968,0.98231,0.996231
2025-04-04,8.49571,1.54164,1.31333,1.14322,1.07361,1.06996
2025-04-07,45.0408,25.0082,7.23204,4.50393,3.64849,3.52866
2025-04-08,8.2911,3121.82,260.135,30.5446,17.9993,29.1811
2025-04-09,21.5495,43.4577,17.9696,8.30529,6.78774,7.11139
2025-04-10,11.6834,126.077,64.9648,22.824,19.236,23.1671
2025-04-11,3.60569,33.8494,21.5531,12.2634,11.0678,13.8106
2025-04-14,1.8186,16.3939,6.62644,4.87446,4.17677,4.77315
2025-04-15,1.10735,4.52268,2.72618,2.49049,2.191,2.10323
2025-04-16,1.75312,1.76577,1.72682,1.50778,1.37652,1.31881
2025-04-17,1.25009,2.01349,2.18653,1.98912,1.81594,1.55677
2025-04-21,0.769516,1.52192,1.55498,1.55548,1.34548,1.21193
2025-04-22,1.24867,0.936497,1.00482,0.990181,0.8603,0.822829
2025-04-23,1.75143,1.56686,1.60681,1.5398,1.18736,1.15004
2025-04-24,0.612096,2.84211,1.89212,1.81768,1.50686,1.39766
2025-04-25,0.859612,0.936235,0.857176,0.816357,0.78002,0.707046
2025-04-28,0.807455,1.59236,1.05325,1.22995,1.06976,0.800309
2025-04-29,0.728337,1.47101,1.11876,1.20472,1.02223,0.832564
2025-04-30,1.31296,1.18838,1.17088,1.07619,0.945051,0.831695
2025-05-01,0.941466,3.01194,1.96467,1.71097,1.38458,1.2339
2025-05-02,0.491198,1.81854,1.73837,1.3412,1.23727,1.10305
2025-05-05,0.261276,0.984003,1.36145,0.816926,0.892772,0.79633
2025-05-06,0.910911,0.535436,0.663572,0.403622,0.450158,0.468341
2025-05-07,1.68598,2.69945,1.97382,1.42123,1.19537,1.06264
2025-05-08,0.75176,4.22038,4.05474,2.81401,2.11852,1.99058
2025-05-09,0.3942,2.76935,2.27857,2.0404,1.32039,1.24734
2025-05-12,0.454185,1.12956,1.21262,1.06734,0.849644,0.849115
2025-05-13,0.269232,0.986647,0.797104,0.829615,0.830066,0.75103
2025-05-14,0.337468,0.503394,0.431587,0.445796,0.462946,0.465312
2025-05-15,0.323299,0.627652,0.500746,0.514434,0.48743,0.456046
2025-05-16,0.184903,0.5296,0.381202,0.433663,0.421861,0.416028
2025-05-19,0.235934,0.312938,0.235146,0.255792,0.27645,0.308846
2025-05-20,0.311532,0.330796,0.271875,0.306465,0.33225,0.352885
2025-05-21,1.05626,0.378103,0.367045,0.381024,0.392099,0.393032
2025-05-22,0.467868,2.35874,1.67985,0.927178,0.96298,0.762407
2025-05-23,0.489681,0.754836,0.63293,0.519932,0.563233,0.48971
2025-05-27,0.140199,0.962056,0.794374,0.577829,0.557157,0.499578
2025-05-28,0.312644,0.405475,0.287187,0.230155,0.262598,0.260524
2025-05-29,0.715116,0.552406,0.418989,0.330964,0.385541,0.337907
2025-05-30,0.62156,0.740176,0.935125,0.68562,0.652508,0.493138
2025-06-02,0.380808,0.691093,0.741167,0.66654,0.655492,0.514076
2025-06-03,0.140368,0.593189,0.484031,0.518032,0.53,0.411811
2025-06-04,0.142322,0.374528,0.225747,0.261646,0.253331,0.269246
2025-06-05,0.775234,0.312386,0.253816,0.231671,0.23867,0.256716
2025-06-06,0.295391,0.869802,1.38792,0.853978,0.724469,0.598697
2025-06-09,0.0948651,0.435091,0.419028,0.412103,0.398712,0.391877
2025-06-10,0.16051,0.22309,0.215585,0.185681,0.205005,0.223815
2025-06-11,0.375517,0.35469,0.332056,0.3235,0.289567,0.29895
2025-06-12,0.209286,0.513744,0.464973,0.447326,0.4413,0.404722
2025-06-13,0.435069,0.286231,0.300975,0.367348,0.317255,0.307308
2025-06-16,0.153852,0.486007,0.820726,0.700358,0.521817,0.431203
2025-06-17,0.254987,0.291684,0.278024,0.284097,0.270892,0.291746
2025-06-18,0.469209,0.431791,0.484035,0.423463,0.38138,0.393685
2025-06-20,0.452075,0.542512,0.770935,0.608585,0.515736,0.453699
2025-06-23,0.482536,0.534557,0.56158,0.532221,0.50812,0.434463
2025-06-24,0.11329,0.598976,0.544182,0.599589,0.558283,0.456337
2025-06-25,0.10357,0.336399,0.252393,0.261795,0.245276,0.27629
2025-06-26,0.0907812,0.387393,0.339606,0.220418,0.223156,0.233525
2025-06-27,0.215697,0.227348,0.199687,0.150519,0.159592,0.199834
2025-06-30,0.168448,0.328203,0.292727,0.289776,0.317514,0.302369
2025-07-01,0.24124,0.252029,0.198395,0.256963,0.238772,0.246822
2025-07-02,0.0690415,0.334155,0.287107,0.349301,0.342398,0.301123
2025-07-07,0.235441,0.1904,0.159085,0.123329,0.124052,0.161095
2025-07-08,0.200262,0.325698,0.377598,0.280517,0.292425,0.25072
2025-07-09,0.125245,0.254179,0.235951,0.242998,0.261085,0.243266
2025-07-10,0.0715815,0.214419,0.168387,0.190282,0.198176,0.210605
2025-07-11,0.13886,0.17055,0.141705,0.145502,0.133293,0.152334
2025-07-14,0.14936,0.219926,0.210721,0.196637,0.205397,0.201092
2025-07-15,0.198852,0.204243,0.198457,0.193468,0.207224,0.216141
2025-07-16,0.664755,0.226834,0.168866,0.23839,0.255672,0.248926
2025-07-17,0.0993622,0.53573,0.209356,0.660631,0.576864,0.493278
2025-07-18,0.0820569,0.265122,0.0987317,0.273816,0.231278,0.230171
2025-07-21,0.0686485,0.235596,0.148182,0.186528,0.170255,0.186341
2025-07-22,0.192413,0.18629,0.230702,0.141148,0.131703,0.154857
2025-07-23,0.129435,0.255583,0.175757,0.241475,0.283399,0.277308
2025-07-24,0.0938665,0.212295,0.100013,0.183642,0.202022,0.227806
2025-07-25,0.0373635,0.182478,0.0840322,0.137626,0.162532,0.18195
2025-07-28,0.0596086,0.108234,0.0753138,0.0784711,0.0793064,0.111029
2025-07-29,0.121822,0.121935,0.120781,0.0918323,0.103209,0.11871
2025-07-30,0.340355,0.154111,0.122543,0.13791,0.176936,0.170862
2025-07-31,0.471153,0.397355,0.107845,0.288501,0.375028,0.316515
2025-08-01,0.524901,0.546657,0.141974,0.481085,0.491606,0.418358
2025-08-04,0.139565,0.592937,1.24668,0.569188,0.504814,0.474217
2025-08-05,0.234602,0.261992,0.221325,0.228592,0.195665,0.217743
2025-08-06,0.26996,0.397031,0.318043,0.322456,0.289535,0.293266
2025-08-07,0.416038,0.382366,0.315453,0.373982,0.311436,0.295635
2025-08-08,0.148937,0.496556,0.343861,0.498788,0.398465,0.368008
2025-08-11,0.183713,0.326597,0.201005,0.285689,0.215709,0.222788
2025-08-12,0.175278,0.328246,0.280211,0.290525,0.257539,0.261765
2025-08-13,0.138185,0.286895,0.272727,0.254217,0.23769,0.243268
2025-08-14,0.155094,0.255674,0.21253,0.189994,0.207753,0.214721
2025-08-15,0.182216,0.263697,0.176055,0.203015,0.221484,0.232191
2025-08-18,0.112352,0.298428,0.227816,0.239219,0.241576,0.241127
2025-08-19,0.236371,0.198898,0.196519,0.178306,0.168101,0.197133
2025-08-20,0.453393,0.298037,0.270881,0.266666,0.283447,0.271326
2025-08-21,0.38615,0.480988,0.340064,0.450975,0.417299,0.368738
2025-08-22,0.734635,0.38177,0.301812,0.364543,0.364622,0.344248
2025-08-25,0.0670823,0.708271,0.506033,0.77707,0.669684,0.580154
2025-08-26,0.125278,0.206316,0.190049,0.183509,0.150805,0.182621
2025-08-27,0.075382,0.341716,0.261945,0.247749,0.220074,0.250996
2025-08-28,0.118577,0.184086,0.182978,0.181493,0.140467,0.179649
2025-08-29,0.220234,0.248099,0.210458,0.217635,0.195236,0.221368
2025-09-02,0.273856,0.401467,0.259664,0.301212,0.280236,0.299487
2025-09-03,0.21112,0.460797,0.274463,0.314054,0.301335,0.323698
2025-09-04,0.11546,0.37219,0.250241,0.227204,0.257629,0.293655
2025-09-05,0.455292,0.245401,0.206471,0.170279,0.185433,0.223451
2025-09-08,0.120478,0.692663,0.332657,0.385575,0.410272,0.367939
2025-09-09,0.107914,0.371376,0.214061,0.177342,0.195354,0.24113
2025-09-10,0.157583,0.323986,0.222101,0.194139,0.193598,0.217154
2025-09-11,0.104705,0.27994,0.242623,0.286245,0.232708,0.241334
2025-09-12,0.0907011,0.207157,0.202907,0.188504,0.167094,0.189214
2025-09-15,0.0741167,0.15752,0.170571,0.145239,0.14672,0.16329
2025-09-16,0.0580739,0.12623,0.149263,0.129061,0.120577,0.152567
2025-09-17,0.931089,0.0949476,0.115112,0.118718,0.0971721,0.131993
2025-09-18,0.205306,2.7027,0.641678,1.00548,0.635367,0.472943
2025-09-19,0.0906253,0.539445,0.285127,0.286001,0.261376,0.278358
2025-09-22,0.0504611,0.427051,0.217814,0.188545,0.164029,0.19723
2025-09-23,0.132665,0.22966,0.139492,0.127771,0.107932,0.131062
2025-09-24,0.143192,0.355267,0.218341,0.181601,0.18277,0.217779
2025-09-25,0.430789,0.385256,0.215442,0.187198,0.188175,0.216126
2025-09-26,0.287223,0.914759,0.375305,0.36466,0.36336,0.386886
2025-09-29,0.12164,0.586626,0.294201,0.219238,0.310036,0.317746
2025-09-30,0.223897,0.339427,0.203117,0.164534,0.211793,0.238592
2025-10-01,0.177492,0.374994,0.266227,0.329698,0.302382,0.308665
2025-10-02,0.117467,0.381816,0.239901,0.237562,0.243518,0.266367
2025-10-03,0.230877,0.307279,0.203112,0.185193,0.188038,0.218482
2025-10-06,0.0707853,0.38325,0.254531,0.22817,0.267957,0.276329
2025-10-07,0.198436,0.271343,0.165721,0.121382,0.13972,0.181821
2025-10-08,0.0762712,0.367138,0.254965,0.225228,0.221964,0.249238
2025-10-09,0.154343,0.223541,0.182307,0.182595,0.146131,0.172062
2025-10-10,1.82169,0.271919,0.206164,0.174909,0.18349,0.200757
2025-10-13,0.280663,3.5291,1.03059,1.69249,0.996838,0.804625
2025-10-14,0.621926,1.24129,0.448683,0.358423,0.332767,0.313124
2025-10-15,0.599771,1.91687,0.730028,0.594563,0.646601,0.502415
2025-10-16,0.966443,1.54833,0.701687,0.575254,0.571008,0.466983
2025-10-17,0.81838,2.11282,1.01946,0.968138,0.826766,0.697224
2025-10-20,0.124534,2.20783,1.06071,1.08196,0.743621,0.623316
2025-10-21,0.18086,1.43016,0.419963,0.393567,0.294395,0.258841
2025-10-22,0.567466,1.0277,0.413772,0.410271,0.326519,0.27892
2025-10-23,0.219813,1.43895,0.680911,0.7001,0.529612,0.44983
2025-10-24,0.0900652,0.847347,0.515637,0.421388,0.354046,0.316598
2025-10-27,0.0581154,0.59977,0.332091,0.277695,0.224144,0.211951
2025-10-28,0.0892484,0.418824,0.234326,0.181554,0.146357,0.145146
2025-10-29,0.796223,0.367274,0.2586,0.222247,0.184494,0.175714
2025-10-30,0.384673,2.04092,0.667893,0.57518,0.591043,0.619025
2025-10-31,0.350307,0.968719,0.550898,0.412417,0.425245,0.409844
2025-11-03,0.233716,1.04727,0.514457,0.408954,0.389815,0.421304
2025-11-04,0.399751,0.668318,0.405552,0.360349,0.340126,0.345407
2025-11-05,0.251276,0.80695,0.56989,0.44411,0.450679,0.467017
2025-11-06,0.633877,0.589628,0.493692,0.348481,0.330657,0.315206
2025-11-07,0.672938,1.05141,0.747071,0.548781,0.597437,0.510354
2025-11-10,0.230739,1.14021,0.844771,0.590795,0.660838,0.568548
2025-11-11,0.165687,0.847795,0.660311,0.390699,0.351045,0.329183
2025-11-12,0.210753,0.637104,0.50283,0.329407,0.299581,0.271882
2025-11-13,0.629228,0.575757,0.457008,0.305705,0.30499,0.276672
2025-11-14,0.862396,1.02989,0.741228,0.46243,0.589014,0.488593
2025-11-17,0.72314,1.23491,0.918079,0.576591,0.775113,0.606543
2025-11-18,1.1243,0.991193,0.874373,0.629516,0.740445,0.594031
2025-11-19,0.868749,1.4392,1.12902,0.859893,1.02858,0.803099
2025-11-20,1.80926,0.880537,0.711793,0.66468,0.79104,0.667127
2025-11-21,1.46794,1.91366,1.24503,1.27758,1.46611,1.10921
2025-11-24,0.343661,1.71464,1.03073,1.03983,1.5045,1.18278
2025-11-25,0.933358,1.05732,0.730934,0.61449,0.486193,0.446979
2025-11-26,0.281173,1.15253,0.986008,0.971054,0.980235,0.878859
2025-12-01,0.265532,0.676612,0.49964,0.562715,0.436402,0.401851
2025-12-02,0.428913,0.588443,0.549879,0.561078,0.423712,0.357677
2025-12-03,0.217765,0.956266,0.715519,0.669152,0.563643,0.448232
2025-12-04,0.218233,0.5746,0.599035,0.477903,0.389341,0.338868
2025-12-05,0.174099,0.467311,0.521539,0.465416,0.377466,0.339046
2025-12-08,0.188664,0.338718,0.426912,0.389285,0.323505,0.269459
2025-12-09,0.0886509,0.286316,0.386852,0.374269,0.307057,0.283874
2025-12-10,0.458365,0.162479,0.2414,0.224398,0.183444,0.193834
2025-12-11,0.419118,0.80908,0.640083,0.599748,0.555486,0.438003
2025-12-12,0.581059,0.640433,0.636695,0.541746,0.50486,0.403126
2025-12-15,0.430582,0.854755,0.675428,0.629765,0.577336,0.472905
2025-12-16,0.464505,0.633717,0.575531,0.546475,0.522205,0.423389
2025-12-17,0.432169,0.617108,0.582517,0.5694,0.554265,0.435159
2025-12-18,0.64989,0.585678,0.592952,0.552511,0.588858,0.430397
2025-12-19,0.164118,0.956913,0.895674,0.639295,0.713416,0.560312
2025-12-22,0.086394,0.383668,0.492994,0.377967,0.320927,0.280994
2025-12-23,0.0542193,0.20204,0.396767,0.247567,0.213156,0.177464
2025-12-26,0.069376,0.108694,0.205905,0.169839,0.134499,0.122905
2025-12-29,0.079694,0.110598,0.163993,0.16514,0.131278,0.1316
2025-12-30,0.0688774,0.123591,0.152761,0.169762,0.152027,0.149716
2025-12-31,0.150684,0.10477,0.111477,0.121913,0.116748,0.126992
2026-01-02,0.474631,0.269815,0.25671,0.284377,0.242073,0.219183
2026-01-05,0.0867254,1.24129,0.528276,0.471217,0.450442,0.377235
2026-01-06,0.0906333,0.180009,0.192095,0.186827,0.172207,0.168146
2026-01-07,0.125867,0.168155,0.183669,0.207835,0.191505,0.180309
2026-01-08,0.226738,0.198875,0.23262,0.249393,0.238719,0.227276
2026-01-09,0.269359,0.308674,0.307677,0.297723,0.294191,0.290281
2026-01-12,0.0647538,0.393027,0.359258,0.341032,0.337466,0.30985
2026-01-13,0.189261,0.16703,0.132273,0.132617,0.16287,0.143747
2026-01-14,0.515881,0.283453,0.263886,0.256921,0.262607,0.263049
2026-01-15,0.151689,0.518052,0.44306,0.419762,0.408036,0.429038
2026-01-16,0.207357,0.274342,0.231031,0.268838,0.241209,0.269493
2026-01-20,0.423481,0.305425,0.295273,0.327034,0.298896,0.323555
2026-01-21,0.863549,0.389499,0.423778,0.442186,0.41232,0.420088
2026-01-22,0.218821,0.708725,0.668345,0.633871,0.739521,0.680868
2026-01-23,0.23005,0.531039,0.371315,0.372174,0.377486,0.375132
2026-01-26,0.0996283,0.431274,0.388215,0.36557,0.361659,0.377466
2026-01-27,0.0730998,0.225701,0.212729,0.211352,0.208377,0.195335
2026-01-28,0.245115,0.116864,0.140512,0.155342,0.15709,0.146825
2026-01-29,0.648559,0.328958,0.323703,0.312048,0.285806,0.322837
2026-01-30,0.66204,0.700639,0.546805,0.505523,0.468634,0.537871
2026-02-02,0.0411318,0.624874,0.560796,0.532497,0.521883,0.598955
2026-02-03,0.691031,0.128899,0.124228,0.135031,0.15043,0.149882
2026-02-04,1.02983,2.04567,0.70572,0.5032,0.523288,0.640962
2026-02-05,0.968489,1.3655,0.854218,0.639872,0.663091,1.20629
2026-02-06,0.318349,1.18359,0.802225,0.668924,0.875574,1.2044
2026-02-09,0.196459,0.888204,0.47069,0.397263,0.443009,0.513165
2026-02-10,0.245041,0.753446,0.344619,0.316814,0.345886,0.368667
2026-02-11,0.518631,0.683498,0.373376,0.360679,0.376694,0.3843
2026-02-12,0.641762,0.781241,0.480903,0.474281,0.511235,0.566952
2026-02-13,0.787747,0.821612,0.53508,0.525904,0.556501,0.590407
2026-02-17,1.14392,0.8403,0.650189,0.608311,0.707946,0.761474
2026-02-18,0.349296,0.945872,0.814362,0.773688,0.98942,1.03368
2026-02-19,0.598083,0.836595,0.535193,0.462634,0.545701,0.521688
2026-02-20,0.651017,1.04349,0.653661,0.553027,0.671844,0.668455
2026-02-23,0.415413,0.860819,0.663071,0.560892,0.689681,0.68963
2026-02-24,0.40489,0.768329,0.537067,0.493758,0.563458,0.537461
2026-02-25,0.0751126,0.728991,0.507871,0.481698,0.524103,0.515598
2026-02-26,0.543274,0.455606,0.230487,0.222148,0.233198,0.203861
2026-02-27,0.466193,0.675223,0.608397,0.513029,0.599542,0.548537
2026-03-02,0.557569,0.640006,0.577092,0.478721,0.504579,0.483648
2026-03-03,0.970285,0.684334,0.586571,0.510681,0.577465,0.559847
2026-03-04,0.424336,0.906143,0.710961,0.689677,0.809473,0.821011
2026-03-05,0.836799,0.626791,0.557654,0.476442,0.530251,0.486358
2026-03-06,0.934347,0.746713,0.669342,0.646733,0.772046,0.705746
2026-03-09,1.23419,0.776301,0.72774,0.745436,0.814576,0.71625
2026-03-10,0.69145,1.34475,0.818263,0.862275,0.973857,0.91195
2026-03-11,0.602799,1.05442,0.684789,0.709659,0.762635,0.603584
2026-03-12,0.740374,0.823742,0.624273,0.646829,0.785029,0.587034
2026-03-13,0.663461,0.744553,0.668835,0.666783,0.82188,0.65793
2026-03-16,0.43045,0.806251,0.659961,0.647882,0.810875,0.614284
2026-03-17,0.244953,0.671729,0.587193,0.552094,0.637201,0.509485
2026-03-18,0.445251,0.588913,0.464074,0.438312,0.491954,0.37141
2026-03-19,0.765369,0.591933,0.582665,0.553383,0.658534,0.539044
2026-03-20,0.732148,0.756222,0.692599,0.673818,0.791308,0.702829
2026-03-23,0.939122,0.746112,0.687064,0.629729,0.733639,0.688233
2026-03-24,0.779012,0.805114,0.793416,0.770525,0.834976,0.842427
2026-03-25,0.552756,0.794425,0.753633,0.703561,0.789621,0.74793
2026-03-26,0.473981,0.617242,0.677706,0.624622,0.677481,0.585954
2026-03-27,0.565496,0.542968,0.620034,0.571208,0.635673,0.523065
2026-03-30,0.593509,0.591428,0.667753,0.607036,0.666895,0.576061
2026-03-31,1.24382,0.611419,0.655205,0.618849,0.678451,0.577586
2026-04-01,0.3347,1.03446,0.846897,0.885541,0.97344,0.988602
2026-04-02,1.13262,0.648318,0.637337,0.58402,0.632537,0.481965
2026-04-06,0.401675,1.05453,0.793256,0.816039,1.00196,0.93163
2026-04-07,0.784227,0.819207,0.712977,0.624789,0.726897,0.573223
2026-04-08,0.394449,0.823349,0.739033,0.719474,0.824225,0.739287
2026-04-09,0.326236,0.724269,0.690861,0.614615,0.692235,0.571873
2026-04-10,0.12971,0.57927,0.610286,0.565991,0.611639,0.501107
2026-04-13,0.264502,0.437681,0.383918,0.328389,0.423245,0.277195
2026-04-14,0.154366,0.357416,0.518503,0.479565,0.532022,0.412143
2026-04-15,0.233252,0.259961,0.40715,0.35453,0.337266,0.282952
2026-04-16,0.263942,0.280947,0.386529,0.402332,0.414244,0.358028
2026-04-17,0.201561,0.343243,0.384482,0.422091,0.434229,0.400523
2026-04-20,0.158799,0.263163,0.377099,0.379793,0.383301,0.331234
2026-04-21,0.576649,0.227064,0.299599,0.312714,0.31618,0.273361
2026-04-22,0.128374,0.633048,0.535937,0.533272,0.549527,0.557731
2026-04-23,0.549743,0.27514,0.328067,0.299976,0.298728,0.273097
2026-04-24,0.159246,0.625114,0.49037,0.509418,0.505133,0.493267
2026-04-27,0.116489,0.369013,0.365165,0.339444,0.348444,0.32687
2026-04-28,0.139684,0.268454,0.303537,0.254615,0.261257,0.23378
2026-04-29,0.24229,0.252626,0.246726,0.248907,0.259295,0.245026
2026-04-30,0.238725,0.283388,0.276085,0.303681,0.293524,0.330786
2026-05-01,0.209636,0.349863,0.285603,0.318985,0.319837,0.348488
2026-05-04,0.324803,0.298406,0.258184,0.317014,0.31482,0.324938
2026-05-05,0.0943478,0.398096,0.337608,0.379368,0.377613,0.392651
2026-05-06,0.111477,0.281419,0.237953,0.234144,0.26077,0.229449
2026-05-07,0.310966,0.218182,0.203203,0.216466,0.241583,0.226967
2026-05-08,0.106016,0.281377,0.285099,0.287044,0.348472,0.347312
2026-05-11,0.137304,0.272139,0.205274,0.203408,0.252965,0.249213
2026-05-12,0.251133,0.191982,0.180498,0.21252,0.250454,0.252923
2026-05-13,0.174931,0.291805,0.239633,0.26128,0.299624,0.313655
2026-05-14,0.169389,0.249269,0.207682,0.227165,0.254024,0.263414
2026-05-15,0.411036,0.280315,0.214154,0.224518,0.248308,0.242594
2026-05-18,0.776393,0.344202,0.286018,0.298773,0.324303,0.321309
2026-05-19,0.506392,0.886658,0.525767,0.527637,0.500174,0.4932
2026-05-20,0.366925,0.711299,0.510029,0.461771,0.419315,0.452922
2026-05-21,0.543571,0.603416,0.438338,0.406246,0.382434,0.404979
2026-05-22,0.19392,0.640264,0.511277,0.447688,0.424856,0.467688
2026-05-26,0.127062,0.485187,0.395656,0.33556,0.336415,0.344799
2026-05-27,0.209412,0.34364,0.282807,0.253141,0.262373,0.242401
2026-05-28,0.195073,0.374221,0.283227,0.278279,0.323858,0.333063
2026-05-29,0.176277,0.305179,0.270106,0.24894,0.297049,0.300075
2026-06-01,0.147775,0.304042,0.269496,0.273761,0.279182,0.273653
2026-06-02,0.0713509,0.254491,0.226218,0.270697,0.249777,0.232145
2026-06-03,0.207147,0.206899,0.158904,0.181879,0.204209,0.179649
2026-06-04,0.119714,0.264429,0.224863,0.24701,0.278002,0.291291
2026-06-05,0.655257,0.201124,0.191961,0.196896,0.216572,0.221519
2026-06-08,0.593408,0.721453,0.421759,0.424815,0.399394,0.502755
2026-06-09,2.54705,0.601506,0.456011,0.456751,0.403527,0.508941
2026-06-10,1.17299,7.78507,3.56014,1.62876,0.942926,1.68492
2026-06-11,2.05467,2.98517,1.51043,0.991746,0.805828,1.035
2026-06-12,1.27973,4.61783,3.67795,2.48492,1.49792,1.68974
2026-06-15,0.121193,2.28268,1.59593,1.23412,1.12241,1.25842
2026-06-16,0.194374,1.14751,0.57282,0.556327,0.366466,0.336233
2026-06-17,1.52388,0.633819,0.398948,0.423419,0.366119,0.39192
2026-06-18,0.300868,4.51887,1.77058,1.14481,1.12203,1.56612
2026-06-22,0.474392,1.54847,0.833574,0.617611,0.448483,0.487594
2026-06-23,0.402561,1.72525,0.767564,0.730772,0.557015,0.562529
2026-06-24,0.61273,1.05554,0.745425,0.717085,0.510039,0.497498
2026-06-25,1.41526,1.22437,0.765685,0.738814,0.568912,0.589145
2026-06-26,0.853012,2.0648,1.40528,1.01517,0.88481,1.03967
2026-06-29,0.523423,1.53367,1.13207,0.92631,0.716867,0.788525
2026-06-30,0.202958,1.04933,0.846442,0.796907,0.611131,0.630421
2026-07-01,0.168428,0.487522,0.507603,0.620818,0.422764,0.389822
2026-07-02,0.657497,0.304233,0.372377,0.482424,0.34841,0.334042
2026-07-06,0.100179,1.22263,0.657321,0.741346,0.584295,0.574581
2026-07-07,0.186136,0.365284,0.330748,0.437309,0.287785,0.275438
2026-07-08,0.276399,0.496403,0.34984,0.451525,0.351134,0.342417
2026-07-09,0.184079,0.747108,0.497444,0.438475,0.424868,0.414961
2026-07-10,0.164391,0.708287,0.437952,0.367762,0.345556,0.327415
2026-07-13,0.243211,0.68089,0.480436,0.301739,0.323061,0.315394
2026-07-14,0.211062,1.03155,0.593763,0.339724,0.361699,0.375426
2026-07-15,0.270535,0.6557,0.507441,0.318387,0.341251,0.377988
2026-07-16,0.271386,0.59752,0.518208,0.317581,0.355373,0.391819
2026-07-17,0.45345,0.567632,0.493288,0.310871,0.337559,0.375485
2026-07-20,0.337606,0.702425,0.625265,0.400514,0.422101,0.495247
2026-07-21,0.116351,0.522845,0.515594,0.375709,0.385642,0.43766
2026-07-22,0.100292,0.345893,0.340184,0.268109,0.244977,0.251466
2026-07-23,0.48674,0.25059,0.261644,0.22899,0.220751,0.224185
2026-07-24,0.534315,0.662486,0.538884,0.400433,0.405385,0.473601
2026-07-27,0.533961,0.683305,0.768781,0.486139,0.449559,0.492187
2026-07-28,0.286846,0.689074,0.870094,0.488714,0.459952,0.483349
2026-07-29,1.01934,0.518209,0.630381,0.411898,0.391737,0.398559
2026-07-30,0.346981,1.32929,1.27329,0.6866,0.664051,0.795696
2026-07-31,0.521311,0.806851,0.702861,0.489616,0.42603,0.424158
2026-08-03,0.108187,0.830476,0.698303,0.529067,0.470529,0.491676
2026-08-04,0.207856,0.441802,0.331855,0.335281,0.268904,0.224531
2026-08-05,0.274507,0.378136,0.305414,0.331911,0.325982,0.317668
2026-08-06,0.229393,0.446479,0.357234,0.370596,0.380079,0.425517
2026-08-07,0.236912,0.377748,0.297226,0.339598,0.328269,0.355059
2026-08-10,0.112077,0.435334,0.318512,0.341422,0.306871,0.359291
2026-08-11,0.111241,0.268031,0.192573,0.22948,0.238462,0.210023
2026-08-12,0.109824,0.255822,0.181152,0.207563,0.236675,0.225595
2026-08-13,0.141366,0.201968,0.17373,0.169631,0.208863,0.193603
2026-08-14,0.0590769,0.24073,0.242798,0.207166,0.237354,0.245197
2026-08-17,0.0665144,0.153071,0.146462,0.126753,0.152255,0.132427
2026-08-18,0.090515,0.126582,0.137885,0.122161,0.163068,0.133524
2026-08-19,0.280428,0.111852,0.140478,0.12861,0.16307,0.154248
2026-08-20,0.21385,0.410215,0.394766,0.319404,0.306621,0.335709
2026-08-21,0.11495,0.285395,0.321481,0.280133,0.255462,0.296618
2026-08-24,0.117098,0.212766,0.240604,0.211663,0.214533,0.218638
2026-08-25,0.0940147,0.213711,0.258195,0.206032,0.209664,0.210601
2026-08-26,0.131758,0.179432,0.227868,0.169985,0.172672,0.160414
2026-08-27,0.190095,0.193601,0.203713,0.183152,0.201169,0.202206
2026-08-28,0.295822,0.245758,0.240533,0.236909,0.251322,0.266054
2026-08-31,0.124405,0.367366,0.309277,0.337227,0.298297,0.342508
2026-09-01,0.151556,0.245277,0.250191,0.234835,0.196811,0.20535
2026-09-02,0.129788,0.251662,0.209178,0.217586,0.217668,0.229414
2026-09-03,0.174397,0.218628,0.186468,0.193951,0.184754,0.208071
2026-09-04,0.0857757,0.217904,0.183362,0.204249,0.208274,0.234982
2026-09-08,0.161538,0.158239,0.134722,0.161056,0.146153,0.14677
2026-09-09,0.209328,0.207278,0.15596,0.192142,0.20953,0.230528
2026-09-10,0.196512,0.231602,0.183359,0.223492,0.2399,0.275548
2026-09-11,0.171463,0.204483,0.164287,0.19993,0.232215,0.24532
2026-09-14,0.21696,0.197543,0.150423,0.181748,0.208294,0.222808
2026-09-15,0.122232,0.219214,0.180087,0.190785,0.224337,0.245688
2026-09-16,0.556269,0.175472,0.140845,0.146884,0.170269,0.184103
2026-09-17,0.103948,0.43371,0.318666,0.275106,0.366984,0.460163
2026-09-18,0.0923086,0.222726,0.154847,0.153079,0.196143,0.20075
