,train,val
0,1.1767325401306152,0.23096080124378204
1,1.169805645942688,0.23031316697597504
2,1.1649562120437622,0.2294902503490448
3,1.1614878177642822,0.22964465618133545
4,1.1592398881912231,0.23029844462871552
5,1.157454252243042,0.22956395149230957
6,1.1557193994522095,0.22987490892410278
7,1.153894066810608,0.23053860664367676
8,1.1524728536605835,0.2314150631427765
9,1.1513193845748901,0.2313467413187027
10,1.1496360301971436,0.23192277550697327
11,1.1482881307601929,0.23169413208961487
12,1.1466047763824463,0.232485830783844
13,1.1448109149932861,0.23205654323101044
14,1.1432361602783203,0.23411142826080322
15,1.1416887044906616,0.2344004064798355
16,1.1403311491012573,0.23532640933990479
17,1.1398721933364868,0.23804374039173126
18,1.1382161378860474,0.23546205461025238
19,1.1373177766799927,0.23997704684734344
20,1.1349670886993408,0.23811601102352142
21,1.1342589855194092,0.23475578427314758
22,1.1317145824432373,0.23581039905548096
23,1.130537509918213,0.2419539839029312
24,1.1277953386306763,0.23764902353286743
25,1.124037742614746,0.2365734875202179
26,1.1220146417617798,0.2453990876674652
27,1.1187670230865479,0.23621904850006104
