,market,group,start,end,N,rho1,rho1_se_iid,rho1_se_rob,VR2,z2,zstar2,VR5,z5,zstar5,VR10,zstar10,VR20,zstar20,CD,CD_p,runs_z,runs_p,Q10,Q10_p,Q10rob,Q10rob_p,H_rs,H_anis_lloyd,LoV,LoV_q,H_dfa
sp500,S&P 500 (US),Developed,2000-01-04,2026-09-18,6714,-0.0986579,0.0122042,0.0271963,0.900903,-8.11989,-3.64376,0.829547,-6.37492,-2.77242,0.767031,-2.49706,0.753488,-1.85646,3.64376,0.0010743,4.33533,1.45544e-05,96.2629,3.33067e-16,19.8667,0.030539,0.530472,0.485513,1.55937,7,0.493941
stoxx,Euro Stoxx 50,Developed,2000-01-04,2026-09-18,6836,-0.0291719,0.0120948,0.0187784,0.97044,-2.44399,-1.57413,0.909619,-3.4108,-2.08323,0.847286,-2.23756,0.806826,-1.9517,2.23756,0.0972388,3.40919,0.000651566,49.3889,3.45645e-07,17.8148,0.0581686,0.538666,0.493833,1.0836,3,0.488468
nikkei,Nikkei 225 (Japan),Developed,2000-01-05,2026-09-18,6545,-0.0375812,0.0123608,0.024023,0.962446,-3.03815,-1.56325,0.923122,-2.83882,-1.48475,0.871526,-1.69076,0.855781,-1.36127,1.69076,0.316904,1.97168,0.0486462,19.7166,0.0320497,6.11133,0.805824,0.54214,0.497015,1.32641,3,0.502834
hsi,Hang Seng (HK),Developed,2000-01-04,2026-09-18,6583,-0.00427861,0.012325,0.0240035,0.995908,-0.331977,-0.17046,0.967146,-1.21668,-0.635229,0.936501,-0.839145,0.912395,-0.826486,0.839145,0.871595,-0.166937,0.86742,18.0181,0.0546595,6.72111,0.751486,0.563661,0.518572,1.05537,0,0.503221
bet,BET (Romania),Emerging/frontier,2000-01-06,2026-09-18,6670,0.108946,0.0122444,0.0281752,1.10808,8.82656,3.83585,1.17288,6.44463,2.98011,1.22506,2.73213,1.37699,3.31114,3.83585,0.000500429,-6.05063,1.44279e-09,108.018,0,24.3994,0.00660805,0.578108,0.533111,1.96127,7,0.580214
wig20,WIG20 (Poland),Emerging/frontier,2000-01-04,2026-09-18,6685,0.0180065,0.0122306,0.0177984,1.01797,1.46927,1.00965,1.00919,0.343135,0.240802,1.00193,0.0329303,1.01469,0.174031,1.00965,0.77681,2.24584,0.0247145,13.2718,0.208868,7.26159,0.70054,0.562926,0.517949,1.24108,2,0.531702
bux,BUX (Hungary),Emerging/frontier,2000-01-05,2026-09-18,6666,0.0368983,0.0122481,0.0243387,1.03684,3.00793,1.51369,1.01323,0.493127,0.25739,1.00925,0.120842,1.01539,0.141956,1.51369,0.427375,-0.418164,0.675827,79.4653,6.39044e-13,24.5578,0.00624987,0.564811,0.51981,1.24096,3,0.538693
px,PX (Czechia),Emerging/frontier,2000-01-06,2026-09-18,6682,0.0517062,0.0122334,0.0315576,1.05157,4.21515,1.63402,1.04093,1.52721,0.591645,1.06949,0.677665,1.14099,0.973665,1.63402,0.350453,-2.52536,0.011558,42.1751,6.97934e-06,6.80774,0.743462,0.586014,0.541033,1.74974,4,0.551903
xu100,BIST 100 (Turkey),Emerging/frontier,2000-01-05,2026-09-18,6692,0.00469337,0.0122242,0.0237876,1.00471,0.385561,0.198137,1.03255,1.21548,0.63684,1.00259,0.0352697,1.06194,0.62354,0.63684,0.948762,-0.630246,0.528533,36.7394,6.27789e-05,16.0067,0.0994395,0.549385,0.50441,1.16331,0,0.506792
bvsp,Bovespa (Brazil),Emerging/frontier,2000-01-04,2026-09-18,6622,-0.0284769,0.0122887,0.0248181,0.970688,-2.38525,-1.18106,0.927965,-2.67559,-1.28502,0.88471,-1.37842,0.936314,-0.54925,1.37842,0.520994,0.875475,0.381316,25.4443,0.00456406,7.80089,0.648278,0.550495,0.505449,1.25102,3,0.50328
mxx,IPC (Mexico),Emerging/frontier,2000-01-04,2026-09-18,6689,0.0699937,0.012227,0.0185799,1.06843,5.59702,3.68327,1.03893,1.45326,0.925833,0.982427,-0.269572,0.980816,-0.201408,3.68327,0.000920723,-3.27279,0.00106492,54.7419,3.5287e-08,22.4612,0.0129198,0.531001,0.486025,1.35612,5,0.499726
nsei,Nifty 50 (India),Emerging/frontier,2000-01-04,2026-09-18,6606,0.0484861,0.0123036,0.0244905,1.04845,3.93822,1.97849,1.04798,1.77998,0.914544,1.04567,0.583893,1.11753,1.06426,1.97849,0.178177,-5.45752,4.82824e-08,56.2749,1.82328e-08,17.9387,0.0560065,0.568748,0.523687,1.27308,4,0.530641
ssec,Shanghai (China),Emerging/frontier,2000-01-05,2026-09-18,6474,0.0210382,0.0124284,0.0190355,1.02132,1.71546,1.12003,1.04604,1.69082,1.10751,1.06184,0.977679,1.13956,1.54161,1.54161,0.408895,1.01701,0.309148,40.429,1.42366e-05,18.7925,0.0429789,0.592074,0.546867,1.45576,2,0.553888
btc,Bitcoin,Crypto,2014-09-18,2026-09-18,4384,-0.0223238,0.0151031,0.0256927,0.977306,-1.50262,-0.88329,0.99061,-0.28379,-0.185331,1.0274,0.371095,1.09414,0.91037,0.91037,0.834966,2.67644,0.00744088,20.1783,0.0276102,11.8688,0.293935,0.591729,0.542887,1.54719,2,0.576424
eth,Ethereum,Crypto,2016-01-02,2026-09-18,3913,-0.0119687,0.0159862,0.0272088,0.988326,-0.730262,-0.429057,1.06698,1.91241,1.17354,1.13712,1.63917,1.30931,2.7016,2.7016,0.0273182,3.9119,9.15743e-05,22.673,0.0120201,11.5649,0.315234,0.592205,0.542491,1.9801,1,0.581212
eurron,EUR/RON (reference rate),FX,2005-07-05,2026-09-18,5352,0.169716,0.0136692,0.0357785,1.17014,12.4473,4.75549,1.15722,5.24984,2.19197,1.12412,1.18399,1.11088,0.750582,4.75549,7.91864e-06,-1.6552,0.0978841,221.658,0,37.3661,4.89055e-05,0.532741,0.485602,1.42862,9,0.530318
