symbol,label,cls,window,ann_vol,skew,kurt,acf1,acf1_sq,hill_left,hill_right,mdd,pc1,pc2
BTC-USD.CC,Bitcoin,Crypto,W1,-0.26211668428370166,-1.5751739313431679,3.1138638606406026,-0.09193906081032337,0.04998004690067938,2.5909665154454418,5.691566082281502,-0.6181085279720095,0.7186835129472237,-2.199246928006441
BTC-USD.CC,Bitcoin,Crypto,W2,-0.7459323884742364,0.12035149688394536,1.5123251229029742,-0.05020920545480919,0.24337474222866087,4.2751515635169195,3.057802771135382,-0.5305998191096744,-0.3775538351610457,-0.6505552871410948
ETH-USD.CC,Ethereum,Crypto,W1,-0.007691149213849035,-1.5894395482072368,2.8910964416361047,-0.0969033389984659,0.07608524939214906,2.1680052000468732,3.254069833782452,-0.6715521045532705,1.818403357977505,-1.1947618860782319
ETH-USD.CC,Ethereum,Crypto,W2,-0.3860240244159149,0.2873757918089948,1.5838640129231774,-0.00881369896072858,0.12050771243167742,4.089411364855011,2.624788204226952,-0.6761118395499319,0.22221276346306654,-1.3205421319234694
XRP-USD.CC,XRP,Crypto,W1,0.1837820668064029,-0.13367260957140023,2.881525880321417,-0.03034566868982857,0.1535794800613509,2.3849413084219035,2.0456927293350025,-0.7058853680843259,2.404381595022694,-0.5891328738559473
XRP-USD.CC,XRP,Crypto,W2,-0.24484807414341211,0.8037765152727603,2.16746885401294,0.01887047572873018,0.3197371490353534,2.3124069816966055,2.4478902755166385,-0.7210240889283797,1.8925200573091254,-0.08081052964380396
LTC-USD.CC,Litecoin,Crypto,W1,0.06568866199924948,-1.0109753358389146,2.4614938041458623,-0.06276404204455478,0.0978780479405001,2.262448219442052,3.8256572703378757,-0.782028053010356,1.585124547381194,-1.6869514135803034
LTC-USD.CC,Litecoin,Crypto,W2,-0.33994066614553886,-0.40200733789757864,1.9395499366854494,-0.01512147264559586,0.07660142802081814,2.858668683951033,3.0147033643378878,-0.7017813923477576,0.9419421879164604,-1.3740549929389243
DOGE-USD.CC,Dogecoin,Crypto,W1,0.5377656231400737,6.168720347364453,4.5956608590213825,0.0169772029955878,0.07586824955228649,1.9434347132729766,1.9860619907169828,-0.7390520195348849,4.600695880285043,-0.5553655733566629
DOGE-USD.CC,Dogecoin,Crypto,W2,-0.1047149235484189,0.27700311869588773,1.4963261097073983,0.05835961936460256,0.22967006723758224,3.5704843593126103,3.56991269587757,-0.8523690118874652,0.5612650353250422,-1.6604824233940112
ADA-USD.CC,Cardano,Crypto,W1,0.13539399795555923,-0.40229214747995184,2.1566674665259495,-0.09260159169124817,0.12476530451669259,2.8160782962026785,4.9732319360847015,-0.7547988111340761,0.813281408253785,-2.205985234708126
ADA-USD.CC,Cardano,Crypto,W2,-0.12199428176673292,1.402983103998578,3.1030486585884565,0.0006009995154111924,0.22532266047723015,2.9481161841561745,3.071678857703365,-0.883495658540788,2.2471856974012665,-0.9994897181427864
LINK-USD.CC,Chainlink,Crypto,W1,0.3111690460342518,-0.4189859593196533,2.4635278818447617,-0.10032455843553945,0.0769897523198307,2.7961570028752747,3.341801011724376,-0.6780285139748324,1.4759731954525046,-1.576469688823188
LINK-USD.CC,Chainlink,Crypto,W2,-0.1748090838278492,0.19797492009549417,1.5853486182519068,-0.013603662757944276,0.07152968435461401,2.925894655249248,4.764758327766832,-0.7545159149524705,0.34005711140711475,-2.369406116268463
BNB-USD.CC,BNB,Crypto,W1,0.13417808378275506,-0.18974907760708845,2.947860632113306,-0.07222136247187541,0.1731731282936815,2.21943840970596,2.5052246060819074,-0.7581906898758356,2.472097781281612,-0.6934867033820777
BNB-USD.CC,BNB,Crypto,W2,-0.6374556253763601,0.20522939153825803,1.6403842204493497,0.011002011477822708,0.13552321133604006,3.717178815420372,3.0484300613656266,-0.583513836826848,0.05685484689750272,-1.094285027763358
GSPC.INDX,S&P 500,Equity,W1,-1.4212972195390943,-1.1198721605948314,2.892475828135858,-0.3047315567750336,0.5105175850599711,2.1943384214502415,1.8339183113583564,-0.3392496002613469,1.5449823862507783,2.4501780955063923
GSPC.INDX,S&P 500,Equity,W2,-1.8804273686278499,0.35224697631263147,2.7668636795265615,-0.055967837645139386,0.2054977995690944,2.571947114047317,3.0598280710182117,-0.18902206471232008,0.3067817058412943,0.915066953040747
NDX.INDX,Nasdaq 100,Equity,W1,-1.3067466787870794,-0.8544070809892302,2.42473388870007,-0.306526947565918,0.5413614396568598,3.106736428749645,1.9588812773445854,-0.280328845418648,0.7271146248739074,2.272754148557061
NDX.INDX,Nasdaq 100,Equity,W2,-1.5672358840243656,0.35675292343428067,2.31471995317598,-0.07352513103306282,0.15434688772053365,3.5914930378216376,3.5147056425590875,-0.22931507114693672,-0.49459168424584277,0.004956308976252245
STOXX50E.INDX,Euro Stoxx 50,Equity,W1,-1.4698310682101976,-1.5032836305841482,2.8857696777164104,-0.015969394602235634,0.0630371390419059,3.2131352884290356,2.7359409120722433,-0.3827402604794604,0.29167437031915905,-0.2143399297493434
STOXX50E.INDX,Euro Stoxx 50,Equity,W2,-1.853831148216984,-0.2213327968046888,1.3916362605448003,-0.04726705839922057,0.38915526627611624,2.9348196655522307,3.6266904034888063,-0.16578260108397946,-0.9129422148263404,1.0639155712407389
GDAXI.INDX,DAX,Equity,W1,-1.43963952323201,-1.0652388153470822,2.802864420062154,-0.01659640077442126,0.02427943239043574,3.2948216291556034,2.955355695599688,-0.3877938936833709,0.17780800472379318,-0.5058116606911095
GDAXI.INDX,DAX,Equity,W2,-1.8458893816914737,-0.2139456232295724,1.4281029554558047,-0.047596709066747615,0.40345625271925784,3.155112187053348,2.5148005963473046,-0.16006333189293653,-0.6450717452858683,1.5547299910873307
N225.INDX,Nikkei 225,Equity,W1,-1.6013022002548338,0.07022242349316186,1.823669513703157,0.008773282346552804,0.4911811205087377,3.271534936472826,2.894821553734136,-0.312690301372183,-0.1984186121096118,1.3791506710073518
N225.INDX,Nikkei 225,Equity,W2,-1.3308124381253978,-0.4813799660869692,2.3481420539045708,-0.09806569561553173,0.4487208318174751,2.998424080732042,2.8305767326999285,-0.26258608251890725,0.29859574443707076,1.4394540953460369
BET,BET,Equity,W1,-1.6742984405906796,-1.5850068634375207,2.7748252501664368,-0.029053808095838043,0.2702580725690775,2.0999288430951117,2.6593313870556954,-0.311240490227256,0.7678574709806149,1.0935050102243153
BET,BET,Equity,W2,-1.9265741071391886,-0.31909340944379855,1.154188464174543,0.12632016110625066,0.306451024135064,3.51178936393249,3.205419340214759,-0.14342706403277727,-1.4525760095512288,0.6728459700980638
EURUSD.FOREX,EUR/USD,FX,W1,-2.663750239003503,-0.01701713067540457,0.7905057453848018,-0.13506316407391086,0.1431542494558733,3.5597101901579684,5.426923567727699,-0.07667648587766407,-2.7560650336581634,-0.3542985675984776
EURUSD.FOREX,EUR/USD,FX,W2,-2.651153030172861,0.6448670064855744,1.719567768227913,-0.08189515165734612,0.15981362269572089,2.968605195350298,3.124022935873232,-0.08478513356562134,-1.038055618956068,0.9581856049674367
USDJPY.FOREX,USD/JPY,FX,W1,-2.6296484280189034,0.7032604395312549,2.5633466456516323,-0.10421005362117106,0.38947712928860706,2.2427144884055887,1.6618193061890738,-0.08763483997503763,0.5063292850371096,2.812991225810205
USDJPY.FOREX,USD/JPY,FX,W2,-2.3338774435206364,-0.43019407240076285,1.1187714979602248,-0.020203650638825652,0.09690111888880568,3.189162067074377,2.9322638651195403,-0.13045360378466964,-1.4502121097394816,0.34574315297036246
GBPUSD.FOREX,GBP/USD,FX,W1,-2.3660437157955077,-0.262775459302049,1.8726117404899665,0.06484955753895029,0.1752306072181593,3.9293585040965207,3.32698702769377,-0.14701298701298704,-1.4978417890724758,0.36990403347449596
GBPUSD.FOREX,GBP/USD,FX,W2,-2.686600358510314,-0.07888708705008976,0.444606558650224,-0.021854762978251098,0.09088763786134102,5.521009193344368,4.752698780075165,-0.09413867580248758,-3.8997325863431858,-0.9106837580747947
USDCHF.FOREX,USD/CHF,FX,W1,-2.722339642352616,0.19016647653796226,0.9595702888559158,0.04843989391047885,0.19710355423438447,4.982887183315196,2.67839121418603,-0.1391474767270946,-2.5087917057374423,0.503201825143284
USDCHF.FOREX,USD/CHF,FX,W2,-2.5045931884882897,-1.0844763319232105,2.137918645629037,-0.06364097779200083,0.09939173918324308,2.9914621794145906,4.498131681377572,-0.17206874048292364,-1.2954200579477793,-0.057084183036347914
XAUUSD.FOREX,Gold,Commodity,W1,-1.8259628597399538,-0.05590844190903085,2.394457514595079,-0.007935549480611717,-0.006040751624683104,2.7050339909781647,3.7659806076921556,-0.1849324551983923,-0.39497972444614243,-0.37685429795733516
XAUUSD.FOREX,Gold,Commodity,W2,-1.4916578299446115,-0.8957232095856651,2.2064809898383553,-0.03921675950976815,0.09754272031863971,2.852156787299002,3.2726751945899597,-0.27700612069193487,-0.16929223949343536,-0.1254256597089006
USO.US,Oil (USO),Commodity,W1,-0.6416456051504802,-2.443339830916634,3.1551523128825987,0.1050292702372547,0.2813219556828973,1.742632891523398,2.231141707985993,-0.845540246555475,2.4421492274729126,-0.0011319297363461135
USO.US,Oil (USO),Commodity,W2,-0.9767917620234089,0.05140857934800448,1.4282277012450066,0.017826752338126334,0.10730635252718969,2.860428616838682,2.8428211359114286,-0.32485617154811763,-0.12278722575273873,-0.37394236021084837
UNG.US,Natural gas (UNG),Commodity,W1,-0.7830363126578531,0.3482916234233018,1.2549087613769732,-0.0013034528835838073,0.057364290080863765,3.2686702884495076,3.7724410399246993,-0.7149579831932773,-0.04443919139778905,-1.820976566186667
UNG.US,Natural gas (UNG),Commodity,W2,-0.5247325518962958,-0.47472703874952427,1.9351251922948383,-0.0843982722874704,0.12690291797935327,4.075135213765063,3.779317007414802,-0.6469941348973607,-0.08517724711891977,-1.5697895657210774
DBC.US,Commodities (DBC),Commodity,W1,-1.6967651963171002,-1.1718712372436713,1.973306495394397,0.0015630228504780004,0.1774366380897904,2.9719653632069325,5.267267705648736,-0.35145341614906855,-1.0125034380024802,-0.8094224717322769
DBC.US,Commodities (DBC),Commodity,W2,-1.758951106356417,-0.2792775634376429,0.8841109636624096,0.052640191874604544,0.18160021730478976,3.3322173811763354,5.0437937527478445,-0.16535184600820463,-2.0346756162910933,-0.6587544666431459
TLT.US,Long Treasuries (TLT),Bond,W1,-1.7923144839949767,0.1732570582411545,2.495736971122078,0.03210411410693448,0.5760903816195773,2.8079434480207177,2.258251584706519,-0.21344138465417872,0.48033766026242913,2.4521891743207425
TLT.US,Long Treasuries (TLT),Bond,W2,-2.1003748621658396,-0.237708974501753,0.6329851531736164,0.0246438314038725,0.0823827095374685,5.43126836970787,4.677244628801285,-0.14787547985808114,-3.424150080463128,-1.2389301566453754
IEF.US,7-10y Treasuries (IEF),Bond,W1,-2.799869734846574,0.2556630987160915,2.3871859526706074,-0.02065950624394541,0.4457883273830193,2.954181689456173,2.878839970355911,-0.07814746873138823,-0.5445783386506836,2.328587334644917
IEF.US,7-10y Treasuries (IEF),Bond,W2,-2.833086645102569,-0.12696635664583295,0.5570060019363549,0.03065688462178376,0.01608927259767766,4.76014642640523,4.385677151543694,-0.06894869200499765,-3.4719942389621172,-0.7805080216455084
LQD.US,Corporate IG (LQD),Bond,W1,-2.1605856433537296,0.43510388941882594,3.542496198050949,0.24572235396737602,0.391759405245759,1.3192542520313821,1.2939968203901764,-0.21762049117530047,1.9106249530776618,2.681375660161616
LQD.US,Corporate IG (LQD),Bond,W2,-2.728168087558861,-0.37462627777916513,0.9468025032157104,0.0015898935458875888,0.2483513006707581,3.9371355146778884,4.108083362233403,-0.06257585338365057,-2.547443129194655,0.4979124251598804
HYG.US,High yield (HYG),Bond,W1,-2.1598501865565267,-0.2002215578406341,3.268885143735042,0.0006842144644240184,0.29376752019331265,1.6737401037444304,1.274990822721258,-0.22028612317139473,1.5653319381573396,2.3393900962084384
HYG.US,High yield (HYG),Bond,W2,-3.0531007064876863,0.38273904269220155,2.5140781564207453,-0.10435803845563929,0.33851549567235006,2.8873459086215223,3.5021317011487008,-0.04559810447311474,-0.7909728773475132,1.9129427763987428
