market,vol,dist,loglik,aic,bic,k,converged,persistence,p_mu,p_omega,p_alpha[1],p_beta[1],p_nu,p_eta,p_lambda,p_gamma[1],dbic
sp500,GARCH,normal,-9217.99152891124,18443.98305782248,18471.23085853264,4,True,0.980481645731542,0.06149113110837669,0.025370760193009385,0.12060375687838953,0.8598778888531524,,,,,648.9221339596152
sp500,GARCH,t,-9062.473281694613,18134.946563389225,18169.006314276925,5,True,0.9947120452816396,0.07882493250433978,0.01571415572903517,0.1225731044100304,0.8721389408716091,6.256190304034686,,,,346.69758970390103
sp500,GARCH,skewt,-9038.434929040937,18088.869858081875,18129.741559147114,6,True,0.9925298651757378,0.05913197063018215,0.015341454047297498,0.12048628510717228,0.8720435800685655,,6.917579829005298,-0.11419410933358075,,307.4328345740905
sp500,GARCH,ged,-9059.049031846134,18128.09806369227,18162.15781457997,5,True,0.9880459799644572,0.07414791391498278,0.019514196117710367,0.12133576006362017,0.8667102199008371,1.3201866523213783,,,,339.8490900069446
sp500,GJR,normal,-9086.495660182467,18182.991320364934,18217.051071252634,5,True,0.9769389075785037,0.022233107989090985,0.02347675520158207,0.0,0.8887788508855397,,,,0.17632011338592793,394.7423466796099
sp500,GJR,t,-8944.647023878004,17901.294047756008,17942.165748821248,6,True,0.9834517787558704,0.0498085057167832,0.018682841049615193,0.0,0.8808581501089234,6.963488556641049,,,0.20518725729389392,119.85702424822375
sp500,GJR,skewt,-8905.12597734895,17824.2519546979,17871.93560594068,7,True,0.9955887628317563,0.024949573241171683,0.01992582181193201,0.0,0.8796500571191672,,7.702348557447414,-0.14974725434579877,0.21116344757051647,49.62688136765428
sp500,GJR,ged,-8955.498275860642,17922.996551721284,17963.868252786524,6,True,0.9790602279833458,0.048716078254435004,0.020717345851604303,0.0,0.8823023993602058,1.3735737511566601,,,0.19351565724627995,141.55952821350002
sp500,EGARCH,normal,-9075.567127793136,18161.134255586272,18195.194006473972,5,True,0.9711418147486771,0.021491620930309943,0.0015003661505795655,0.15135686699089979,0.9711418147486771,,,,-0.14271841552542316,372.88528190094803
sp500,EGARCH,t,-8922.099233171184,17856.19846634237,17897.070167407608,6,True,0.9789628498023962,0.0481549109075348,-0.0033658886039955958,0.1378922794608651,0.9789628498023962,6.806338479930039,,,-0.16483546275244348,74.76144283458416
sp500,EGARCH,skewt,-8880.312536665122,17774.625073330244,17822.308724573024,7,True,0.9760024909575282,0.022588220122558417,0.0006553634838256334,0.13991501082975782,0.9760024909575282,,7.5340718809387806,-0.1552327639047636,-0.16809791901596957,0.0
sp500,EGARCH,ged,-8940.40334054178,17892.80668108356,17933.6783821488,6,True,0.9762783338955312,0.046756428225745696,-0.0028776592409533812,0.14570103077929877,0.9762783338955312,1.371259836532914,,,-0.1534798635662112,111.36965757577491
bet,GARCH,normal,-10050.111084935019,20108.222169870038,20135.443670425677,4,True,0.9959281881648759,0.09123951310914963,0.04711656736459459,0.21461839688401343,0.7813097912808625,,,,,621.7541445992756
bet,GARCH,t,-9734.831325065927,19479.662650131853,19513.6895258264,5,True,0.9907115694325657,0.08317214151151037,0.044783063119678036,0.19162481393567526,0.7990867554968905,5.011247797381962,,,,0.0
bet,GARCH,skewt,-9731.650314095174,19475.300628190347,19516.132879023804,6,True,0.9903337590206635,0.07171452009840613,0.04561139204922301,0.19444061984736782,0.7958931391732956,,5.0606859773653055,-0.04244229939614017,,2.4433531974027574
bet,GARCH,ged,-9767.708081460376,19545.416162920752,19579.4430386153,5,True,0.988424001501724,0.08123649757079568,0.044532371064830434,0.19553066212782036,0.7928933393739037,1.2332777633711105,,,,65.75351278889866
bet,GJR,normal,-10035.141034814325,20080.28206962865,20114.3089453232,5,True,0.9950131813806146,0.07487556566249769,0.04780048815534561,0.17129009431049996,0.7800938641881412,,,,0.08725844576394665,600.6194194967975
bet,GJR,t,-9732.368283875012,19476.736567750024,19517.56881858348,6,True,0.9897307565373621,0.07882067324099985,0.046121478790961734,0.17242755899150966,0.795666970411592,5.040457018527589,,,0.04327245426852091,3.8792927570793836
bet,GJR,skewt,-9729.488784074882,19472.977568149763,19520.615194122132,7,True,0.990419564905919,0.06815887029298216,0.04691654715415038,0.17635400233284365,0.7929590939928951,,5.077600510748066,-0.04042127902088908,0.04084490398857915,6.925668295731157
bet,GJR,ged,-9763.24496598184,19538.48993196368,19579.322182797136,6,True,0.9874715204904831,0.0754939177563271,0.04574924896638331,0.16864072219825305,0.7899602354181035,1.2383991665621927,,,0.05774112574825328,65.63265697073439
bet,EGARCH,normal,-10050.350787538333,20110.701575076666,20144.728450771214,5,True,0.9549619177930562,0.07404280903389798,0.031115672115944196,0.37291244066566714,0.9549619177930562,,,,-0.05216523207261331,631.0389249448126
bet,EGARCH,t,-9741.15961687831,19494.31923375662,19535.15148459008,6,True,0.9621302270720172,0.07809512834622254,0.027755344913934867,0.33610808147274274,0.9621302270720172,4.989532273260805,,,-0.027894467567907536,21.461958763677103
bet,EGARCH,skewt,-9738.299041979322,19490.598083958645,19538.235709931014,7,True,0.9608818158539754,0.06683080396665478,0.028465217433819485,0.3412496393885028,0.9608818158539754,,5.023975295928681,-0.04023442665103181,-0.026783522805040545,24.54618410461262
bet,EGARCH,ged,-9772.16466984422,19556.32933968844,19597.161590521897,6,True,0.9591393437033849,0.07462812047189846,0.02540103604403549,0.348511262832612,0.9591393437033849,1.232295909662751,,,-0.036346130563879545,83.47206469549565
bettr,GARCH,normal,-3698.782292553532,7405.564585107064,7429.579374463441,4,True,0.9414576972650259,0.11134966690330558,0.08855482193764833,0.30385653516778427,0.6376011620972417,,,,,379.19891514221854
bettr,GARCH,t,-3512.9006370270254,7035.801274054051,7065.819760749522,5,True,0.9187754167677533,0.1044094709376153,0.07552522088972453,0.2061667147122908,0.7126087020554626,5.021874210866816,,,,15.439301428299586
bettr,GARCH,skewt,-3501.528037760609,7015.056075521218,7051.078259555785,6,True,0.918189207680628,0.0773652606556638,0.07546924363063126,0.21118437988104102,0.707004827799587,,5.316158348177325,-0.12410512664721893,,0.6978002345622372
bettr,GARCH,ged,-3541.357967422985,7092.71593484597,7122.734421541441,5,True,0.9219326243694546,0.10443065681905744,0.0760399287602905,0.22451258189264886,0.6974200424768057,1.2127971861876508,,,,72.35396222021882
bettr,GJR,normal,-3663.7866915017426,7337.573383003485,7367.5918696989565,5,True,0.9332960283627911,0.0802388619268805,0.08425283987598244,0.13279572617014213,0.6652578467885055,,,,0.270484910808287,317.21141037773396
bettr,GJR,t,-3507.7292220906456,7027.458444181291,7063.480628215858,6,True,0.9111150243514825,0.09817683303473153,0.07718554816326137,0.14446617175967655,0.7112716595541145,5.176402340294173,,,0.11075438607538288,13.100168894635317
bettr,GJR,skewt,-3497.177288973781,7008.354577947562,7050.380459321223,7,True,0.9190406872718313,0.0726195442164484,0.07678670273347675,0.15616142058908392,0.7079143602453714,,5.437285788659187,-0.11973761659287996,0.10048985949028923,0.0
bettr,GJR,ged,-3531.824204546532,7075.648409093064,7111.670593127631,6,True,0.9140838150619682,0.0961894007808735,0.07683563307875185,0.13494355880585643,0.7009052841388425,1.2381506011112207,,,0.1564699442345387,61.29013380640845
bettr,EGARCH,normal,-3670.827979687988,7351.655959375976,7381.674446071447,5,True,0.8955630638309454,0.07720289312951845,-0.015236518777572226,0.3769467612046272,0.8955630638309454,,,,-0.12858526736782608,331.2939867502246
bettr,EGARCH,t,-3517.4850345230484,7046.970069046097,7082.992253080663,6,True,0.9028939605315557,0.09775650514277216,-0.01950500107161183,0.3382926421800244,0.9028939605315557,5.1034112671488385,,,-0.063452825963402,32.61179375944084
bettr,EGARCH,skewt,-3507.966963621101,7029.933927242202,7071.959808615863,7,True,0.9025903816300919,0.07315931389752335,-0.01807780762696352,0.3464375839168035,0.9025903816300919,,5.3456418350195065,-0.11290452570342216,-0.058048356805090365,21.57934929464045
bettr,EGARCH,ged,-3538.866233159909,7089.732466319818,7125.7546503543845,6,True,0.902778962463135,0.09535582828201214,-0.02224376221365051,0.3446817749297279,0.902778962463135,1.234065013929814,,,-0.08452862276518879,75.37419103316188
btc,GARCH,normal,-11271.29669775493,22550.59339550986,22576.13626282437,4,True,0.969629761804919,0.14475459032235574,0.5016939166312282,0.12671290698092627,0.8429168548239927,,,,,1111.4547468270357
btc,GARCH,t,-10730.29931987452,21470.59863974904,21502.527223892183,5,True,0.99999999999661,0.11112633468942724,0.19369157619414795,0.10873655157248457,0.8912634484241255,3.1806369338759066,,,,37.8457078948486
btc,GARCH,skewt,-10730.293224556292,21472.586449112583,21510.90075008435,6,True,0.9999999999964414,0.10868627866760729,0.19379777403362008,0.10877073846979073,0.8912292615266507,,3.1808037286345074,-0.0019799462133449058,,46.21923408701696
btc,GARCH,ged,-10731.986753696874,21473.973507393748,21505.90209153689,5,True,0.9843257331416511,0.09332508429945822,0.2172039076450636,0.10746168282146142,0.8768640503201897,1.0100000000439506,,,,41.220575539555284
btc,GJR,normal,-11263.966868422453,22537.933736844905,22569.862320988046,5,True,0.9668757128128481,0.11141117867732185,0.5290697632522761,0.10113755163936362,0.8391024675458265,,,,0.05327138725531598,1105.1808049907122
btc,GJR,t,-10729.968256765404,21471.936513530807,21510.250814502575,6,True,0.9999999999996727,0.11315573368343235,0.18342699715614066,0.11265343568126951,0.8940818569271335,3.1873774507574386,,,-0.013470585217460692,45.56929850524102
btc,GJR,skewt,-10729.96209386643,21473.92418773286,21518.624205533255,7,True,0.99998289124795,0.11070491737577731,0.18345777370303465,0.11267493264835719,0.8940616280485323,,3.1874958757985477,-0.0019933530115024724,-0.01347312089412419,53.94268953592109
btc,GJR,ged,-10731.964490091645,21475.92898018329,21514.243281155057,6,True,0.9841410138556459,0.09332210441025955,0.2196478188870113,0.10624891252041277,0.8761862338307094,1.010000000036579,,,0.0034117350090473912,49.56176515772313
btc,EGARCH,normal,-11263.46277140642,22536.92554281284,22568.854126955983,5,True,0.9359692938140902,0.11290298659399048,0.17874092779774053,0.25397831509530566,0.9359692938140902,,,,-0.040219481802049,1104.1726109586489
btc,EGARCH,t,-10707.183607512783,21426.367215025566,21464.681515997334,6,True,0.9854931995504947,0.10419337663927745,0.08556823982246539,0.246201149818487,0.9854931995504947,2.8008296159389077,,,0.014787642729625156,0.0
btc,EGARCH,skewt,-10707.179281978539,21428.358563957077,21473.058581757472,7,True,0.9854825236560567,0.10240234566029686,0.08562258674740358,0.24629112663020175,0.9854825236560567,,2.800692184033793,-0.0016804977739203265,0.014749896745055563,8.377065760138066
btc,EGARCH,ged,-10721.44996933383,21454.89993866766,21493.214239639427,6,True,0.9688920559842269,0.09146309666612391,0.0879731116120201,0.2243914802007028,0.9688920559842269,1.0100000114004026,,,-0.0035938442724964114,28.532723642092606
eurron,GARCH,normal,1937.4616641629273,-3866.9233283258545,-3840.5824259186224,4,True,1.0000000442138146,0.003283083310459005,0.0004524735149509901,0.1512876304209632,0.8487124137928515,,,,,2086.076760484451
eurron,GARCH,t,2984.4387033491366,-5958.877406698273,-5925.951278689233,5,True,1.0000000000178135,0.0007393243278304032,4.965026319722026e-06,0.12309911820964922,0.8769008818081644,4.196240972424978,,,,0.707907713840541
eurron,GARCH,skewt,2985.1420980538005,-5958.284196107601,-5918.772842496753,6,True,0.9999999145697706,0.0009128226615361523,5.131851573928105e-06,0.12268864659875688,0.8773112679710137,,4.190659371746526,0.017700081209290553,,7.88634390632069
eurron,GARCH,ged,2879.400027850281,-5748.800055700562,-5715.873927691521,5,True,1.0000009725208325,0.0019613601222287186,5.09170560926167e-05,0.12437800703281458,0.8756229654880179,1.0100000002544574,,,,210.78525871155216
eurron,GJR,normal,1937.4794576779768,-3864.9589153559536,-3832.032787346913,5,True,1.000000005025445,0.003222647811618963,0.0004529017877868006,0.1501127189640154,0.8486293538486545,,,,0.0025158644255498614,2094.62639905616
eurron,GJR,t,2989.085270006961,-5966.170540013922,-5926.659186403073,6,True,1.0000011394280306,0.0006682516326994601,4.23087421410316e-06,0.1030109321874387,0.8776973914529728,4.220400546148455,,,0.03858563157523842,0.0
eurron,GJR,skewt,2989.8703672713946,-5965.740734542789,-5919.644155330133,7,True,0.9996669686278108,0.0008414079063504651,4.352195568022558e-06,0.10251273997121584,0.878090291187689,,4.214543569600243,0.018471674619826593,0.03881240240148378,7.015031072940474
eurron,GJR,ged,2880.908340435779,-5749.816680871558,-5710.305327260709,6,True,0.9999989514512252,0.001824265235561786,5.046296771938187e-05,0.11222380784300341,0.8756814282532318,1.0100005760592388,,,0.024187430709979762,216.35385914236394
eurron,EGARCH,normal,1841.0196757584708,-3672.0393515169417,-3639.1132235079012,5,True,0.9567379024435133,0.019982370818470784,-0.10819512806210525,0.3600157771592184,0.9567379024435133,,,,0.005739643875108216,2287.545962895172
eurron,EGARCH,t,2954.021873709522,-5896.043747419044,-5856.532393808196,6,True,0.9819182852679331,0.0001899959369027519,0.03295440356451837,0.5531576104840732,0.9819182852679331,2.967201513454317,,,-0.040306211936964695,70.12679259487777
eurron,EGARCH,skewt,2937.459209647579,-5860.918419295158,-5814.821840082502,7,True,0.9857683989025249,0.000267930210063247,1.04983215090561,1.7497128848180374,0.9857683989025249,,2.05,0.0005686901683348144,-0.15210603354357338,111.83734632057167
eurron,EGARCH,ged,2795.248436417247,-5578.496872834494,-5538.9855192236455,6,True,0.959047702549945,-0.0020204753259772186,-0.10528236337278196,0.47407331162945365,0.959047702549945,1.0100000002069685,,,-0.029702870755888067,387.67366717942787
gold,GARCH,normal,-9804.269222206218,19616.538444412436,19643.908284509216,4,True,0.9893060489198003,0.03166596800682591,0.012649461848774492,0.04631425747770643,0.9429917914420939,,,,,666.6458954569061
gold,GARCH,t,-9485.381950613024,18980.763901226048,19014.976201347024,5,True,0.9934922817992481,0.042838120096199604,0.01074357159716536,0.04935179774054785,0.9441404840587002,4.58241872534895,,,,37.713812294714444
gold,GARCH,skewt,-9483.658141614735,18979.31628322947,19020.371043374642,6,True,0.993541858438424,0.03351420483081592,0.010730222905256442,0.04940896262282664,0.9441328958155973,,4.593316758569257,-0.02863941421459115,,43.10865432233186
gold,GARCH,ged,-9476.050279863106,18962.100559726212,18996.31285984719,5,True,0.990981909704663,0.04502843645096752,0.01095156122716548,0.04798000242937779,0.9430019072752852,1.1569110728933345,,,,19.050470794878493
gold,GJR,normal,-9792.037191420275,19594.07438284055,19628.286682961527,5,True,0.9904872118605065,0.04082720966183358,0.011978362475168524,0.06090988478594921,0.9437243374941569,,,,-0.028294020839199206,651.0242939092168
gold,GJR,t,-9471.578487617568,18955.156975235135,18996.211735380308,6,True,0.9952157695214318,0.04891334074909997,0.010147204637158258,0.0723113263186004,0.9445022406689998,4.615615413534596,,,-0.04319559493233688,18.949346327997773
gold,GJR,skewt,-9470.276270945746,18954.55254189149,19002.44976206086,7,True,0.9945602582526815,0.04084231955039369,0.010039250330596154,0.07168474614191428,0.9445455610790545,,4.631594989912863,-0.02499255588862631,-0.0424019808277152,25.187373008549912
gold,GJR,ged,-9464.988562597318,18941.977125194637,18983.03188533981,6,True,0.9925425407025255,0.049173102700369474,0.01039612608042706,0.0676429860360242,0.9435191301229974,1.16025369840752,,,-0.0372391509129923,5.769496287499351
gold,EGARCH,normal,-9806.379827542638,19622.759655085276,19656.971955206252,5,True,0.9866786492181968,0.04120663931032234,0.007793972800162031,0.1118803516199369,0.9866786492181968,,,,0.024434306535628655,679.7095661539424
gold,EGARCH,t,-9463.270044468936,18938.540088937872,18979.594849083045,6,True,0.9913254975697073,0.04877768848991244,0.008524128377236732,0.10190852746747131,0.9913254975697073,4.573785798681881,,,0.0377573361470696,2.332460030735092
gold,EGARCH,skewt,-9461.770228277011,18937.540456554023,18985.43767672339,7,True,0.9915175385087542,0.040164552326101374,0.008132495725509094,0.10161621798165929,0.9915175385087542,,4.5901260707619205,-0.02683871867592562,0.037137428068147835,8.175287671081605
gold,EGARCH,ged,-9462.103814453569,18936.207628907137,18977.26238905231,6,True,0.9901331691320372,0.04948131783254408,0.007046863838162969,0.1045569326634402,0.9901331691320372,1.1527655646172559,,,0.032509819246389474,0.0
