date,zstar,lo,hi,reject
2012-01-01,1.7044762016285557,-1.8748925571139108,1.8671865528039269,False
2012-01-31,1.4451204382708072,-1.8240179580955589,2.2903981138223606,False
2012-03-01,1.6568967831357408,-2.057619908436775,2.2591570793269478,False
2012-03-31,1.6286509929181894,-1.3331552875054342,2.172953296307176,False
2012-04-30,0.7244918810389105,-1.8424211384600788,1.914911614002639,False
2012-05-30,-0.11140856629986316,-1.3980190573273596,2.2662533446637525,False
2012-06-29,-0.787963752384044,-1.5598396717568164,2.244931408417329,False
2012-07-29,-0.700413610344384,-1.8074476049175692,2.23379556859315,False
2012-08-28,-0.5482988009646768,-1.6203414164692518,2.4491341589603204,False
2012-09-27,-0.10450504212344579,-1.165497401067161,2.269555043639765,False
2012-10-27,0.3704972097286455,-1.3269328732401096,1.5616298620216664,False
2012-11-26,0.7285190083306246,-1.736793581925284,2.143935446156069,False
2012-12-26,0.6763611591431935,-1.4067226831665212,1.5353468422023673,False
2013-01-25,0.3497144485805257,-1.5144948736505097,2.4577662143868655,False
2013-02-24,1.2152146363503344,-1.6101375531524182,1.985986779572984,False
2013-03-26,2.7084362186406774,-1.493206663405366,1.9156802121136423,True
2013-04-25,0.9469449294402063,-1.4254335927500597,2.5708419050311213,False
2013-05-25,0.8452559352395493,-1.4698377876833153,1.831476650515687,False
2013-06-24,0.8995990596457987,-1.574246305280177,2.313254262302384,False
2013-07-24,1.0530963578702703,-1.6175436702138035,1.7148092632148966,False
2013-08-23,0.9855255263415631,-1.4910292076122398,2.196981819383164,False
2013-09-22,0.9776662886392585,-1.5081574202806265,2.417486135865596,False
2013-10-22,0.9275148524150397,-1.7090571422351688,1.826194669605003,False
2013-11-21,0.8804498168994598,-1.7092813370223778,2.078037724265269,False
2013-12-21,0.6400223394005812,-1.7604752842469047,1.5800361898365824,False
2014-01-20,0.5785034602925665,-1.8749981265038813,2.2684397164540693,False
2014-02-19,0.629411559775881,-1.6585747871335477,2.1649557104870505,False
2014-03-21,0.39569452851525233,-1.6032198481437065,2.4749732023552435,False
2014-04-20,-0.32194464268697165,-1.3022131924384623,2.4033639776380444,False
2014-05-20,-0.1636318960040966,-1.8672202886376548,1.5652135459880396,False
2014-06-19,-0.15163797511077381,-1.5888608679636431,2.405928690430874,False
2014-07-19,-0.31505361374539176,-1.5986616909692306,2.2768760124647036,False
2014-08-18,-0.23346204057315792,-1.564071818021559,1.9729512380176892,False
2014-09-17,-0.20891549408261761,-1.3951804354192459,1.9365923028177388,False
2014-10-17,-0.13150253323837705,-1.9698954335195047,2.4933689295012997,False
2014-11-16,-1.1089693369485998,-1.5905355548230058,1.5393190097671965,False
2014-12-16,-1.4302972796268933,-1.339309730456551,0.9778922292176023,True
2015-01-15,-1.001414110429777,-1.6509727568906778,1.1072684441306924,False
2015-02-14,-0.5436373006764781,-1.6910961309241297,2.187761500868647,False
2015-03-16,-0.22704122783084907,-1.4535979357564393,1.9600823243007905,False
2015-04-15,0.00965142250671609,-1.5359314721374664,2.058882659778018,False
2015-05-15,0.050269792226896724,-1.2429696202260205,2.3085738809945977,False
2015-06-14,-0.18183806480413597,-1.4500685977239671,2.2617759909460955,False
2015-07-14,-0.16411821345248795,-1.276003281279162,1.8054873614423421,False
2015-08-13,-0.2832396032085028,-1.4638307521134857,2.3101323941741243,False
2015-09-12,-0.4232836557510624,-1.3517341186602592,1.8923594398759633,False
2015-10-12,-0.6324090207527993,-1.219691007610767,2.168105679377659,False
2015-11-11,-0.623123608340036,-1.631574853491699,2.2574065442126807,False
2015-12-11,-0.35570578513621676,-1.395737191613357,2.064379142256814,False
2016-01-10,-0.9180181108934156,-1.6311370094386155,1.675773092881941,False
2016-02-09,-1.1708607391728685,-1.3523425644027678,2.055107365857325,False
2016-03-10,-1.0075983370530601,-2.0198111214511165,1.7544388454201971,False
2016-04-09,-1.0069958087537658,-1.9524980065039705,2.0573961441839526,False
2016-05-09,-0.893645722579958,-1.6882491612204338,2.0475614186292437,False
2016-06-08,-0.707426207114648,-1.7446073956018007,1.7687273114430635,False
2016-07-08,-0.6582773352936526,-1.7198270816249266,1.9814125929720705,False
2016-08-07,-0.4673874713705246,-1.5567021988753962,2.121619487209455,False
2016-09-06,-0.01867134133314994,-1.4903069059612848,1.998967718193618,False
2016-10-06,0.011231828148994066,-1.6840632101816937,2.0835555363016076,False
2016-11-05,-0.5792001472645609,-1.62596809109881,2.2452781164038864,False
2016-12-05,-0.5645276362631468,-1.8279734484458638,2.6460813628997992,False
2017-01-04,-0.2969871872626103,-1.9286413529842794,1.7598055095397522,False
2017-02-03,-0.10607346238047882,-1.5734515119863846,1.7333816857731001,False
2017-03-05,-0.05241711989390234,-1.400764620924709,2.713681857437185,False
2017-04-04,-0.20593136340672374,-1.7625149074365585,2.199092800632093,False
2017-05-04,-0.08677817636833624,-1.2147137565071804,2.4932012356056905,False
2017-06-03,-0.029466603913901792,-1.5924362287937297,2.5249994695893694,False
2017-07-03,-0.12161041403249648,-1.5458298740708285,2.341457202584033,False
2017-08-02,-0.3268937937950313,-1.8406598016330156,2.199458791391655,False
2017-09-01,-0.045533579366026915,-1.6256050386024776,1.9309087336535633,False
2017-10-01,-0.5743380801049074,-1.5460172262765888,2.1235760088940796,False
2017-10-31,-0.5455354289551739,-1.4678459793234704,1.9693245803156703,False
2017-11-30,-0.11829214878397956,-2.0833690530828375,2.1075384681973377,False
2017-12-30,-0.0622372069985775,-1.4152153731836008,2.3189627719525165,False
2018-01-29,0.044380084080261,-1.8109850288904799,2.27056522486277,False
2018-02-28,0.18968443162262816,-1.8271008912767255,2.018624554189076,False
2018-03-30,0.5193745977762303,-1.5268772685360568,2.1678744862857253,False
2018-04-29,0.42424331542747723,-1.5359073770643257,1.8590209144511667,False
2018-05-29,0.4101585920303224,-1.8882561837223708,2.124484964774561,False
2018-06-28,0.45056747394459407,-1.8044638929456438,1.8918438689645025,False
2018-07-28,0.5835776387221173,-1.9620419766181076,1.6110699588711144,False
2018-08-27,0.465982091454047,-1.52760409629694,1.9309504091406526,False
2018-09-26,0.9889706197927846,-1.6869374447320997,2.2185112644787908,False
2018-10-26,0.8713982809894106,-1.7622263740678343,1.9590959669855488,False
2018-11-25,0.5500458220065649,-1.6465505419117605,2.6694295616412846,False
2018-12-25,0.07594639036870232,-1.7589584982388287,2.305671711302549,False
2019-01-24,0.6727763584001143,-1.7248999009879316,1.6448000153158462,False
2019-02-23,0.7554702955752651,-1.8059614480790278,1.9383558897691415,False
2019-03-25,0.285268171116014,-1.9319244151242585,1.7890878508820385,False
2019-04-24,0.6034458000254375,-1.7827097412455326,2.2489535672577263,False
2019-05-24,0.9604763933243673,-1.7166959879417454,1.8154071064550759,False
2019-06-23,1.1639213362021184,-1.9324212762072324,1.8778839560488212,False
2019-07-23,-0.10580246203049612,-1.6565854058677356,1.691044719146188,False
2019-08-22,0.059699913980069304,-1.6410983002584603,1.6422735347441042,False
2019-09-21,0.01879299761031758,-1.6740773758389214,1.8901197559469824,False
2019-10-21,0.2655359421089271,-1.6717137839017473,2.1712141506007883,False
2019-11-20,-0.3071843448252347,-1.6503069904145302,2.044665493429716,False
2019-12-20,-0.3102991645799501,-1.7624762055985654,2.009124308055088,False
2020-01-19,-0.07936811729774586,-1.4068215214402888,1.8757226842392682,False
2020-02-18,-0.07593820934947201,-1.5576526152533705,1.7738441431620986,False
2020-03-19,-0.3187270974942056,-1.9932351914777358,1.8150287683994915,False
2020-04-18,-0.3654302394384597,-1.2462609156516458,2.103642567218676,False
2020-05-18,-0.48445454344373207,-1.6092648818857507,2.1809472107555927,False
2020-06-17,-0.6427380084141154,-1.8355930990382863,1.9762129336096395,False
2020-07-17,-0.26762363252470556,-1.476054653587573,2.001677790268275,False
2020-08-16,-0.43139141670028014,-1.4861667673567305,1.882256642685406,False
2020-09-15,-0.43288691485110653,-1.393762241268068,2.005693160668212,False
2020-10-15,-0.5974484068907321,-1.5217051008006632,1.826405974823723,False
2020-11-14,-0.5649649473739798,-1.5217794988839426,2.1470646149569896,False
2020-12-14,-0.7915281095828612,-1.6924005951086718,2.3758445016343974,False
2021-01-13,-0.2520733471968846,-1.6178470232690836,1.6159494548156297,False
2021-02-12,-0.4390437471779539,-1.52559262020265,2.582339727901729,False
2021-03-14,-0.846033916530981,-1.9236364836263664,1.8610525020327935,False
2021-04-13,-0.37013033654782385,-1.8434341739327489,1.653518512683315,False
2021-05-13,-0.2292647977273246,-1.892161025752497,1.7447577546634256,False
2021-06-12,0.09505001542952864,-1.9761930721011933,2.637935484265518,False
2021-07-12,-0.12075324112499858,-1.7008988364245359,2.144979615336406,False
2021-08-11,0.2508023289941968,-1.6542265938345047,2.0210752485536823,False
2021-09-10,-0.037044290194834226,-1.5822674706779296,1.8753103706761485,False
2021-10-10,0.09400868921137595,-2.071001385720745,1.9194778649658404,False
2021-11-09,-0.0491561114132235,-1.50373674909457,2.40267463064625,False
2021-12-09,0.1401769916013609,-1.9718995669886816,2.08243753177637,False
2022-01-08,-0.7855983854248397,-1.8828720648336326,2.213341911398384,False
2022-02-07,-0.6964249757877093,-2.2723512995463406,2.0554377678431632,False
2022-03-09,-0.7024407442631038,-1.6740354118993754,2.0332259997980233,False
2022-04-08,-0.6056509038311486,-1.9630747377503452,2.390975194446872,False
2022-05-08,-0.8408900019932095,-1.893828652803978,1.425355840638269,False
2022-06-07,-0.7327692935703681,-1.9289673168517292,1.3932890397297988,False
2022-07-07,0.6885810440242723,-1.695801690372932,1.6906275002573874,False
2022-08-06,0.10641374165521854,-1.4885061320620716,2.275055599445989,False
2022-09-05,0.2543996302968882,-2.1067213498863397,2.0710639403183713,False
2022-10-05,-0.10732574904797318,-1.8810832174929872,2.192680266931648,False
2022-11-04,0.08589920257822757,-2.11082716440243,1.9187884634280636,False
2022-12-04,0.05989281322429038,-1.7817993489676809,2.06799611152721,False
2023-01-03,0.12504117223631328,-1.6933858335407586,2.0220434054011287,False
2023-02-02,0.38623780922016887,-1.7259919473453171,1.7052701998137916,False
2023-03-04,0.46470924256238316,-2.2168905765974323,2.099702672739426,False
2023-04-03,0.8924672804589682,-1.645649602945671,2.150081238831712,False
2023-05-03,1.0320784979733146,-1.8908658504054763,2.1778261041918787,False
2023-06-02,1.1414715568608973,-1.5498270426743315,1.7323638770957814,False
2023-07-02,0.44555712594179553,-1.4296866821238396,2.126238681059428,False
2023-08-01,0.38114071217371903,-1.2783307065979543,2.2704352207468723,False
2023-08-31,0.39914601037988573,-1.5326017429393721,2.2946367535021044,False
2023-09-30,0.5763048684482825,-1.3442720291909322,2.5108319625951014,False
2023-10-30,0.8309425001610197,-1.2885276921043196,1.829341556241305,False
2023-11-29,1.2058650433246125,-1.7907231476714254,1.9953925512451558,False
2023-12-29,1.3556219660807656,-1.6344114133312886,2.427784233522999,False
2024-01-28,0.3992679914411363,-1.6474084329665541,2.2687086571673096,False
2024-02-27,0.7474655804712197,-2.0160305355548895,1.806455853321491,False
2024-03-28,-0.06243666622650105,-1.8197869860404101,1.9111299057971007,False
2024-04-27,-0.2462007087741594,-1.9917315505520488,1.942818017137505,False
2024-05-27,-0.4903988546817998,-1.8089318750439507,1.7938339104423227,False
2024-06-26,-0.5352859589485277,-1.8018080131054242,1.6618704548825074,False
2024-07-26,-0.3593151714391311,-1.7079179707627667,2.140345200481306,False
2024-08-25,-0.6104744858867471,-1.7471501475310258,2.0207696837779654,False
2024-09-24,-0.3918747411902824,-1.5700957299650586,2.598475084544853,False
2024-10-24,-0.5943005073559998,-1.527029902361635,1.4603743154412439,False
2024-11-23,-0.037619216614488984,-1.705794127861845,1.7188581734118993,False
2024-12-23,-0.23431715522516441,-1.5399246601832361,1.7603677353499827,False
2025-01-22,-0.17712253315722645,-1.6306098502042279,1.953095480519642,False
2025-02-21,-0.46678623575661116,-1.7474976165805924,2.216803093300716,False
2025-03-23,-0.7628242465121213,-1.598959090244909,1.8255820850542195,False
2025-04-22,-0.9601492609039098,-1.9428531188785312,2.1691895821192375,False
2025-05-22,-0.4757379362843204,-1.6242716822754313,2.305471513769806,False
2025-06-21,-0.6180323442326747,-1.6734296789778214,2.3678381843966245,False
2025-07-21,-0.6856453405538911,-1.4410280996551972,2.2135662073027484,False
2025-08-20,-0.8110303879858517,-1.8655109473357783,2.3697943923663916,False
2025-09-19,-0.8712020148071974,-1.634843399085697,2.052007616705934,False
2025-10-19,-0.7701770757162004,-1.7114394974162699,1.957358260822257,False
2025-11-18,-1.2076996329998955,-1.5224238080750219,2.2111037964736013,False
2025-12-18,-1.0405866839997657,-1.9333329819306104,1.9575788450554765,False
2026-01-17,-1.0164491561767686,-1.5404892239828651,1.8815982001693767,False
2026-02-16,-0.8499958918988647,-1.3303504489774742,2.456383064110558,False
2026-03-18,-0.9076430411532793,-1.4891609335312326,1.9277222751202974,False
2026-04-17,-0.6300256911260674,-1.6709269545552927,2.0981559155846914,False
2026-05-17,-0.883526638042357,-1.3467780883605753,2.0757071563330807,False
2026-06-16,-0.45397607380696386,-1.6679277430690054,1.6665787801274197,False
2026-07-16,-0.5703158899615924,-1.4698061655205081,1.9374024830381897,False
2026-08-15,-0.5622419988631411,-1.4281315959188339,2.102526981308645,False
2026-09-14,0.06551061019218317,-1.415948131305465,2.0358223587094457,False
