pair,freq,rho,lo,hi,n
SPY / Euro Stoxx 50,daily,0.588587,0.572399,0.604316,6446
SPY / Euro Stoxx 50,2-day,0.708151,0.690507,0.724952,3223
SPY / Euro Stoxx 50,weekly,0.789199,0.768329,0.808393,1367
SPY / Euro Stoxx 50,lead,0.201876,,,6446
SPY / BET,daily,0.22419,0.200877,0.24725,6446
SPY / BET,2-day,0.315003,0.283561,0.345769,3223
SPY / BET,weekly,0.37839,0.332032,0.422924,1367
SPY / BET,lead,0.169059,,,6446
Euro Stoxx 50 / BET,daily,0.330099,0.30817,0.351678,6446
Euro Stoxx 50 / BET,2-day,0.36924,0.339036,0.398684,3223
Euro Stoxx 50 / BET,weekly,0.40811,0.362944,0.451363,1367
Euro Stoxx 50 / BET,lead,0.0867647,,,6446
