n,rep,emb_acc,emb_f1,tfidf_acc,tfidf_f1
100,0,0.6963986599664992,0.4645623822746716,0.6675041876046901,0.3274629792768959
100,1,0.6947236180904522,0.4229199915776567,0.6775544388609716,0.3436122462567457
100,2,0.7064489112227805,0.5037051526740619,0.6695979899497487,0.3365019252925596
100,3,0.6637353433835846,0.32531920166222733,0.6603852596314908,0.2915739778283277
100,4,0.6972361809045227,0.46531430024317105,0.664572864321608,0.300482013223641
100,5,0.6922110552763819,0.46384074756663224,0.6725293132328308,0.32894277474195505
100,6,0.6733668341708543,0.36530336555322446,0.6582914572864321,0.28112248567777504
100,7,0.6746231155778895,0.3715920411230295,0.6628978224455612,0.3161294722111433
100,8,0.7010050251256281,0.5198616241522022,0.678391959798995,0.3791538898086136
100,9,0.7001675041876047,0.4273984579473711,0.6825795644891123,0.3607096047666308
200,0,0.7110552763819096,0.5493059573123402,0.6855108877721943,0.395119320095308
200,1,0.7269681742043551,0.5477660368409966,0.6750418760469011,0.3586815234920748
200,2,0.7160804020100503,0.5139092621539124,0.6855108877721943,0.3821684572368031
200,3,0.7081239530988275,0.5076375652670778,0.6742043551088778,0.35108192141839906
200,4,0.7215242881072027,0.5086786854847095,0.6834170854271356,0.38724260864678794
200,5,0.7068676716917923,0.5389375445753043,0.6901172529313233,0.40438010193255414
200,6,0.7190117252931323,0.5597443853931279,0.6796482412060302,0.38853576710489546
200,7,0.7265494137353434,0.5368650320290639,0.6842546063651591,0.3837906799199528
200,8,0.740787269681742,0.6000648032669809,0.6943048576214406,0.43554675834732365
200,9,0.714824120603015,0.5254725397400912,0.6670854271356784,0.3144107781097552
400,0,0.7449748743718593,0.6050553229162343,0.6989112227805695,0.4385882623461133
400,1,0.7047738693467337,0.4990511280106063,0.7030988274706867,0.4234474573327323
400,2,0.7361809045226131,0.609079274165928,0.6968174204355109,0.4372654170981103
400,3,0.7399497487437185,0.5768157169565605,0.6968174204355109,0.41953268367655777
400,4,0.7365996649916248,0.6114797280938867,0.7173366834170855,0.4741168796138961
400,5,0.7311557788944724,0.5723385005970447,0.7077051926298158,0.44505371144823846
400,6,0.7273869346733668,0.5907870172532734,0.7064489112227805,0.4444799320864168
400,7,0.7525125628140703,0.6258909625627972,0.714824120603015,0.480128315684667
400,8,0.7273869346733668,0.5749620852050884,0.7110552763819096,0.4650075164715788
400,9,0.7307370184254607,0.5962492387985961,0.6989112227805695,0.4342960180674522
800,0,0.7562814070351759,0.6451921372904574,0.7357621440536013,0.539439104940837
800,1,0.7600502512562815,0.6416999841460621,0.7211055276381909,0.5041279129838246
800,2,0.7445561139028476,0.6102357121461451,0.7290619765494137,0.5218945626925268
800,3,0.7428810720268006,0.5961229107692175,0.7198492462311558,0.47788366333123977
800,4,0.7546063651591289,0.635705212311883,0.7319932998324958,0.5262506789814867
800,5,0.7525125628140703,0.6405054566703144,0.7357621440536013,0.5385077842910678
800,6,0.7525125628140703,0.6396895526541941,0.7391122278056952,0.5491824415560308
800,7,0.7554438860971524,0.6325216456569444,0.716499162479062,0.490357660476003
800,8,0.751675041876047,0.628432052815203,0.7244556113902848,0.5145884743534626
800,9,0.7416247906197655,0.6267642302650017,0.7340871021775545,0.549444996363006
1600,0,0.7701005025125628,0.666611492699771,0.7604690117252931,0.6106310682533663
1600,1,0.7583752093802345,0.6484980010330996,0.7613065326633166,0.6084581344757988
1600,2,0.7629815745393634,0.6645603129079739,0.751675041876047,0.603105113909748
1600,3,0.7629815745393634,0.6623370702811865,0.7621440536013401,0.617607571066415
1600,4,0.7617252931323283,0.6634478441341116,0.7688442211055276,0.6323751262999652
1600,5,0.7721943048576214,0.677205669485518,0.7659128978224455,0.6222538642858555
1600,6,0.7654941373534339,0.6686379631863191,0.7688442211055276,0.6254427429732454
1600,7,0.7692629815745393,0.675083254933393,0.7680067001675042,0.6167529212812232
1600,8,0.7571189279731994,0.6419288778192888,0.7587939698492462,0.6023525591409049
1600,9,0.7508375209380235,0.6416274875963287,0.7562814070351759,0.5956023473813717
3200,0,0.7659128978224455,0.667311349508537,0.7818257956448911,0.6610536601743081
3200,1,0.7692629815745393,0.6692063692096343,0.7897822445561139,0.6812737081708863
3200,2,0.7751256281407035,0.6872978718738866,0.7830820770519263,0.6590936349109957
3200,3,0.7713567839195979,0.6767959420778112,0.7818257956448911,0.6644819752575896
3200,4,0.7763819095477387,0.6871486578857597,0.791038525963149,0.6799519097697274
3200,5,0.7717755443886097,0.6774818780743415,0.7843383584589615,0.6637538004818803
3200,6,0.7797319932998324,0.690310378587533,0.7864321608040201,0.6774072309331663
3200,7,0.7805695142378559,0.6884682614846773,0.7914572864321608,0.6780886215389014
3200,8,0.775963149078727,0.6822757346614975,0.7902010050251256,0.6801894130049181
3200,9,0.7788944723618091,0.6874928375224231,0.804857621440536,0.7065065103714346
6400,0,0.7818257956448911,0.6918489924341626,0.8056951423785594,0.712911033108889
6400,1,0.7893634840871022,0.699239035425563,0.8140703517587939,0.7239900189339901
6400,2,0.7902010050251256,0.706001714639746,0.8128140703517588,0.7260548252456182
6400,3,0.7826633165829145,0.6948164361510122,0.809463986599665,0.7146975567446935
6400,4,0.7818257956448911,0.6925070533289263,0.8136515912897823,0.7209513761274784
6400,5,0.783500837520938,0.6966534292799936,0.818676716917923,0.729100050224754
6400,6,0.7793132328308208,0.6877812726091062,0.8132328308207705,0.7219531487095917
6400,7,0.7864321608040201,0.6967361226913535,0.8182579564489112,0.7324599567983453
6400,8,0.7763819095477387,0.6880397379109469,0.8132328308207705,0.725897224054684
6400,9,0.7864321608040201,0.6965142585089653,0.8065326633165829,0.7117678807206848
9543,0,0.7864321608040201,0.699286839184098,0.830820770519263,0.7548897669632444
