month,ret,qwen1.5B,qwen7B,qwen14B
2000-01-31,-5.090352,0.08152,7e-06,2e-05
2000-02-29,-2.010814,0.685949,6e-06,3e-06
2000-03-31,9.67199,0.926304,1e-06,0.0
2000-04-30,-3.079575,0.953966,1e-06,0.0
2000-05-31,-2.191506,0.912436,1e-06,0.0
2000-06-30,2.393355,0.795658,1e-06,1e-06
2000-07-31,-1.634126,0.800692,1e-06,0.0
2000-08-31,6.06991,0.877477,1e-06,1e-06
2000-09-30,-5.348301,0.199308,0.0,2e-06
2000-10-31,-0.49495,0.600188,0.0,6e-06
2000-11-30,-8.006856,0.287768,1e-06,1.1e-05
2000-12-31,0.405339,0.098079,1e-06,5e-06
2001-01-31,3.463659,0.138462,1.9e-05,0.004905
2001-02-28,-9.229076,0.117572,2e-06,0.000588
2001-03-31,-6.420464,0.047426,0.0,9.3e-05
2001-04-30,7.681435,0.122523,1e-06,1e-06
2001-05-31,0.509012,0.106691,2e-06,1e-05
2001-06-30,-2.503536,0.065605,2e-06,0.001065
2001-07-31,-1.074013,0.052619,6e-06,3.2e-05
2001-08-31,-6.410839,0.075858,4e-06,2e-06
2001-09-30,-8.172348,0.012821,0.0,2e-06
2001-10-31,1.809912,0.024054,0.0,0.100879
2001-11-30,7.517598,0.035679,9.3e-05,0.0341
2001-12-31,0.757383,0.043366,0.996116,0.082697
2002-01-31,-1.557383,0.065605,0.075858,0.951142
2002-02-28,-2.076624,0.071591,7.8e-05,0.737158
2002-03-31,3.673886,0.03259,0.005385,0.962673
2002-04-30,-6.141765,0.08152,0.027585,0.629775
2002-05-31,-0.908145,0.07921,0.191933,0.847968
2002-06-30,-7.245535,0.08152,0.999898,0.962673
2002-07-31,-7.900426,0.058346,1.0,0.926304
2002-08-31,0.488142,0.090093,1.0,0.96378
2002-09-30,-11.002434,0.08389,1.0,0.999797
2002-10-31,8.644883,0.049589,1.0,0.999998
2002-11-30,5.706964,0.07056,1.0,0.999665
2002-12-31,-6.033258,0.046034,1.0,0.99819
2003-01-31,-2.74147,0.164516,1.0,0.999999
2003-02-28,-1.700362,0.314051,1.0,0.999994
2003-03-31,0.835761,0.117572,1.0,0.999999
2003-04-30,8.104412,0.294215,1.0,0.999996
2003-05-31,5.089866,0.27513,1.0,0.999997
2003-06-30,1.132224,0.247987,1.0,0.999998
2003-07-31,1.62237,0.191933,1.0,0.999982
2003-08-31,1.787319,0.307358,1.0,0.999989
2003-09-30,-1.194433,0.191933,1.0,0.999987
2003-10-31,5.496149,0.109706,1.0,0.99999
2003-11-30,0.712851,0.129403,1.0,0.999978
2003-12-31,5.076545,0.103749,1.0,0.999979
2004-01-31,1.727642,0.23092,1.0,0.999998
2004-02-29,1.220894,0.27513,1.0,0.999995
2004-03-31,-1.635885,0.150029,1.0,0.999996
2004-04-30,-1.679083,0.287768,1.0,0.999995
2004-05-31,1.208354,0.38122,1.0,0.999967
2004-06-30,1.798899,0.348645,1.0,0.999333
2004-07-31,-3.429052,0.324235,1.0,0.999968
2004-08-31,0.228733,0.396068,1.0,0.999942
2004-09-30,0.936391,0.290981,1.0,0.999952
2004-10-31,1.401425,0.148047,1.0,0.999998
2004-11-30,3.859485,0.225417,1.0,0.999996
2004-12-31,3.245822,0.108189,1.0,0.999815
2005-01-31,-2.529045,0.2227,1.0,0.999907
2005-02-28,1.890338,0.262842,1.0,0.999596
2005-03-31,-1.911765,0.111241,0.999823,0.998299
2005-04-30,-2.010859,0.272025,1.0,0.998245
2005-05-31,2.995202,0.324235,0.999999,0.997748
2005-06-30,-0.014268,0.278257,1.0,0.999268
2005-07-31,3.596829,0.253861,1.0,0.985496
2005-08-31,-1.122211,0.259826,1.0,0.998132
2005-09-30,0.694902,0.217338,1.0,0.943348
2005-10-31,-1.774082,0.115961,0.999997,0.998299
2005-11-30,3.518612,0.175538,1.0,0.999884
2005-12-31,-0.09524,0.117572,1.0,0.999643
2006-01-31,2.546684,0.184768,1.0,0.999998
2006-02-28,0.04531,0.23092,1.0,0.999978
2006-03-31,1.109584,0.082697,1.0,0.999975
2006-04-30,1.215566,0.250913,1.0,0.998545
2006-05-31,-3.09169,0.236516,1.0,0.992184
2006-06-30,0.008661,0.16238,1.0,0.972415
2006-07-31,0.508581,0.164516,1.0,0.996054
2006-08-31,2.127418,0.253861,1.0,0.999447
2006-09-30,2.456635,0.184768,1.0,0.999837
2006-10-31,3.150795,0.112795,1.0,0.99957
2006-11-30,1.646668,0.220007,1.0,0.999837
2006-12-31,1.261575,0.125923,1.0,0.998793
2007-01-31,1.405908,0.095349,1.0,0.999898
2007-02-28,-2.184621,0.51562,1.0,0.999685
2007-03-31,0.998003,0.290981,0.999995,0.999354
2007-04-30,4.329068,0.853913,1.0,0.996406
2007-05-31,3.254923,0.48438,1.0,0.988313
2007-06-30,-1.781631,0.317426,1.0,0.100879
2007-07-31,-3.198191,0.250913,0.999998,0.766294
2007-08-31,1.286359,0.345105,0.999999,4e-06
2007-09-30,3.5794,0.090093,0.999997,0.000191
2007-10-31,1.482234,0.08882,0.999726,0.001245
2007-11-30,-4.404342,0.082697,0.998866,6e-05
2007-12-31,-0.862849,0.039639,0.000677,0.0
2008-01-31,-6.116347,0.003028,1.1e-05,0.0
2008-02-29,-3.476116,0.003824,1e-06,0.0
2008-03-31,-0.595958,0.001988,0.0,1e-06
2008-04-30,4.754668,0.002845,0.0,0.0
2008-05-31,1.067415,0.002673,1e-06,0.0
2008-06-30,-8.596238,0.002632,0.0,0.0
2008-07-31,-0.985937,0.002434,0.0,0.0
2008-08-31,1.21905,0.002845,0.0,0.0
2008-09-30,-9.079145,0.001868,0.0,0.0
2008-10-31,-16.942453,0.001433,0.0,0.0
2008-11-30,-7.484903,0.001897,0.0,0.0
2008-12-31,0.782157,0.002397,8.6e-05,0.0
2009-01-31,-8.565735,0.002217,1.0,0.998793
2009-02-28,-10.993122,0.002801,1.0,1.0
2009-03-31,8.540451,0.002632,0.979668,1.0
2009-04-30,9.392508,0.007938,1.0,1.0
2009-05-31,5.308143,0.00573,1.0,1.0
2009-06-30,0.019584,0.007121,1.0,1.0
2009-07-31,7.414176,0.008188,1.0,1.0
2009-08-31,3.356017,0.010987,1.0,1.0
2009-09-30,3.572338,0.011508,1.0,1.0
2009-10-31,-1.976208,0.009708,1.0,1.0
2009-11-30,5.73641,0.024423,1.0,1.0
2009-12-31,1.77706,0.014957,1.0,1.0
2010-01-31,-3.697426,0.040238,1.0,0.999654
2010-02-28,2.851369,0.066569,1.0,0.979036
2010-03-31,5.879646,0.032101,0.999952,0.99539
2010-04-30,1.475915,0.095349,0.014957,0.787931
2010-05-31,-8.197584,0.08882,2.4e-05,0.00141
2010-06-30,-5.388238,0.095349,0.496094,0.468791
2010-07-31,6.877783,0.105211,0.007346,0.144149
2010-08-31,-4.744916,0.247987,0.000161,0.106691
2010-09-30,8.75511,0.23092,0.068538,0.995801
2010-10-31,3.685594,0.131173,0.00365,0.993902
2010-11-30,-0.229028,0.26588,1.0,0.997285
2010-12-31,6.530007,0.247987,1.0,0.998545
2011-01-31,2.264559,0.120853,1.0,0.99903
2011-02-28,3.195658,0.160266,0.999984,0.782662
2011-03-31,-0.10473,0.048858,0.028008,0.129403
2011-04-30,2.849536,0.177811,0.225417,0.030215
2011-05-31,-1.350093,0.171061,0.042722,0.001755
2011-06-30,-1.825751,0.204342,0.403567,1e-06
2011-07-31,-2.147444,0.158174,0.000245,1.2e-05
2011-08-31,-5.67911,0.253861,1e-05,0.0
2011-09-30,-7.176201,0.228157,3e-06,0.000131
2011-10-31,10.772304,0.140336,3e-06,0.000131
2011-11-30,-0.505865,0.245085,0.156105,9e-05
2011-12-31,0.853275,0.256832,0.999979,0.000536
2012-01-31,4.358302,0.090093,1.0,0.99973
2012-02-29,4.058953,0.144149,1.0,0.997817
2012-03-31,3.13323,0.054199,0.99999,0.999837
2012-04-30,-0.74975,0.146087,0.999989,0.999527
2012-05-31,-6.265067,0.138462,0.998736,0.997199
2012-06-30,3.955492,0.140336,0.999997,0.932453
2012-07-31,1.259757,0.108189,0.999998,0.999333
2012-08-31,1.976344,0.194368,0.999,0.997199
2012-09-30,2.423609,0.20947,0.022629,0.999884
2012-10-31,-1.97894,0.109706,0.095349,0.999809
2012-11-30,0.284677,0.196826,1.0,0.999998
2012-12-31,0.706817,0.184768,1.0,0.999089
2013-01-31,5.042814,0.239349,1.0,1.0
2013-02-28,1.106067,0.278257,1.0,0.999995
2013-03-31,3.598766,0.096706,1.0,0.999998
2013-04-30,1.808577,0.281406,1.0,0.99996
2013-05-31,2.076285,0.355775,1.0,0.999983
2013-06-30,-1.499933,0.327668,1.0,0.981453
2013-07-31,4.946211,0.233706,1.0,0.999942
2013-08-31,-3.129801,0.341582,0.999856,0.992879
2013-09-30,2.974947,0.320821,0.999596,0.998451
2013-10-31,4.459576,0.164516,0.38122,0.991938
2013-11-30,2.804952,0.23092,1.0,0.999873
2013-12-31,2.356278,0.225417,1.0,0.999923
2014-01-31,-3.55829,0.453262,1.0,0.999527
2014-02-28,4.311704,0.47658,1.0,0.99371
2014-03-31,0.693216,0.245085,1.0,0.988313
2014-04-30,0.62008,0.503906,1.0,0.998245
2014-05-31,2.103023,0.562176,1.0,0.983085
2014-06-30,1.905837,0.538983,1.0,0.880797
2014-07-31,-1.507986,0.480479,1.0,0.914901
2014-08-31,3.765532,0.562176,1.0,0.808067
2014-09-30,-1.551386,0.507812,0.989986,0.957912
2014-10-31,2.320146,0.281406,0.803174,0.962673
2014-11-30,2.453363,0.403567,0.999999,0.991684
2014-12-31,-0.418861,0.362969,1.0,0.946597
2015-01-31,-3.10408,0.433981,0.999999,0.995532
2015-02-28,5.489251,0.388618,0.040238,0.909907
2015-03-31,-1.73961,0.152032,0.044019,0.948155
2015-04-30,0.852081,0.370225,0.018547,0.986777
2015-05-31,1.049139,0.396068,8e-06,0.377541
2015-06-30,-2.101168,0.384912,3.4e-05,0.300746
2015-07-31,1.974204,0.310694,1e-06,8e-06
2015-08-31,-6.25808,0.422505,0.0,0.0
2015-09-30,-2.644287,0.441673,1e-06,1e-06
2015-10-31,8.298313,0.228157,0.0,0.928409
2015-11-30,0.050487,0.362969,2.9e-05,0.982558
2015-12-31,-1.75302,0.348645,0.998633,0.998793
2016-01-31,-5.07353,0.51562,0.004755,0.946597
2016-02-29,-0.412836,0.527316,1.1e-05,0.863392
2016-03-31,6.599111,0.253861,6.4e-05,0.998675
2016-04-30,0.269937,0.48438,0.001346,0.990874
2016-05-31,1.532465,0.566018,0.001455,0.896251
2016-06-30,0.091089,0.55447,0.488283,0.867036
2016-07-31,3.560981,0.535098,0.468791,0.999374
2016-08-31,-0.121922,0.573678,7.4e-05,0.999815
2016-09-30,-0.123448,0.527316,6.1e-05,0.999783
2016-10-31,-1.942567,0.281406,0.00236,0.999975
2016-11-30,3.417454,0.418697,0.999999,0.999992
2016-12-31,1.820075,0.370225,1.0,0.999997
2017-01-31,1.788434,0.695958,1.0,1.0
2017-02-28,3.719817,0.692642,1.0,0.999993
2017-03-31,-0.038919,0.437824,1.0,0.999837
2017-04-30,0.909122,0.675765,1.0,0.999948
2017-05-31,1.157621,0.721743,0.999999,0.99995
2017-06-30,0.481379,0.715424,1.0,0.999497
2017-07-31,1.934881,0.689306,1.0,0.999891
2017-08-31,0.054645,0.72487,0.999999,0.998132
2017-09-30,1.930298,0.661923,0.999995,0.980876
2017-10-31,2.218813,0.411111,0.999998,0.999944
2017-11-30,2.808264,0.511717,1.0,0.999988
2017-12-31,0.983162,0.47658,1.0,0.999996
2018-01-31,5.617872,0.607663,0.388618,0.960361
2018-02-28,-3.894738,0.661923,0.046725,0.835484
2018-03-31,-2.688451,0.362969,0.000544,0.921922
2018-04-30,0.271876,0.626124,0.000142,0.919643
2018-05-31,2.160835,0.675765,4e-06,0.934395
2018-06-30,0.484244,0.665411,2e-06,0.044681
2018-07-31,3.602155,0.658418,1e-06,0.003273
2018-08-31,3.026322,0.699254,0.0,0.003173
2018-09-30,0.42943,0.629775,0.0,0.000856
2018-10-31,-6.940336,0.36659,0.0,0.000136
2018-11-30,1.785934,0.52342,0.0,6.6e-05
2018-12-31,-9.177689,0.426322,0.0,0.0
2019-01-31,7.86844,0.705785,1.0,0.99494
2019-02-28,2.972889,0.740174,0.011869,0.996517
2019-03-31,1.792425,0.51562,0.000804,0.998545
2019-04-30,3.931351,0.746139,0.125923,0.998755
2019-05-31,-6.577772,0.785309,0.000296,0.999117
2019-06-30,6.893014,0.763484,0.999999,0.985496
2019-07-31,1.312816,0.760651,1.0,0.971564
2019-08-31,-1.809162,0.774583,0.999997,0.196826
2019-09-30,1.718117,0.73412,0.999938,0.893309
2019-10-31,2.043178,0.441673,0.999989,0.99943
2019-11-30,3.404703,0.577495,1.0,0.999583
2019-12-31,2.85898,0.345105,1.0,0.999713
2020-01-31,-0.162809,0.006904,0.999999,0.968856
2020-02-29,-8.411047,0.004755,1e-06,2e-06
2020-03-31,-12.511929,0.002473,2e-06,0.0
2020-04-30,12.684402,0.003324,1.0,0.999912
2020-05-31,4.528185,0.004682,1.0,0.999999
2020-06-30,1.838837,0.009413,1.0,1.0
2020-07-31,5.510133,0.051083,1.0,1.0
2020-08-31,7.006469,0.111241,1.0,1.0
2020-09-30,-3.922798,0.168857,0.999998,1.0
2020-10-31,-2.766577,0.05921,0.999998,1.0
2020-11-30,10.754563,0.239349,1.0,1.0
2020-12-31,3.712146,0.114369,1.0,1.0
2021-01-31,-1.113667,0.562176,1.0,1.0
2021-02-28,2.609145,0.675765,1.0,1.0
2021-03-31,4.243864,0.449393,1.0,1.0
2021-04-30,5.242531,0.709019,1.0,1.0
2021-05-31,0.54865,0.787931,0.999995,0.999981
2021-06-30,2.2214,0.793106,0.999999,0.999988
2021-07-31,2.274806,0.810479,0.999989,0.999967
2021-08-31,2.899041,0.841826,0.060975,0.989013
2021-09-30,-4.756918,0.817574,0.00022,0.999117
2021-10-31,6.914385,0.550607,6.9e-05,0.998352
2021-11-30,-0.833371,0.743168,0.999998,0.999915
2021-12-31,4.361292,0.73412,1.0,0.998716
2022-01-31,-5.258517,0.426322,0.000431,0.44553
2022-02-28,-3.13605,0.414899,7e-06,0.046034
2022-03-31,3.577331,0.23092,1e-06,0.014957
2022-04-30,-8.795672,0.480479,4e-06,0.206894
2022-05-31,0.005317,0.577495,7e-06,0.024423
2022-06-30,-8.392,0.585101,9e-06,0.006488
2022-07-31,9.111638,0.658418,3e-06,0.003707
2022-08-31,-4.244012,0.654895,3e-06,0.012821
2022-09-30,-9.339568,0.637031,3e-06,0.067547
2022-10-31,7.986342,0.36659,1e-06,0.073696
2022-11-30,5.375289,0.538983,3e-06,0.314051
2022-12-31,-5.897147,0.468791,0.001501,0.206894
2023-01-31,6.175286,0.72487,0.999997,0.997199
2023-02-28,-2.61125,0.709019,0.999089,0.989986
2023-03-31,3.505162,0.562176,0.938124,0.961534
2023-04-30,1.464234,0.705785,0.99371,0.978385
2023-05-31,0.248235,0.812867,0.890294,0.956634
2023-06-30,6.472746,0.803174,0.999899,0.955319
2023-07-31,3.113894,0.863392,0.999922,0.959154
2023-08-31,-1.771639,0.857768,0.437824,0.787931
2023-09-30,-4.871938,0.808067,0.091382,0.743168
2023-10-31,-2.197969,0.647798,0.00582,0.334589
2023-11-30,8.917927,0.760651,0.99998,0.855851
2023-12-31,4.422924,0.695958,1.0,0.5
2024-01-31,1.58957,0.76908,0.99999,0.993096
2024-02-29,5.172064,0.760651,0.983343,0.973241
2024-03-31,3.101878,0.695958,0.63341,0.893309
2024-04-30,-4.161508,0.743168,0.994698,0.946597
2024-05-31,4.802121,0.839734,0.97024,0.932453
2024-06-30,3.46698,0.824462,0.999952,0.936285
2024-07-31,1.132131,0.867036,0.999982,0.914901
2024-08-31,2.283471,0.874077,0.839734,0.787931
2024-09-30,2.019689,0.815232,0.228157,0.760651
2024-10-31,-0.989675,0.705785,0.013849,0.461017
2024-11-30,5.73013,0.787931,0.999955,0.855851
2024-12-31,-2.499014,0.721743,0.999999,0.665411
2025-01-31,2.70163,0.665411,0.999596,0.928409
2025-02-28,-1.42421,0.672332,0.132964,0.893309
2025-03-31,-5.75447,0.538983,0.019419,0.705785
2025-04-30,-0.762494,0.682574,0.112795,0.808067
2025-05-31,6.152381,0.79053,0.527316,0.749087
2025-06-30,4.960685,0.793106,0.833325,0.7773
2025-07-31,2.166656,0.817574,0.97024,0.817574
2025-08-31,1.906646,0.822189,0.009413,0.705785
2025-09-30,3.532369,0.798187,0.028008,0.629775
2025-10-31,2.268687,0.654895,0.00343,0.430147
2025-11-30,0.129961,0.692642,0.464902,0.637031
2025-12-31,-0.052413,0.718594,0.99952,0.437824
2026-01-31,1.366296,0.658418,0.999497,0.890294
2026-02-28,-0.866834,0.637031,0.384912,0.851953
2026-03-31,-5.09327,0.457137,0.055005,0.629775
2026-04-30,10.423339,0.611382,0.897695,0.718594
2026-05-31,5.146975,0.743168,0.815232,0.585101
2026-06-30,-1.064594,0.743168,0.99593,0.600188
2026-07-31,-0.128466,0.76908,0.997851,0.615088
2026-08-31,2.622417,0.749087,0.259826,0.52342
