day,AAPL,AMZN,BAC,C,CSCO,GME,GOOGL,GS,JPM,META,MS,MSFT,MSTR,NVDA,TSLA,WFC
2009,0,0,0,0,0,10,0,0,0,0,0,0,1,0,0,0
2010,0,0,0,0,0,155,0,0,0,0,562,0,12,0,0,0
2011,0,0,0,0,0,239,0,0,0,0,485,0,22,224,0,2
2012,0,0,0,0,0,363,0,0,0,0,360,0,69,179,0,308
2013,0,0,0,0,0,445,0,0,0,0,257,0,24,144,0,285
2014,0,0,88,101,0,395,0,0,0,0,374,0,48,118,0,221
2015,0,0,310,766,0,551,0,0,0,0,639,0,89,180,0,419
2016,0,0,323,929,124,562,0,740,0,0,616,0,93,336,0,2129
2017,0,0,348,1293,250,492,0,969,0,0,745,0,34,613,0,1919
2018,0,0,220,1060,220,522,300,804,497,0,705,0,51,527,0,1081
2019,0,0,303,786,446,695,2329,541,1699,0,533,0,97,507,733,808
2020,472,277,219,746,472,378,2374,999,655,432,899,0,50,309,1141,1159
2021,0,0,0,0,0,2006,1472,1365,0,0,855,0,261,702,0,834
2022,3013,0,0,1086,0,666,1868,1381,0,0,982,2597,147,2328,3042,829
2023,5656,4670,0,345,0,355,2315,1692,0,0,1179,5919,185,5541,5378,1145
