date,ret,qwen1.5B,qwen7B,qwen14B
2010-02-16,1.506682,0.527316,0.125923,0.538983
2010-03-05,3.909684,0.577495,0.044681,0.969785
2010-03-12,0.48779,0.569853,0.00659,0.988668
2010-03-24,0.442154,0.603932,0.044019,0.901921
2010-04-05,1.068322,0.585101,0.119203,0.843895
2010-04-09,0.767752,0.603932,0.037892,0.896251
2010-04-13,0.057957,0.585101,0.098079,0.754915
2010-04-26,-0.490099,0.562176,0.016153,0.793106
2010-04-29,2.69158,0.573678,0.040238,0.826712
2010-05-04,-2.878339,0.640636,0.086323,0.287768
2010-06-09,-2.457994,0.647798,0.057493,0.867036
2010-06-30,-1.810256,0.600188,0.040238,0.826712
2010-07-02,-0.620291,0.647798,0.011508,0.672332
2010-07-09,0.592015,0.672332,0.021948,0.538983
2010-07-19,-1.728567,0.644225,0.021287,0.348645
2010-08-16,-0.586538,0.588889,0.048137,0.607663
2010-09-03,2.615878,0.689306,0.008446,0.959154
2010-09-09,0.057224,0.679179,0.061876,0.996827
2010-09-20,2.855686,0.647798,0.03259,0.798187
2010-10-29,-1.395461,0.651355,0.001623,0.972415
2010-11-09,-0.796449,0.689306,0.075858,0.967899
2010-11-11,-0.434179,0.658418,0.091382,0.974043
2010-11-15,-0.321282,0.626124,0.090093,0.899121
2010-11-16,-1.774922,0.644225,0.134776,0.941654
2010-11-23,-1.477727,0.658418,0.036769,0.939913
2010-11-30,-1.805328,0.647798,0.014729,0.899121
2010-12-03,-0.223838,0.679179,0.011687,0.982558
2010-12-28,0.243021,0.66888,0.020646,0.936285
2011-02-07,1.552534,0.647798,0.422505,0.939913
2011-03-07,-1.289064,0.622459,0.120853,0.685949
2011-03-09,-0.924751,0.658418,0.057493,0.294215
2011-03-15,-2.298861,0.626124,0.008985,0.136608
2011-04-01,-1.132984,0.718594,0.00343,0.803174
2011-04-18,1.340589,0.66888,0.021287,0.622459
2011-04-27,-0.077283,0.70253,0.010987,0.177811
2011-05-04,0.393682,0.757794,0.07477,0.061876
2011-05-12,-0.190649,0.72487,0.014282,0.042088
2011-05-13,-1.751915,0.712232,0.005302,0.095349
2011-07-01,2.261001,0.754915,0.002397,0.909907
2011-07-18,2.432499,0.712232,0.003765,0.164516
2011-07-19,0.815728,0.731059,0.004007,0.103749
2011-08-02,-1.976135,0.718594,0.001623,5.1e-05
2011-09-09,-1.733757,0.727975,0.003594,0.507812
2011-09-14,1.217858,0.731059,0.00986,0.017986
2011-09-15,0.939548,0.718594,0.002019,0.019719
2011-09-19,2.779053,0.699254,0.008847,0.048858
2011-09-22,-2.504259,0.721743,0.003028,0.030215
2011-09-26,-0.279512,0.695958,0.00506,0.144149
2011-10-05,1.542894,0.731059,0.011687,0.025179
2011-10-24,3.284088,0.692642,0.000804,0.080357
2011-11-09,-2.695429,0.760651,0.004134,0.061876
2011-11-16,-1.04387,0.731059,0.006004,0.071591
2011-11-22,2.032255,0.721743,0.001501,0.637031
2011-12-12,-0.452727,0.689306,0.005302,0.140336
2011-12-19,0.312385,0.692642,0.006004,0.334589
2011-12-20,3.595234,0.715424,0.004538,0.377541
2011-12-30,-0.02971,0.712232,0.000335,0.430147
2012-02-07,1.047041,0.61878,0.051845,0.577495
2012-02-13,1.860686,0.562176,0.038466,0.55447
2012-02-15,-2.314639,0.607663,0.032101,0.453262
2012-02-17,-0.017975,0.581303,0.006193,0.665411
2012-02-22,-0.351322,0.61878,0.020023,0.577495
2012-03-14,3.780669,0.629775,0.008985,0.685949
2012-04-20,-2.460999,0.600188,0.001478,0.737158
2012-04-24,-1.997731,0.640636,0.007696,0.754915
2012-04-30,-3.154335,0.585101,0.006098,0.585101
2012-05-02,0.661061,0.695958,0.00573,0.782662
2012-05-22,-0.767824,0.685949,0.014957,0.658418
2012-06-08,1.504094,0.640636,0.002183,0.063715
2012-06-26,0.220836,0.644225,0.010653,0.414899
2012-07-06,-0.665457,0.679179,0.005469,0.893309
2012-07-19,1.32962,0.66888,0.013428,0.943348
2012-08-01,-0.647044,0.661923,0.008062,0.975577
2012-08-09,0.569582,0.647798,0.007461,0.928409
2012-08-13,1.334961,0.592667,0.005911,0.939913
2012-08-23,-0.932733,0.647798,0.00407,0.874077
2012-09-05,-0.70235,0.675765,0.010987,0.912436
2012-09-06,0.901035,0.654895,0.014957,0.914901
2012-09-07,0.616822,0.644225,0.003538,0.948155
2012-09-17,1.22949,0.603932,0.005911,0.909907
2012-09-19,0.027035,0.658418,0.015189,0.896251
2012-09-21,0.198689,0.629775,0.00289,0.979668
2012-09-27,2.426842,0.647798,0.007938,0.835484
2012-10-12,0.256004,0.600188,0.001188,0.984575
2012-10-19,-3.604111,0.603932,0.000488,0.928409
2012-10-23,-3.260173,0.637031,0.003483,0.959154
2012-11-08,-3.62874,0.647798,0.005385,0.99903
2012-11-28,-0.314521,0.647798,0.009413,0.993096
2012-12-03,0.15571,0.658418,0.002397,0.944995
2012-12-14,-3.756999,0.61878,0.001927,0.712232
2013-01-09,-1.562638,0.712232,0.053403,0.97631
2013-01-14,-3.564945,0.651355,0.022286,0.967899
2013-01-17,-0.673809,0.647798,0.01017,0.960361
2013-02-01,-0.410346,0.665411,0.005302,0.949669
2013-02-27,-0.979694,0.665411,0.026355,0.961534
2013-03-06,-1.271627,0.695958,0.08389,0.909907
2013-03-13,-0.018457,0.692642,0.013849,0.771844
2013-03-18,2.718037,0.644225,0.014729,0.90465
2013-03-28,-2.083652,0.665411,0.010489,0.887205
2013-04-02,0.205102,0.689306,0.010987,0.822189
2013-04-19,-0.388261,0.66888,0.007816,0.370225
2013-05-08,1.129245,0.763484,0.07056,0.909907
2013-05-10,-0.831948,0.721743,0.015906,0.928409
2013-05-16,1.336417,0.715424,0.076961,0.771844
2013-05-23,0.178729,0.721743,0.023689,0.822189
2013-05-30,1.490352,0.718594,0.020332,0.808067
2013-07-02,2.265147,0.731059,0.03259,0.960361
2013-07-10,-0.382839,0.746139,0.055823,0.880797
2013-07-31,-0.17401,0.731059,0.034619,0.835484
2013-08-01,0.917133,0.712232,0.020964,0.831143
2013-08-12,2.839848,0.679179,0.022629,0.782662
2013-09-13,-1.648208,0.682574,0.013223,0.839734
2013-10-02,0.327856,0.721743,0.007577,0.870597
2013-10-17,0.676789,0.679179,0.012241,0.72487
2013-10-23,0.978859,0.712232,0.011332,0.826712
2013-10-30,1.590318,0.705785,0.004538,0.754915
2013-11-13,0.119361,0.705785,0.060975,0.966914
2013-11-20,-0.875468,0.705785,0.018833,0.977714
2013-12-10,-0.155238,0.672332,0.020964,0.970688
2013-12-13,-1.090003,0.651355,0.004538,0.989672
2013-12-18,-0.760148,0.685949,0.041462,0.966914
2014-01-13,0.523487,0.70253,0.01017,0.782662
2014-01-14,1.989512,0.70253,0.00582,0.685949
2014-02-14,-0.080865,0.712232,0.00573,0.72487
2014-02-19,-1.578548,0.72487,0.027169,0.55447
2014-02-25,-1.041019,0.695958,0.011332,0.798187
2014-03-06,-0.302421,0.727975,0.017712,0.569853
2014-03-11,0.973888,0.731059,0.007121,0.5
2014-03-12,0.096509,0.749087,0.004399,0.562176
2014-03-20,-0.482095,0.715424,0.006904,0.538983
2014-03-21,0.788947,0.731059,0.00289,0.782662
2014-03-25,1.075166,0.727975,0.00659,0.72487
2014-03-26,-0.955234,0.746139,0.00986,0.72487
2014-03-27,-0.430429,0.73412,0.004982,0.637031
2014-04-02,0.16612,0.766294,0.00461,0.72487
2014-04-11,-0.739108,0.743168,0.00365,0.672332
2014-04-28,3.872929,0.727975,0.006488,0.651355
2014-05-05,1.414301,0.76908,0.044019,0.384912
2014-05-28,-0.258463,0.793106,0.021615,0.55447
2014-05-29,1.821608,0.785309,0.012821,0.55447
2014-05-30,-0.3742,0.766294,0.003075,0.546738
2014-06-04,1.141849,0.785309,0.013428,0.392337
2014-06-05,0.392013,0.76908,0.013637,0.44553
2014-06-13,-1.094199,0.752013,0.003707,0.256832
2014-06-16,1.007777,0.73412,0.027585,0.187133
2014-07-07,2.062932,0.7773,0.021287,0.835484
2014-07-15,-1.17196,0.76908,0.02976,0.600188
2014-07-17,-1.783134,0.774583,0.017712,0.615088
2014-08-04,-0.561811,0.752013,0.013849,0.899121
2014-08-14,0.267215,0.76908,0.010489,0.72487
2014-08-26,-0.639749,0.760651,0.017177,0.803174
2014-09-26,2.942733,0.754915,0.008062,0.839734
2014-10-14,-1.06182,0.746139,0.022629,0.870597
2014-10-20,2.13994,0.73412,0.00573,0.966914
2014-10-22,0.507153,0.771844,0.008188,0.919643
2014-11-05,0.239263,0.787931,0.015906,0.939913
2014-11-14,1.205128,0.73412,0.007696,0.955319
2014-11-19,-0.69254,0.766294,0.036769,0.914901
2014-12-05,-0.424537,0.743168,0.003124,0.817574
2014-12-16,-1.367819,0.73412,0.036769,0.699254
2014-12-17,2.491812,0.752013,0.036769,0.847968
2014-12-19,-0.772511,0.727975,0.008062,0.921922
2014-12-23,-0.354026,0.749087,0.00506,0.946597
2014-12-30,-1.220205,0.740174,0.004399,0.896251
2015-01-09,0.107528,0.737158,0.00181,0.948155
2015-01-22,2.601526,0.731059,0.00365,0.737158
2015-01-29,3.113294,0.727975,0.007461,0.831143
2015-02-19,-0.209653,0.705785,0.013849,0.637031
2015-02-25,-2.557539,0.721743,0.010328,0.771844
2015-02-26,1.265632,0.70253,0.007461,0.731059
2015-02-27,-1.502679,0.721743,0.002845,0.699254
2015-03-25,-2.612694,0.760651,0.00506,0.760651
2015-03-27,-0.79669,0.752013,0.001207,0.72487
2015-04-02,0.861169,0.752013,0.002083,0.749087
2015-05-01,3.03651,0.800692,0.001389,0.870597
2015-05-06,-0.628158,0.815232,0.009126,0.51562
2015-05-18,1.10273,0.766294,0.010653,0.562176
2015-06-15,-0.196861,0.754915,0.012821,0.629775
2015-07-13,1.930649,0.7773,0.005555,0.206894
2015-07-21,-0.999422,0.793106,0.006904,0.245085
2015-08-07,0.339057,0.785309,0.001549,0.112795
2015-08-20,-2.051991,0.7773,0.002673,0.006693
2015-09-14,0.963185,0.746139,0.020332,0.098079
2015-09-16,0.111773,0.787931,0.017712,0.44553
2015-09-21,1.551102,0.766294,0.010987,0.577495
2015-09-23,0.81134,0.803174,0.012054,0.196826
2015-09-28,-1.979099,0.760651,0.008062,0.212069
2015-10-12,-0.46368,0.746139,0.003538,0.884039
2015-10-13,0.170088,0.754915,0.006488,0.577495
2015-10-21,-0.008637,0.787931,0.004982,0.899121
2015-10-28,4.120464,0.782662,0.002758,0.392337
2015-11-02,1.405671,0.757794,0.005302,0.835484
2015-11-04,-0.46496,0.808067,0.008316,0.718594
2015-11-12,-0.335911,0.774583,0.00506,0.562176
2015-11-13,-2.920785,0.763484,0.002051,0.144149
2015-11-24,0.959704,0.763484,0.00582,0.870597
2015-11-27,-0.186512,0.7773,0.002183,0.912436
2015-12-04,3.324647,0.76908,0.002935,0.341582
2015-12-17,-2.119781,0.757794,0.012432,0.453262
2015-12-23,1.286943,0.787931,0.00343,0.859664
2016-01-04,0.085768,0.785309,0.037892,0.492188
2016-01-12,1.451585,0.787931,0.007461,0.002397
2016-01-13,-2.571107,0.808067,0.011508,0.001455
2016-01-22,5.316874,0.79053,0.002551,0.001032
2016-02-01,-0.935233,0.793106,0.014729,0.0341
2016-02-19,-0.228837,0.771844,0.007816,0.00057
2016-03-08,-0.824559,0.815232,0.011869,0.073696
2016-03-11,1.07729,0.793106,0.002715,0.050331
2016-04-05,-1.17906,0.812867,0.014957,0.384912
2016-04-12,1.302395,0.815232,0.011869,0.160266
2016-04-27,-6.257445,0.831143,0.006388,0.196826
2016-05-05,-0.405744,0.843895,0.016915,0.206894
2016-05-18,1.144625,0.845942,0.020646,0.112795
2016-05-31,-0.488499,0.831143,0.011687,0.212069
2016-06-10,-0.822829,0.819893,0.001598,0.082697
2016-06-16,0.422271,0.824462,0.00582,0.173288
2016-06-23,0.575617,0.831143,0.001839,0.112795
2016-07-01,0.303064,0.841826,0.003075,0.921922
2016-07-07,0.429388,0.845942,0.012432,0.867036
2016-07-18,1.06285,0.817574,0.014504,0.562176
2016-07-19,0.040076,0.828939,0.015189,0.665411
2016-07-27,6.4963,0.851953,0.014957,0.851953
2016-08-10,-0.744676,0.841826,0.010489,0.492188
2016-09-01,0.593896,0.833325,0.008188,0.939913
2016-09-19,-1.16626,0.798187,0.053403,0.835484
2016-09-21,-0.017326,0.845942,0.031144,0.944995
2016-09-23,-1.666037,0.824462,0.003324,0.7773
2016-09-28,0.760186,0.843895,0.017442,0.760651
2016-10-04,0.426711,0.822189,0.024423,0.984094
2016-10-05,0.044115,0.839734,0.0341,0.981453
2016-10-06,0.74305,0.826712,0.026759,0.985936
2016-10-27,-0.960513,0.822189,0.006193,0.949669
2016-11-10,-2.78654,0.822189,0.013637,0.99427
2016-11-18,0.100106,0.795658,0.00659,0.987179
2016-11-23,-0.509761,0.831143,0.012625,0.956634
2016-12-20,0.265938,0.808067,0.044681,0.952574
2017-01-13,-0.176208,0.833325,0.003765,0.959154
2017-01-19,-0.175121,0.835484,0.008446,0.787931
2017-02-09,0.722553,0.847968,0.187133,0.870597
2017-02-10,-0.226693,0.831143,0.039048,0.870597
2017-02-13,0.885553,0.819893,0.187133,0.843895
2017-02-21,0.722269,0.83762,0.065605,0.52342
2017-02-22,0.299765,0.855851,0.07056,0.629775
2017-03-02,-0.593715,0.857768,0.025957,0.859664
2017-03-03,0.590091,0.859664,0.00522,0.870597
2017-03-08,-0.372876,0.875787,0.056652,0.718594
2017-03-13,0.043273,0.831143,0.030215,0.281406
2017-03-16,0.163757,0.849971,0.02976,0.327668
2017-03-21,-1.14524,0.853913,0.037892,0.737158
2017-04-03,0.028042,0.859664,0.006488,0.712232
2017-04-13,-0.528785,0.859664,0.064653,0.407333
2017-04-27,0.076577,0.863392,0.018833,0.607663
2017-05-04,-0.360239,0.880797,0.228157,0.847968
2017-05-10,-0.474267,0.885631,0.355775,0.629775
2017-05-31,-0.592048,0.885631,0.087564,0.585101
2017-06-01,0.274772,0.870597,0.060975,0.793106
2017-06-14,-0.975548,0.875787,0.204342,0.44553
2017-06-20,-0.908823,0.859664,0.05921,0.334589
2017-06-21,0.592895,0.882428,0.09401,0.492188
2017-07-03,-0.361238,0.879147,0.015189,0.843895
2017-07-10,0.610072,0.865224,0.08389,0.771844
2017-07-12,0.14436,0.890294,0.106691,0.705785
2017-07-18,0.347569,0.868827,0.120853,0.812867
2017-07-27,-1.889614,0.880797,0.085099,0.962673
2017-08-24,-0.443991,0.877477,0.047426,0.307358
2017-09-05,-1.200704,0.874077,0.233706,0.901921
2017-09-06,-0.104986,0.887205,0.449393,0.884039
2017-09-19,0.037914,0.857768,0.414899,0.899121
2017-09-26,1.720521,0.868827,0.187133,0.782662
2017-09-28,-0.61601,0.874077,0.072637,0.826712
2017-10-17,0.369015,0.847968,0.177811,0.991684
2017-10-24,0.595425,0.857768,0.023689,0.992879
2017-10-26,0.639291,0.861538,0.051845,0.998545
2017-10-31,1.391531,0.847968,0.004982,0.974043
2017-11-08,0.818058,0.884039,0.422505,0.996727
2017-12-12,-0.561643,0.855851,0.250913,0.99883
2017-12-29,-1.081418,0.849971,0.003324,0.998675
2018-01-03,-0.017399,0.887205,0.003765,0.977714
2018-01-08,-0.371401,0.851953,0.017986,0.808067
2018-01-16,-0.508214,0.853913,0.006388,0.899121
2018-01-24,-1.593033,0.882428,0.009559,0.988668
2018-02-01,0.208928,0.867036,0.012054,0.808067
2018-02-06,4.179298,0.867036,0.046725,0.938124
2018-02-13,1.001654,0.859664,0.0341,0.562176
2018-02-20,-0.336331,0.857768,0.012821,0.461017
2018-03-20,-0.034299,0.868827,0.010653,0.538983
2018-03-27,-2.564172,0.872347,0.008062,0.607663
2018-04-03,1.025893,0.884039,0.002149,0.629775
2018-04-04,1.912183,0.888759,0.022977,0.629775
2018-04-11,-0.467651,0.887205,0.015906,0.585101
2018-04-17,1.376382,0.868827,0.015189,0.52342
2018-04-24,-1.391993,0.877477,0.007346,0.44553
2018-04-30,1.811356,0.861538,0.004265,0.453262
2018-05-02,4.417305,0.90053,0.00343,0.847968
2018-05-16,0.933464,0.893309,0.015189,0.5
2018-05-18,-0.3637,0.867036,0.003765,0.685949
2018-05-23,0.641174,0.901921,0.00573,0.629775
2018-05-24,-0.111406,0.896251,0.003945,0.55447
2018-05-29,-0.360634,0.888759,0.009126,0.651355
2018-06-12,0.548892,0.880797,0.007577,0.287768
2018-06-13,-0.821604,0.891811,0.007696,0.119203
2018-06-26,1.240757,0.879147,0.00506,0.5
2018-07-31,0.200191,0.882428,0.00365,0.362969
2018-08-02,2.923121,0.887205,0.002632,0.859664
2018-08-10,-0.297928,0.868827,0.001367,0.531209
2018-08-15,0.233497,0.890294,0.005469,0.437824
2018-08-20,-0.974306,0.861538,0.00506,0.407333
2018-08-21,-0.194892,0.865224,0.007696,0.414899
2018-08-23,0.204712,0.888759,0.003824,0.281406
2018-09-04,0.320782,0.888759,0.028871,0.863392
2018-09-12,-1.241824,0.891811,0.015906,0.957912
2018-11-01,1.535304,0.880797,0.001501,0.826712
2018-12-12,0.278668,0.877477,0.00141,0.000588
2018-12-31,0.966349,0.812867,0.000561,0.44553
2019-01-08,1.906258,0.875787,0.010987,0.173288
2019-01-23,0.404494,0.885631,0.004755,0.132964
2019-01-30,6.833602,0.884039,0.00181,0.061876
2019-02-21,-0.564009,0.868827,0.009559,0.090093
2019-03-05,-0.18177,0.880797,0.021948,0.262842
2019-03-26,-1.033268,0.879147,0.00514,0.341582
2019-04-04,0.173946,0.888759,0.010653,0.384912
2019-04-25,-0.907533,0.888759,0.003324,0.182426
2019-04-30,-1.925548,0.882428,0.003824,0.191933
2019-05-02,-0.650633,0.90053,0.002473,0.585101
2019-05-10,-1.385515,0.884039,0.002083,0.461017
2019-05-16,-0.439851,0.894789,0.008062,0.201813
2019-05-20,-3.127055,0.879147,0.004982,0.384912
2019-06-17,0.596777,0.867036,0.012054,0.294215
2019-07-15,0.939534,0.880797,0.015664,0.468791
2019-07-19,-1.49272,0.877477,0.003377,0.55447
2019-07-23,0.781629,0.896251,0.010653,0.48438
2019-07-25,-0.790635,0.899121,0.009126,0.859664
2019-07-30,-0.429233,0.893309,0.004755,0.48438
2019-07-31,2.040379,0.901921,0.010818,0.531209
2019-08-01,-2.163773,0.894789,0.00506,0.835484
2019-08-05,-5.234824,0.882428,0.013637,0.793106
2019-08-13,4.234864,0.888759,0.008577,0.239349
2019-08-14,-2.976494,0.899121,0.014729,0.348645
2019-08-28,0.671107,0.899121,0.010818,0.384912
2019-09-04,1.696512,0.907312,0.035145,0.835484
2019-09-10,1.181192,0.888759,0.032101,0.944995
2019-09-13,-1.945434,0.877477,0.009413,0.629775
2019-10-08,-1.171415,0.888759,0.028871,0.851953
2019-10-21,1.734264,0.865224,0.006193,0.890294
2019-10-22,-0.228599,0.880797,0.00522,0.808067
2019-10-23,1.341905,0.894789,0.004538,0.737158
2019-12-09,-1.399921,0.867036,0.008577,0.90465
2020-01-03,-0.972167,0.835484,0.001245,0.991422
2020-01-13,2.136381,0.810479,0.01302,0.939913
2020-03-04,4.638399,0.370225,0.002551,0.001927
2020-03-13,11.980726,0.338077,0.020964,3e-06
2020-03-16,-12.864624,0.294215,0.058346,8e-06
2020-03-20,-6.348429,0.338077,0.018547,5.3e-05
2020-05-08,2.38013,0.72487,0.003124,0.7773
2020-06-02,0.463008,0.845942,0.009708,0.44553
2020-06-05,2.848013,0.815232,0.002935,0.909907
2020-06-08,0.591348,0.815232,0.017712,0.932453
2020-07-02,0.0,0.888759,0.010489,0.951142
2020-07-13,-0.461352,0.867036,0.03622,0.930458
2020-07-22,0.280912,0.894789,0.039048,0.987179
2020-07-30,1.210014,0.882428,0.022977,0.887205
2020-08-14,-0.08909,0.868827,0.008062,0.994445
2020-08-19,0.125451,0.877477,0.03259,0.983085
2020-08-27,-1.195423,0.885631,0.030215,0.980876
2020-08-28,-0.161945,0.872347,0.00365,0.992423
2020-09-11,-1.312967,0.831143,0.006904,0.953966
2020-09-14,2.999998,0.868827,0.060975,0.989672
2020-09-16,-2.951394,0.890294,0.047426,0.994089
2020-09-22,1.571576,0.893309,0.028871,0.984094
2020-10-08,-0.095581,0.888759,0.02976,0.995801
2020-10-12,6.35197,0.861538,0.006193,0.997527
2020-10-15,-0.396084,0.879147,0.00522,0.995245
2020-10-27,1.347273,0.879147,0.009268,0.985043
2020-10-29,3.705085,0.885631,0.001648,0.99711
2020-11-06,-0.113648,0.880797,0.006388,0.993096
2020-11-09,-1.996782,0.875787,0.07056,0.99478
2020-12-01,3.082763,0.874077,0.025957,0.995532
2020-12-07,1.226981,0.867036,0.011158,0.994615
2021-01-20,3.285613,0.897695,0.040846,0.996517
2021-01-21,3.665819,0.890294,0.051083,0.994615
2021-01-27,-0.768378,0.90465,0.098079,0.999196
2021-01-28,-3.498505,0.896251,0.082697,0.999089
2021-02-03,-0.777797,0.90465,0.114369,0.996925
2021-02-10,-0.455848,0.897695,0.287768,0.997817
2021-02-18,-0.863686,0.885631,0.468791,0.999803
2021-02-22,-2.979943,0.875787,0.05921,0.996727
2021-02-24,-0.405169,0.903294,0.039639,0.99427
2021-03-04,-1.581137,0.897695,0.373876,0.994089
2021-03-11,1.650296,0.885631,0.095349,0.998245
2021-03-16,1.27432,0.887205,0.023331,0.981453
2021-03-19,-0.448089,0.874077,0.037327,0.990587
2021-04-09,2.025107,0.888759,0.030215,0.985496
2021-05-06,1.280244,0.91118,0.012625,0.984094
2021-05-14,1.984475,0.896251,0.008577,0.971564
2021-05-19,-0.128132,0.908618,0.048858,0.97631
2021-05-21,-1.476667,0.899121,0.004399,0.974821
2021-06-01,-0.264834,0.908618,0.060975,0.990874
2021-06-03,-1.215379,0.913677,0.011687,0.974821
2021-06-07,0.007912,0.897695,0.022286,0.99371
2021-06-16,0.393322,0.90599,0.048858,0.977714
2021-06-22,1.269785,0.903294,0.014064,0.855851
2021-06-25,-0.224891,0.896251,0.002981,0.987179
2021-06-30,0.462141,0.907312,0.010489,0.912436
2021-07-16,-1.407613,0.897695,0.006904,0.974821
2021-08-06,-0.476737,0.897695,0.009126,0.932453
2021-08-10,-0.335457,0.903294,0.016915,0.951142
2021-08-13,0.141024,0.896251,0.003028,0.899121
2021-08-30,3.041668,0.894789,0.004905,0.699254
2021-09-03,0.423045,0.90465,0.002511,0.951142
2021-09-15,0.614375,0.91118,0.011687,0.949669
2021-09-24,0.061307,0.901921,0.003377,0.890294
2021-10-18,1.180553,0.879147,0.007012,0.863392
2021-10-19,1.508039,0.888759,0.001001,0.546738
2021-10-29,-1.815575,0.890294,0.00048,0.877477
2021-11-05,0.358254,0.90053,0.002473,0.870597
2021-11-16,0.66667,0.899121,0.010987,0.896251
2021-11-19,1.697593,0.884039,0.003124,0.907312
2021-11-26,-3.167805,0.896251,0.001325,0.99494
2021-12-03,-1.172481,0.894789,0.001245,0.924142
2021-12-15,2.850933,0.90053,0.007816,0.731059
2022-01-07,0.098804,0.890294,0.001957,0.760651
2022-01-10,0.011655,0.882428,0.006488,0.651355
2022-01-28,6.977776,0.888759,0.000646,0.546738
2022-02-04,-0.167922,0.887205,0.001957,0.173288
2022-02-09,0.829344,0.90599,0.004468,0.160266
2022-02-17,-2.126976,0.891811,0.002434,0.206894
2022-03-04,-1.840824,0.888759,0.001001,0.384912
2022-04-07,0.180416,0.90599,0.001525,0.327668
2022-04-13,1.634305,0.91118,0.001325,0.206894
2022-05-03,0.962256,0.917303,0.000488,0.5
2022-05-04,4.100843,0.924142,0.002632,0.737158
2022-05-12,-2.689464,0.909907,0.000699,0.27513
2022-05-24,-1.921557,0.914901,0.00071,0.430147
2022-05-25,0.113981,0.921922,0.001016,0.531209
2022-06-02,1.681131,0.91118,0.000985,0.47658
2022-06-23,2.157392,0.907312,0.000617,0.095349
2022-06-28,-2.978971,0.90599,0.000792,0.256832
2022-06-29,1.302415,0.914901,0.001134,0.637031
2022-07-15,1.145006,0.903294,0.000667,0.177811
2022-07-20,1.350972,0.91611,0.00181,0.300746
2022-08-15,0.633346,0.894789,0.001134,0.334589
2022-08-18,-0.229141,0.901921,0.001727,0.250913
2022-09-01,0.470731,0.91118,0.001897,0.843895
2022-09-15,-1.892949,0.90599,0.000544,0.355775
2022-09-19,2.508252,0.887205,0.00582,0.629775
2022-10-19,0.076527,0.901921,0.000335,0.087564
2022-10-26,-1.962713,0.907312,0.00022,0.600188
2022-10-28,7.555209,0.890294,0.000144,0.173288
2022-10-31,-1.541025,0.884039,0.000305,0.287768
2022-11-03,-4.240471,0.913677,0.000386,0.577495
2022-11-04,-0.19476,0.899121,0.00022,0.377541
2022-11-10,8.897407,0.90599,9.3e-05,0.468791
2022-11-18,0.378182,0.888759,0.00012,0.300746
2022-11-22,1.466085,0.901921,0.000111,0.798187
2022-12-05,-0.798317,0.894789,0.00094,0.256832
2022-12-06,-2.537021,0.90599,0.000466,0.250913
2022-12-13,0.678237,0.897695,0.000291,0.233706
2022-12-21,2.380905,0.90599,0.000325,0.658418
2022-12-23,-0.279807,0.891811,0.000217,0.901921
2022-12-27,-1.387829,0.901921,0.000496,0.943348
2022-12-28,-3.068576,0.907312,0.000444,0.705785
2023-01-19,0.044415,0.894789,0.006798,0.622459
2023-01-25,-0.470112,0.914901,0.013849,0.896251
2023-01-30,-2.007799,0.894789,0.002183,0.287768
2023-02-09,-0.691162,0.903294,0.03359,0.569853
2023-02-10,0.245641,0.888759,0.007938,0.754915
2023-02-14,-0.422439,0.91118,0.018264,0.928409
2023-03-01,-1.424582,0.92079,0.0341,0.870597
2023-03-08,0.837708,0.92079,0.020964,0.622459
2023-03-24,0.830534,0.901921,0.00343,0.699254
2023-04-03,0.770205,0.912436,0.004905,0.737158
2023-04-06,0.549605,0.91118,0.07056,0.538983
2023-04-12,-0.435339,0.917303,0.025179,0.615088
2023-04-17,0.012057,0.899121,0.024423,0.622459
2023-04-26,-0.006082,0.917303,0.00659,0.839734
2023-06-06,-0.205997,0.914901,0.120853,0.577495
2023-06-09,0.215996,0.90465,0.016153,0.51562
2023-06-26,-0.755299,0.903294,0.0341,0.414899
2023-07-14,0.078724,0.909907,0.019419,0.615088
2023-07-18,-0.134036,0.913677,0.082697,0.461017
2023-08-07,-1.725414,0.908618,0.027585,0.453262
2023-08-09,-0.895455,0.921922,0.08882,0.430147
2023-08-10,-0.123423,0.912436,0.045353,0.600188
2023-08-14,0.939302,0.90465,0.051083,0.531209
2023-08-16,-0.495939,0.917303,0.109706,0.507812
2023-08-22,0.790462,0.912436,0.051845,0.268941
2023-08-28,0.8846,0.90465,0.030215,0.531209
2023-09-13,-1.185474,0.919643,0.887205,0.870597
2023-09-14,0.878261,0.912436,0.569853,0.749087
2023-09-21,-0.888892,0.91118,0.407333,0.953966
2023-09-27,-0.889752,0.923039,0.300746,0.644225
2023-10-03,-0.776987,0.912436,0.015189,0.901921
2023-10-11,0.790412,0.914901,0.206894,0.928409
2023-10-12,0.506143,0.907312,0.086323,0.855851
2023-10-24,0.254319,0.909907,0.00522,0.763484
2023-11-13,-0.858408,0.90599,0.064653,0.507812
2023-11-21,-0.423064,0.914901,0.021287,0.672332
2023-12-13,1.66912,0.91611,0.07477,0.699254
2023-12-14,0.075776,0.91118,0.0341,0.658418
2023-12-28,0.222614,0.913677,0.006004,0.817574
2024-10-01,-2.914175,0.919643,0.73412,0.996116
2024-10-02,0.251991,0.92523,0.173288,0.991015
2024-10-03,-0.489465,0.92079,0.08152,0.992184
2024-10-04,0.50072,0.91118,0.682574,0.995993
2024-10-07,-2.253083,0.917303,0.90053,0.992062
2024-10-08,1.840384,0.92079,0.94079,0.991812
2024-10-09,1.669875,0.92523,0.96741,0.993612
2024-10-10,-0.217848,0.914901,0.644225,0.997285
2024-10-11,-0.650524,0.903294,0.253861,0.998161
2024-10-14,1.647993,0.907312,0.38122,0.995601
2024-10-15,1.102444,0.913677,0.63341,0.992767
2024-10-16,-0.885171,0.914901,0.774583,0.991015
2024-10-17,0.159621,0.912436,0.314051,0.993902
2024-10-18,1.227673,0.897695,0.592667,0.992988
2024-10-21,0.629778,0.907312,0.180107,0.994615
2024-10-22,-0.262197,0.912436,0.314051,0.991422
2024-10-23,-2.162304,0.91848,0.253861,0.984575
2024-10-24,-0.082326,0.92079,0.07056,0.990874
2024-10-25,0.364345,0.907312,0.100879,0.989672
2024-10-28,0.859906,0.908618,0.103749,0.986777
2024-10-29,0.115698,0.914901,0.239349,0.992062
2024-10-30,-1.527803,0.91848,0.115961,0.986777
2024-10-31,-1.82093,0.913677,0.041462,0.991938
2024-11-01,-1.327957,0.91848,0.546738,0.997065
2024-11-04,-0.40378,0.92079,0.66888,0.992654
2024-11-05,0.64864,0.92523,0.644225,0.991289
2024-11-06,-0.32672,0.92944,0.731059,0.991554
2024-11-07,2.137253,0.92523,0.338077,0.989986
2024-11-08,-0.118842,0.91848,0.105211,0.990292
2024-11-11,-1.202841,0.91848,0.692642,0.997449
2024-11-12,0.0,0.91848,0.798187,0.996462
2024-11-13,0.396919,0.924142,0.826712,0.990732
2024-11-14,1.377014,0.923039,0.771844,0.993096
2024-11-15,-1.410919,0.912436,0.464902,0.994531
2024-11-18,1.342249,0.907312,0.566018,0.991153
2024-11-19,0.114013,0.909907,0.817574,0.991938
2024-11-20,0.315397,0.919643,0.480479,0.986572
2024-11-21,-0.209589,0.91848,0.189521,0.991015
2024-11-22,0.590725,0.908618,0.009708,0.986572
2024-11-25,1.305092,0.913677,0.060975,0.993096
2024-11-26,0.94043,0.919643,0.148047,0.990441
2024-11-27,-0.055278,0.92523,0.175538,0.981736
2024-11-29,1.021577,0.912436,0.051845,0.99494
2024-12-02,0.952253,0.91848,0.712232,0.991422
2024-12-03,1.277201,0.921922,0.651355,0.988668
2024-12-04,0.148359,0.927363,0.90599,0.962673
2024-12-05,0.012352,0.926304,0.822189,0.964855
2024-12-06,-0.082308,0.91611,0.247987,0.984811
2024-12-09,1.610101,0.91848,0.721743,0.985271
2024-12-10,0.413394,0.914901,0.936285,0.994445
2024-12-11,-0.516617,0.917303,0.815232,0.986363
2024-12-12,0.596369,0.917303,0.890294,0.989986
2024-12-13,0.06857,0.907312,0.314051,0.985936
2024-12-16,1.172758,0.907312,0.472683,0.978052
2024-12-17,0.971949,0.91611,0.699254,0.975577
2024-12-18,-2.14215,0.91611,0.91611,0.956634
2024-12-19,0.701445,0.91118,0.90053,0.968856
2024-12-20,1.881606,0.90599,0.085099,0.981453
2024-12-23,0.306464,0.909907,0.004007,0.961534
2024-12-24,1.147808,0.901921,0.001134,0.672332
2024-12-26,0.317586,0.91848,0.006798,0.926304
2024-12-27,-1.324227,0.912436,0.007938,0.962673
2024-12-30,-1.326313,0.91118,0.010014,0.977023
2024-12-31,-0.705799,0.897695,0.527316,0.924142
2025-01-02,-2.623606,0.917303,0.168857,0.989347
2025-01-03,-0.200956,0.912436,0.017712,0.992654
2025-01-06,0.673905,0.907312,0.705785,0.960361
2025-01-07,-1.138776,0.913677,0.464902,0.96378
2025-01-08,0.202316,0.919643,0.396068,0.944177
2025-01-10,-2.410403,0.90465,0.047426,0.995245
2025-01-13,-1.03439,0.901921,0.108189,0.994358
2025-01-14,-0.477803,0.912436,0.08152,0.987759
2025-01-15,1.967579,0.917303,0.09947,0.993512
2025-01-16,-4.040038,0.90599,0.09401,0.98983
2025-01-17,0.753523,0.90053,0.035145,0.993512
2025-01-21,-3.191575,0.90599,0.233706,0.99486
2025-01-22,0.534529,0.913677,0.294215,0.986572
2025-01-23,-0.075962,0.909907,0.160266,0.983085
2025-01-24,-0.393472,0.907312,0.043366,0.987375
2025-01-27,3.178028,0.903294,0.080357,0.993902
2025-01-28,3.654407,0.912436,0.132964,0.988668
2025-01-29,0.461691,0.917303,0.154058,0.988492
2025-01-30,-0.739494,0.913677,0.016915,0.959154
2025-01-31,-0.669201,0.90465,0.018264,0.992539
2025-02-03,-3.385621,0.907312,0.168857,0.99014
2025-02-04,2.10079,0.91848,0.73412,0.959154
2025-02-05,-0.141743,0.924142,0.689306,0.847968
2025-02-06,0.322624,0.917303,0.715424,0.934395
2025-02-07,-2.396868,0.912436,0.38122,0.966914
2025-02-10,0.118722,0.90465,0.437824,0.99427
2025-02-11,2.183169,0.913677,0.236516,0.99014
2025-02-12,1.827049,0.919643,0.453262,0.986572
2025-02-13,1.967318,0.913677,0.411111,0.980281
2025-02-14,1.27105,0.919643,0.122523,0.992062
2025-02-18,-0.053146,0.908618,0.637031,0.985718
2025-02-19,0.163638,0.91118,0.596433,0.983847
2025-02-20,0.392032,0.912436,0.199308,0.985271
2025-02-21,-0.113905,0.90465,0.112795,0.990732
2025-02-24,0.631226,0.90599,0.065605,0.983847
2025-02-25,-0.024268,0.91611,0.310694,0.979668
2025-02-26,-2.70403,0.919643,0.236516,0.969785
2025-02-27,-1.273093,0.919643,0.168857,0.979668
2025-02-28,1.913213,0.914901,0.228157,0.990874
2025-03-03,-1.575418,0.913677,0.047426,0.986363
2025-03-04,-0.882258,0.917303,0.550607,0.961534
2025-03-05,-0.080516,0.924142,0.695958,0.945801
2025-03-06,-0.173923,0.913677,0.61878,0.926304
2025-03-07,1.589242,0.913677,0.214691,0.956634
2025-03-10,-4.847933,0.90599,0.030676,0.984094
2025-03-11,-2.918934,0.91118,0.092688,0.983085
2025-03-12,-1.74787,0.919643,0.033086,0.972831
2025-03-13,-3.364377,0.912436,0.057493,0.880797
2025-03-14,1.81705,0.91118,0.044681,0.98698
2025-03-17,0.238895,0.901921,0.040846,0.985043
2025-03-18,-0.612153,0.907312,0.069542,0.981167
2025-03-19,1.198923,0.912436,0.173288,0.974043
2025-03-20,-0.529627,0.908618,0.160266,0.983597
2025-03-21,1.947684,0.908618,0.068538,0.99371
2025-03-24,1.127016,0.908618,0.052619,0.98698
2025-03-25,1.368216,0.923039,0.120853,0.983085
2025-03-26,-0.992211,0.921922,0.095349,0.975946
2025-03-27,1.0473,0.91611,0.050331,0.980281
2025-03-28,-2.658063,0.913677,0.053403,0.98698
2025-03-31,1.941285,0.90053,0.09947,0.984575
2025-04-01,0.477189,0.92944,0.449393,0.991812
2025-04-02,0.313625,0.931462,0.314051,0.991422
2025-04-03,-9.245587,0.928409,0.05921,0.984336
2025-04-04,-7.288761,0.917303,0.38122,0.982288
2025-04-07,-3.673428,0.91848,0.480479,0.985496
2025-04-08,-4.981794,0.924142,0.496094,0.969324
2025-04-09,15.328828,0.927363,0.488283,0.975577
2025-04-10,-4.239394,0.921922,0.08389,0.993202
2025-04-11,4.059477,0.91611,0.057493,0.993307
2025-04-14,2.205407,0.912436,0.148047,0.993902
2025-04-15,-0.187647,0.91848,0.204342,0.991938
2025-04-16,-3.893346,0.923039,0.212069,0.989986
2025-04-17,1.394948,0.917303,0.067547,0.991153
2025-04-21,-1.939259,0.909907,0.068538,0.995018
2025-04-22,3.406463,0.92079,0.086323,0.988668
2025-04-23,2.433169,0.927363,0.138462,0.98698
2025-04-24,1.842643,0.92523,0.07477,0.985936
2025-04-25,0.436705,0.926304,0.048137,0.985496
2025-04-28,0.41096,0.917303,0.05921,0.991289
2025-04-29,0.509156,0.923039,0.07056,0.990732
2025-04-30,0.61076,0.930458,0.057493,0.982288
2025-05-01,0.385889,0.930458,0.327668,0.990587
2025-05-02,-3.736135,0.92523,0.134776,0.993307
2025-05-05,-3.145893,0.928409,0.52342,0.939913
2025-05-06,-0.191021,0.92944,0.171061,0.912436
2025-05-07,-1.13849,0.936285,0.433981,0.959154
2025-05-08,0.631837,0.92944,0.341582,0.953275
2025-05-09,0.526587,0.923039,0.187133,0.976669
2025-05-12,6.314633,0.92079,0.122523,0.991153
2025-05-13,1.015225,0.926304,0.138462,0.984811
2025-05-14,-0.281776,0.931462,0.287768,0.983343
2025-05-15,-0.414465,0.92944,0.164516,0.982558
2025-05-16,-0.089815,0.923039,0.150029,0.985936
2025-05-19,-1.173922,0.909907,0.122523,0.991289
2025-05-20,-0.919645,0.924142,0.152032,0.989013
2025-05-21,-2.30588,0.92944,0.204342,0.991684
2025-05-22,-0.361231,0.924142,0.119203,0.979354
2025-05-23,-3.02443,0.921922,0.055005,0.989013
2025-05-27,2.52981,0.931462,0.154058,0.983597
2025-05-28,0.104895,0.934395,0.206894,0.984575
2025-05-29,-0.234488,0.931462,0.102305,0.985043
2025-05-30,0.450077,0.927363,0.028008,0.986151
2025-06-02,0.423196,0.924142,0.644225,0.994615
2025-06-03,0.77841,0.930458,0.327668,0.985271
2025-06-04,-0.221363,0.931462,0.640636,0.955319
2025-06-05,-1.079792,0.930458,0.538983,0.967899
2025-06-06,1.639847,0.924142,0.492188,0.979977
2025-06-09,-1.211299,0.919643,0.388618,0.978385
2025-06-10,0.605643,0.92523,0.44553,0.992539
2025-06-11,-1.919381,0.928409,0.422505,0.988668
2025-06-12,0.211299,0.926304,0.63341,0.987946
2025-06-13,-1.380536,0.923039,0.191933,0.984336
2025-06-16,1.002787,0.914901,0.640636,0.991422
2025-06-17,-1.401054,0.919643,0.577495,0.99014
2025-06-18,0.480485,0.924142,0.76908,0.989511
2025-06-20,2.248428,0.919643,0.27513,0.991938
2025-06-23,0.248759,0.917303,0.480479,0.987179
2025-06-24,-0.595519,0.928409,0.607663,0.988313
2025-06-25,0.629037,0.936285,0.546738,0.987568
2025-06-26,-0.27783,0.927363,0.422505,0.983085
2025-06-27,0.039793,0.92523,0.146087,0.992423
2025-06-30,2.034053,0.923039,0.091382,0.982823
2025-07-01,1.291585,0.928409,0.822189,0.995245
2025-07-02,2.223088,0.935346,0.763484,0.993612
2025-07-03,0.522472,0.935346,0.407333,0.986363
2025-07-07,-1.685749,0.928409,0.740174,0.981453
2025-07-08,0.028573,0.930458,0.496094,0.959154
2025-07-09,0.538039,0.933431,0.492188,0.977023
2025-07-10,0.601501,0.930458,0.348645,0.992879
2025-07-11,-0.58849,0.92523,0.177811,0.994089
2025-07-14,-1.20284,0.92079,0.250913,0.993307
2025-07-15,0.234856,0.92944,0.411111,0.987759
2025-07-16,0.502152,0.92944,0.55447,0.986777
2025-07-17,-0.066651,0.92523,0.341582,0.989511
2025-07-18,0.552319,0.919643,0.199308,0.991554
2025-07-21,0.615614,0.91848,0.300746,0.996517
2025-07-22,0.903631,0.928409,0.396068,0.991422
2025-07-23,-0.116606,0.935346,0.511717,0.987568
2025-07-24,-0.182151,0.936285,0.272025,0.984575
2025-07-25,0.056174,0.937211,0.220007,0.992767
2025-07-28,0.079445,0.923039,0.144149,0.99014
2025-07-29,-1.298749,0.92944,0.194368,0.990441
2025-07-30,-1.050778,0.935346,0.085099,0.964855
2025-07-31,-0.707974,0.930458,0.122523,0.980281
2025-08-01,-2.500344,0.92523,0.414899,0.995668
2025-08-04,0.479279,0.92079,0.519521,0.980281
2025-08-05,-0.211442,0.92944,0.392337,0.983085
2025-08-06,5.090669,0.931462,0.695958,0.970688
2025-08-07,3.179372,0.928409,0.334589,0.971564
2025-08-08,4.235799,0.923039,0.411111,0.974435
2025-08-11,-0.833746,0.91848,0.164516,0.992654
2025-08-12,1.087239,0.927363,0.370225,0.989986
2025-08-13,1.602414,0.932453,0.433981,0.989347
2025-08-14,-0.235685,0.92944,0.468791,0.990732
2025-08-15,-0.511203,0.92523,0.117572,0.99539
2025-08-18,-0.302291,0.909907,0.488283,0.993202
2025-08-19,-0.142932,0.91611,0.461017,0.992988
2025-08-20,-1.973433,0.926304,0.507812,0.989986
2025-08-21,-0.491122,0.91848,0.259826,0.989986
2025-08-22,1.271643,0.921922,0.212069,0.986777
2025-08-25,-0.263395,0.92523,0.307358,0.989013
2025-08-26,0.946431,0.927363,0.370225,0.986777
2025-08-27,0.514606,0.933431,0.422505,0.987568
2025-08-28,0.898095,0.92944,0.352202,0.98698
2025-08-29,-0.180618,0.926304,0.142232,0.992879
2025-09-02,-1.042477,0.931462,0.824462,0.99517
2025-09-03,3.808987,0.938124,0.480479,0.99427
2025-09-04,0.549344,0.931462,0.828939,0.978385
2025-09-05,-0.037547,0.930458,0.672332,0.987946
2025-09-08,-0.755126,0.92523,0.939025,0.988313
2025-09-09,-1.483938,0.928409,0.975577,0.98698
2025-09-10,-3.225954,0.932453,0.822189,0.997817
2025-09-11,1.428645,0.896251,0.250913,0.941654
2025-09-12,1.756279,0.924142,0.588889,0.996406
2025-09-15,1.123587,0.919643,0.562176,0.995462
2025-09-16,0.612605,0.924142,0.689306,0.993096
2025-09-17,0.352715,0.928409,0.626124,0.995462
2025-09-18,-0.464448,0.921922,0.727975,0.994089
2025-09-19,3.203315,0.917303,0.66888,0.996676
2025-09-22,4.309547,0.917303,0.727975,0.994698
2025-09-23,-0.644319,0.926304,0.731059,0.992539
2025-09-24,-0.833236,0.934395,0.718594,0.990587
2025-09-25,1.807294,0.937211,0.782662,0.992423
2025-09-26,-0.548912,0.928409,0.300746,0.99486
2025-09-29,-0.403191,0.924142,0.250913,0.996623
2025-09-30,0.078621,0.930458,0.144149,0.982558
2025-10-01,0.322003,0.92079,0.453262,0.993612
2025-10-02,0.657696,0.919643,0.204342,0.989347
2025-10-03,0.346119,0.92079,0.046034,0.99494
2025-10-06,-0.515462,0.908618,0.826712,0.984094
2025-10-07,-0.081839,0.91611,0.727975,0.977714
2025-10-08,0.616038,0.92079,0.79053,0.980876
2025-10-09,-1.557776,0.917303,0.740174,0.985936
2025-10-10,-3.452204,0.91611,0.120853,0.99635
2025-10-13,0.974435,0.90599,0.07921,0.993096
2025-10-14,0.044418,0.91118,0.217338,0.989986
2025-10-15,0.633643,0.921922,0.196826,0.991153
2025-10-16,-0.757983,0.914901,0.156105,0.989986
2025-10-17,1.955956,0.912436,0.043366,0.995601
2025-10-20,3.943842,0.899121,0.206894,0.995801
2025-10-21,0.202124,0.907312,0.090093,0.994531
2025-10-22,-1.644023,0.914901,0.166675,0.989347
2025-10-23,0.437206,0.914901,0.073696,0.986777
2025-10-24,1.24818,0.91848,0.028871,0.990732
2025-10-27,2.279144,0.913677,0.043366,0.986151
2025-10-28,0.070682,0.913677,0.057493,0.980281
2025-10-29,0.260214,0.92523,0.03622,0.987179
2025-10-30,0.630314,0.91848,0.019419,0.968856
2025-10-31,-0.37951,0.914901,0.00659,0.990587
2025-11-03,-0.488204,0.897695,0.196826,0.987946
2025-11-04,0.36794,0.903294,0.217338,0.962673
2025-11-05,0.037057,0.917303,0.284576,0.962673
2025-11-06,-0.136989,0.909907,0.199308,0.967899
2025-11-07,-0.481886,0.907312,0.071591,0.974043
2025-11-10,0.454872,0.894789,0.16238,0.992767
2025-11-11,2.160115,0.90465,0.373876,0.991153
2025-11-12,-0.646696,0.90465,0.33112,0.988313
2025-11-13,-0.190116,0.903294,0.134776,0.982014
2025-11-14,-0.197863,0.90053,0.103749,0.987179
2025-11-17,-1.817091,0.885631,0.156105,0.989347
2025-11-18,-0.007498,0.888759,0.136608,0.985496
2025-11-19,0.418801,0.896251,0.247987,0.987946
2025-11-20,-0.860169,0.896251,0.056652,0.983085
2025-11-21,1.968085,0.896251,0.030676,0.99418
2025-11-24,1.631746,0.893309,0.028008,0.991938
2025-11-25,0.380527,0.921922,0.03259,0.988313
2025-11-26,0.209436,0.909907,0.075858,0.987179
2025-11-28,0.468358,0.907312,0.021287,0.992423
2025-12-01,1.52413,0.901921,0.757794,0.995095
2025-12-02,1.091483,0.903294,0.79053,0.989013
2025-12-03,-0.712826,0.913677,0.317426,0.986363
2025-12-04,-1.214135,0.908618,0.38122,0.955319
2025-12-05,-0.684009,0.913677,0.115961,0.971564
2025-12-08,-0.319254,0.897695,0.287768,0.969785
2025-12-09,-0.255471,0.90053,0.345105,0.970688
2025-12-10,0.577222,0.90599,0.352202,0.989013
2025-12-11,-0.269006,0.897695,0.146087,0.984575
2025-12-12,0.089911,0.901921,0.129403,0.99418
2025-12-15,-1.498498,0.893309,0.2227,0.987946
2025-12-16,0.182393,0.893309,0.26588,0.979036
2025-12-17,-1.008674,0.90465,0.148047,0.985936
2025-12-18,0.128734,0.890294,0.194368,0.984575
2025-12-19,0.543744,0.891811,0.08389,0.993512
2025-12-22,-0.9866,0.887205,0.039639,0.988668
2025-12-23,0.512999,0.897695,0.013223,0.982014
2025-12-24,0.53236,0.893309,0.001478,0.884039
2025-12-26,-0.149744,0.90599,0.002935,0.987946
2025-12-29,0.131704,0.890294,0.045353,0.990587
2025-12-30,-0.24841,0.897695,0.014504,0.982558
2025-12-31,-0.44676,0.891811,0.061876,0.960361
2026-01-02,-0.312664,0.899121,0.057493,0.991153
2026-01-05,-1.383705,0.899121,0.550607,0.96741
2026-01-06,-1.833421,0.907312,0.581303,0.833325
2026-01-07,-0.77375,0.91611,0.457137,0.896251
2026-01-08,-0.495526,0.90599,0.310694,0.855851
2026-01-09,0.127392,0.896251,0.156105,0.970688
2026-01-12,0.339279,0.893309,0.08389,0.985271
2026-01-13,0.307424,0.903294,0.061876,0.970688
2026-01-14,-0.417567,0.909907,0.129403,0.966914
2026-01-15,-0.673161,0.903294,0.043366,0.979977
2026-01-16,-1.037944,0.890294,0.053403,0.983597
2026-01-20,-3.455552,0.90053,0.194368,0.984811
2026-01-21,0.385075,0.90599,0.284576,0.986777
2026-01-22,0.282657,0.90053,0.194368,0.969324
2026-01-23,-0.1248,0.890294,0.056652,0.973645
2026-01-26,2.971297,0.90053,0.281406,0.991015
2026-01-27,1.119754,0.90465,0.092688,0.975946
2026-01-28,-0.708548,0.912436,0.136608,0.971129
2026-01-29,0.717515,0.90599,0.085099,0.973645
2026-01-30,0.464596,0.894789,0.008577,0.942507
2026-02-02,4.058111,0.90053,0.228157,0.991422
2026-02-03,-0.196266,0.907312,0.247987,0.96741
2026-02-04,2.60128,0.91611,0.740174,0.890294
2026-02-05,-0.209763,0.91118,0.699254,0.658418
2026-02-06,0.800986,0.903294,0.55447,0.914901
2026-02-09,-1.166045,0.897695,0.531209,0.941654
2026-02-10,-0.342282,0.90599,0.47658,0.977714
2026-02-11,0.664989,0.91118,0.38122,0.971992
2026-02-12,-4.99816,0.90465,0.480479,0.965381
2026-02-13,-2.273373,0.894789,0.196826,0.960952
2026-02-17,3.166796,0.903294,0.472683,0.964321
2026-02-18,0.178125,0.907312,0.835484,0.943348
2026-02-19,-1.426146,0.897695,0.507812,0.957278
2026-02-20,1.535047,0.894789,0.16238,0.976669
2026-02-23,0.604713,0.891811,0.16238,0.971992
2026-02-24,2.239093,0.90599,0.085099,0.943348
2026-02-25,0.767996,0.91118,0.384912,0.924142
2026-02-26,-0.466754,0.908618,0.675765,0.945801
2026-02-27,-3.213051,0.901921,0.152032,0.966914
2026-03-02,0.204392,0.901921,0.194368,0.986777
2026-03-03,-0.366398,0.91611,0.075858,0.959154
2026-03-04,-0.466385,0.917303,0.715424,0.888759
2026-03-05,-0.849449,0.908618,0.718594,0.868827
2026-03-06,-1.087226,0.90053,0.607663,0.894789
2026-03-09,0.939917,0.897695,0.168857,0.826712
2026-03-10,0.365589,0.908618,0.069542,0.946597
2026-03-11,-0.007682,0.91118,0.2227,0.954647
2026-03-12,-1.936274,0.90465,0.023689,0.924142
2026-03-13,-2.205211,0.897695,0.0341,0.847968
2026-03-16,1.079486,0.891811,0.028436,0.91848
2026-03-17,0.557714,0.90599,0.08389,0.927363
2026-03-18,-1.687426,0.909907,0.20947,0.949669
2026-03-19,-0.392112,0.899121,0.142232,0.944995
2026-03-20,-0.389632,0.896251,0.136608,0.977714
2026-03-23,1.411362,0.896251,0.131173,0.965381
2026-03-24,0.059631,0.91118,0.095349,0.951142
2026-03-25,0.389464,0.91611,0.189521,0.932453
2026-03-26,0.106872,0.913677,0.194368,0.953966
2026-03-27,-1.617298,0.90465,0.040846,0.968381
2026-03-30,-0.872213,0.893309,0.058346,0.952574
2026-03-31,2.903157,0.90465,0.175538,0.943348
2026-04-01,0.725,0.92523,0.637031,0.984094
2026-04-02,0.113452,0.91848,0.396068,0.981736
2026-04-06,1.148811,0.909907,0.868827,0.953966
2026-04-07,-2.070636,0.91611,0.607663,0.938124
2026-04-08,2.130185,0.921922,0.712232,0.893309
2026-04-09,0.614149,0.913677,0.622459,0.928409
2026-04-10,-0.003846,0.901921,0.150029,0.989013
2026-04-13,-0.491393,0.90465,0.144149,0.973241
2026-04-14,-0.14277,0.912436,0.250913,0.968381
2026-04-15,2.936305,0.914901,0.430147,0.974435
2026-04-16,-1.137258,0.909907,0.225417,0.968856
2026-04-17,2.593002,0.901921,0.073696,0.981736
2026-04-20,1.043564,0.899121,0.156105,0.98983
2026-04-21,-2.519705,0.912436,0.142232,0.978052
2026-04-22,2.629925,0.92079,0.228157,0.965381
2026-04-23,0.095165,0.914901,0.164516,0.956634
2026-04-24,-0.866775,0.907312,0.076961,0.972415
2026-04-27,-1.272761,0.909907,0.051845,0.968856
2026-04-28,1.15841,0.917303,0.075858,0.945801
2026-04-29,-0.199498,0.921922,0.175538,0.969785
2026-04-30,0.436763,0.917303,0.07921,0.946597
2026-05-01,3.239381,0.91848,0.242206,0.992062
2026-05-04,-1.181551,0.917303,0.640636,0.958538
2026-05-05,2.655056,0.92523,0.468791,0.828939
2026-05-06,1.171768,0.930458,0.320821,0.810479
2026-05-07,-0.024321,0.923039,0.377541,0.887205
2026-05-08,2.045635,0.917303,0.317426,0.92523
2026-05-11,-0.126265,0.909907,0.256832,0.978713
2026-05-12,0.72435,0.92079,0.194368,0.96378
2026-05-13,1.380599,0.927363,0.272025,0.947381
2026-05-14,-0.220855,0.921922,0.199308,0.942507
2026-05-15,0.677389,0.912436,0.127653,0.971129
2026-05-18,-0.796076,0.90599,0.29747,0.971129
2026-05-19,0.379423,0.912436,0.184768,0.970688
2026-05-20,1.097075,0.92523,0.20947,0.969785
2026-05-21,0.906555,0.91848,0.131173,0.969785
2026-05-22,1.255779,0.912436,0.092688,0.965381
2026-05-26,-0.158676,0.930458,0.300746,0.960361
2026-05-27,0.817297,0.931462,0.20947,0.943348
2026-05-28,0.534029,0.92523,0.125923,0.936285
2026-05-29,-0.143991,0.91848,0.07056,0.975577
2026-06-01,-1.842612,0.92079,0.835484,0.993612
2026-06-02,2.902309,0.924142,0.800692,0.985936
2026-06-03,-1.567277,0.931462,0.399812,0.971564
2026-06-04,0.312653,0.919643,0.63341,0.887205
2026-06-05,-1.249864,0.914901,0.44553,0.951142
2026-06-08,-1.88716,0.912436,0.596433,0.938124
2026-06-09,-3.644647,0.919643,0.373876,0.92079
2026-06-10,0.354496,0.92079,0.647798,0.980581
2026-06-11,1.389015,0.913677,0.433981,0.965381
2026-06-12,-1.522199,0.908618,0.527316,0.983597
2026-06-15,1.817078,0.90599,0.615088,0.980281
2026-06-16,0.951329,0.914901,0.737158,0.962673
2026-06-17,-1.09943,0.91848,0.737158,0.971129
2026-06-18,0.696055,0.912436,0.70253,0.962673
2026-06-22,-0.335546,0.908618,0.47658,0.963231
2026-06-23,-0.912439,0.917303,0.629775,0.951142
2026-06-24,-0.41456,0.926304,0.640636,0.960952
2026-06-25,-6.117768,0.919643,0.300746,0.948155
2026-06-26,3.136484,0.91611,0.47658,0.981167
2026-06-29,-0.718887,0.91118,0.154058,0.983847
2026-06-30,2.704645,0.92079,0.150029,0.932453
2026-07-01,1.734837,0.928409,0.800692,0.989013
2026-07-02,4.84071,0.92523,0.66888,0.979354
2026-07-06,1.305762,0.92079,0.754915,0.943348
2026-07-07,-0.63968,0.926304,0.658418,0.914901
2026-07-08,0.878759,0.930458,0.527316,0.843895
2026-07-09,0.903041,0.92523,0.370225,0.921922
2026-07-10,-0.284604,0.913677,0.214691,0.987179
2026-07-13,0.63111,0.914901,0.217338,0.96641
2026-07-14,-0.772119,0.92079,0.33112,0.959762
2026-07-15,4.01448,0.926304,0.488283,0.945801
2026-07-16,1.758767,0.919643,0.392337,0.948155
2026-07-17,0.144036,0.91118,0.196826,0.975577
2026-07-20,-2.142375,0.912436,0.399812,0.979354
2026-07-21,0.352121,0.921922,0.324235,0.980281
2026-07-22,-0.56447,0.92944,0.464902,0.957278
2026-07-23,-1.297998,0.927363,0.334589,0.946597
2026-07-24,3.531676,0.92079,0.148047,0.955319
2026-07-27,1.168114,0.919643,0.150029,0.968856
2026-07-28,0.940884,0.926304,0.158174,0.912436
2026-07-29,-0.555731,0.92944,0.236516,0.948155
2026-07-30,-1.407493,0.926304,0.055823,0.847968
2026-07-31,-7.353876,0.914901,0.065605,0.964855
2026-08-03,-1.777227,0.914901,0.23092,0.978713
2026-08-04,1.964286,0.919643,0.47658,0.91848
2026-08-05,0.523627,0.927363,0.461017,0.932453
2026-08-06,0.453381,0.919643,0.63341,0.912436
2026-08-07,0.294482,0.91118,0.33112,0.928409
2026-08-10,-1.533252,0.908618,0.392337,0.984575
2026-08-11,-1.086745,0.917303,0.262842,0.961534
2026-08-12,-0.872389,0.923039,0.468791,0.960361
2026-08-13,0.995864,0.919643,0.33112,0.959154
2026-08-14,0.219485,0.908618,0.304042,0.980876
2026-08-17,-0.111137,0.90599,0.396068,0.977371
2026-08-18,1.452927,0.912436,0.699254,0.961534
2026-08-19,2.193336,0.914901,0.679179,0.971564
2026-08-20,-1.745416,0.91611,0.488283,0.961534
2026-08-21,-0.626405,0.903294,0.129403,0.978385
2026-08-24,0.320026,0.91118,0.131173,0.899121
2026-08-25,-0.14178,0.91848,0.345105,0.934395
2026-08-26,1.145531,0.927363,0.746139,0.964855
2026-08-27,0.360504,0.923039,0.294215,0.952574
2026-08-28,1.627567,0.91118,0.164516,0.975946
2026-08-31,-0.891461,0.90599,0.09947,0.949669
2026-09-01,2.613224,0.924142,0.91118,0.987179
2026-09-02,-0.052287,0.928409,0.7773,0.979354
2026-09-03,1.000123,0.926304,0.407333,0.967899
2026-09-04,-2.510588,0.914901,0.746139,0.936285
2026-09-08,-1.171985,0.92523,0.955319,0.909907
2026-09-09,-0.278287,0.928409,0.986777,0.930458
2026-09-10,3.561235,0.919643,0.800692,0.987179
2026-09-11,1.745414,0.875787,0.199308,0.863392
2026-09-14,0.243778,0.907312,0.795658,0.96741
2026-09-15,-0.522397,0.91611,0.622459,0.971129
2026-09-16,0.322931,0.919643,0.855851,0.957278
2026-09-17,1.380825,0.91611,0.562176,0.974435
2026-09-18,-0.25816,0.90599,0.558327,0.982014
