,market,group,months,tsmom_mean_pct,t_hac,sharpe_tsmom,sharpe_bh,rho1_monthly
sp500,S&P 500 (US),Developed,307,0.607117,2.22064,0.481752,0.524689,0.0260088
stoxx,Euro Stoxx 50,Developed,307,0.158674,0.507315,0.106509,0.155006,0.0450421
nikkei,Nikkei 225 (Japan),Developed,307,0.613749,1.85023,0.38682,0.41866,0.0875427
hsi,Hang Seng (HK),Developed,307,0.178697,0.525324,0.101365,0.191216,0.0436761
bet,BET (Romania),Emerging/frontier,307,1.40109,2.6787,0.654645,0.747493,0.18849
wig20,WIG20 (Poland),Emerging/frontier,307,0.667725,1.85861,0.359301,0.255157,0.0187711
bux,BUX (Hungary),Emerging/frontier,307,0.724538,1.78574,0.403893,0.64364,0.102941
px,PX (Czechia),Emerging/frontier,307,0.375397,0.994743,0.237741,0.454092,0.10369
xu100,BIST 100 (Turkey),Emerging/frontier,307,1.02721,1.85339,0.369734,0.745149,-0.082049
bvsp,Bovespa (Brazil),Emerging/frontier,307,0.275185,0.654198,0.141202,0.508432,0.107318
mxx,IPC (Mexico),Emerging/frontier,307,0.44411,1.407,0.315756,0.627067,0.0347801
nsei,Nifty 50 (India),Emerging/frontier,307,0.497213,1.29211,0.276868,0.6366,0.0211101
ssec,Shanghai (China),Emerging/frontier,307,0.594029,1.31843,0.297074,0.227808,0.0844167
btc,Bitcoin,Crypto,131,4.46521,1.94405,0.720137,1.07856,0.13229
eth,Ethereum,Crypto,115,6.4977,1.28108,0.571219,0.902081,0.15765
