date,ci,n,pass_B,pass_m,pass_w,pass_tc,pass_osc,pass_damping,pass_rel_err,pass_lomb,pass_ar1
2016-10-06,0.0,141,68,21,48,43,49,141,14,0,0
2016-10-11,0.0,141,67,26,46,28,44,141,14,0,0
2016-10-16,0.0,141,68,25,43,24,41,141,15,0,0
2016-10-21,0.0070921985815602835,141,75,20,46,29,44,141,16,1,1
2016-10-26,0.0,141,81,23,53,37,51,141,16,0,0
2016-10-31,0.0,141,87,26,48,39,49,138,14,0,0
2016-11-05,0.0070921985815602835,141,94,25,58,45,47,138,17,2,1
2016-11-10,0.014184397163120567,141,100,21,81,46,57,138,17,2,2
2016-11-15,0.0,141,110,35,91,50,62,140,21,0,0
2016-11-20,0.05673758865248227,141,122,39,108,55,69,141,21,8,8
2016-11-25,0.0,141,123,42,112,60,74,141,22,1,0
2016-11-30,0.0,141,120,42,112,38,71,141,23,0,0
2016-12-05,0.0,141,122,44,112,40,90,141,24,0,0
2016-12-10,0.0,141,125,33,113,68,92,141,25,0,0
2016-12-15,0.0,141,125,43,117,83,99,141,26,0,0
2016-12-20,0.0070921985815602835,141,126,43,117,79,100,141,27,1,1
2016-12-25,0.02127659574468085,141,130,48,116,81,102,141,28,3,3
2016-12-30,0.0425531914893617,141,136,37,128,77,112,141,29,6,6
2017-01-04,0.014184397163120567,141,141,40,127,78,103,141,27,2,2
2017-01-09,0.03546099290780142,141,140,42,132,79,116,141,10,6,5
2017-01-14,0.0,141,123,76,116,74,101,141,0,0,0
2017-01-19,0.0,141,118,65,114,62,100,141,0,0,0
2017-01-24,0.0,141,119,65,109,52,99,141,0,0,0
2017-01-29,0.0,141,121,59,109,49,98,141,0,0,0
2017-02-03,0.0,141,130,67,122,55,113,141,0,0,0
2017-02-08,0.0,141,131,68,121,62,114,141,0,0,0
2017-02-13,0.0,141,129,74,121,58,116,141,0,0,0
2017-02-18,0.0,141,128,81,119,58,117,141,0,0,0
2017-02-23,0.0,141,128,86,126,67,123,141,0,0,0
2017-02-28,0.0,141,129,82,120,74,116,141,1,0,0
2017-03-05,0.014184397163120567,141,131,93,121,79,117,141,2,2,2
2017-03-10,0.0,141,129,101,119,76,119,141,3,0,0
2017-03-15,0.0,141,128,103,117,66,116,141,4,0,0
2017-03-20,0.0,141,120,91,120,71,110,141,5,0,0
2017-03-25,0.0,141,93,79,93,54,92,141,0,0,0
2017-03-30,0.0,141,91,65,89,64,90,141,1,0,0
2017-04-04,0.0,141,96,73,89,48,89,141,6,0,0
2017-04-09,0.0,141,101,75,87,38,88,141,6,0,0
2017-04-14,0.0,141,129,66,102,45,86,141,1,0,0
2017-04-19,0.0,141,129,65,117,33,86,141,1,0,0
2017-04-24,0.0,141,128,70,123,35,86,140,2,0,0
2017-04-29,0.0,141,129,78,128,43,94,141,3,0,0
2017-05-04,0.0,141,133,70,132,58,98,141,2,0,0
2017-05-09,0.0070921985815602835,141,139,78,136,68,105,141,1,1,1
2017-05-14,0.0,141,141,75,139,88,128,141,3,0,0
2017-05-19,0.0070921985815602835,141,139,76,138,96,129,141,6,1,1
2017-05-24,0.0070921985815602835,141,141,52,135,98,126,141,4,1,1
2017-05-29,0.028368794326241134,141,137,58,130,106,123,141,8,4,4
2017-06-03,0.02127659574468085,141,137,50,122,120,121,141,9,3,3
2017-06-08,0.028368794326241134,141,137,37,118,132,123,141,7,4,4
2017-06-13,0.02127659574468085,141,136,44,108,124,122,141,10,3,3
2017-06-18,0.0,141,126,23,100,126,121,141,11,0,0
2017-06-23,0.0,141,134,17,112,128,116,141,15,0,0
2017-06-28,0.0,141,126,16,107,111,117,141,11,0,0
2017-07-03,0.0,141,126,14,109,102,111,141,11,0,0
2017-07-08,0.0,141,127,28,104,103,114,141,13,0,0
2017-07-13,0.0,141,127,32,108,91,113,141,12,0,0
2017-07-18,0.0,141,125,37,106,67,108,141,6,0,0
2017-07-23,0.0,141,128,40,104,72,112,141,0,0,0
2017-07-28,0.0,141,129,39,100,69,107,141,0,0,0
2017-08-02,0.0,141,130,31,107,67,105,141,0,0,0
2017-08-07,0.0,141,131,42,112,66,102,141,0,0,0
2017-08-12,0.0,141,136,43,127,60,99,141,0,0,0
2017-08-17,0.0,141,141,46,136,72,106,141,0,0,0
2017-08-22,0.0,141,137,59,134,76,116,141,0,0,0
2017-08-27,0.0,141,135,56,134,84,117,141,0,0,0
2017-09-01,0.0,141,134,52,134,91,117,141,0,0,0
2017-09-06,0.0,141,131,54,131,95,116,141,1,0,0
2017-09-11,0.0,141,128,53,128,90,113,141,2,0,0
2017-09-16,0.0,141,127,39,126,82,103,141,0,0,0
2017-09-21,0.0,141,130,52,118,78,87,141,0,0,0
2017-09-26,0.0,141,130,32,111,78,80,141,0,0,0
2017-10-01,0.0,141,127,43,103,82,87,141,0,0,0
2017-10-06,0.0,141,128,38,100,86,88,141,0,0,0
2017-10-11,0.0,141,129,55,110,80,89,141,0,0,0
2017-10-16,0.0,141,135,75,119,90,100,141,0,0,0
2017-10-21,0.0,141,134,80,132,104,115,141,0,0,0
2017-10-26,0.0,141,134,83,132,110,120,141,0,0,0
2017-10-31,0.0,141,133,83,132,108,124,141,0,0,0
2017-11-05,0.0,141,137,91,136,108,129,141,1,0,0
2017-11-10,0.0,141,136,96,136,95,130,141,2,1,0
2017-11-15,0.0,141,133,73,133,109,131,141,3,0,0
2017-11-20,0.0,141,136,82,136,98,132,141,1,1,0
2017-11-25,0.0,141,136,77,135,107,135,141,0,0,0
2017-11-30,0.0,141,137,89,134,106,134,141,0,0,0
2017-12-05,0.0,141,140,84,134,105,133,141,0,0,0
2017-12-10,0.0,141,141,75,125,122,124,141,0,0,0
2017-12-15,0.0,141,141,48,129,124,127,141,0,0,0
2017-12-20,0.0,141,140,34,129,120,127,141,0,0,0
2017-12-25,0.0,141,133,93,129,105,124,141,0,0,0
2017-12-30,0.0,141,129,98,124,117,127,141,0,0,0
2018-01-04,0.0,141,129,78,128,93,128,141,0,0,0
2018-01-09,0.0,141,127,88,124,87,124,141,0,0,0
2018-01-14,0.0,141,124,72,120,68,120,141,0,0,0
2018-01-19,0.0,141,122,92,116,62,118,141,0,0,0
2018-01-24,0.0,141,117,95,111,55,112,141,0,0,0
2018-01-29,0.0,141,111,96,90,47,105,141,0,0,0
2018-02-03,0.0,141,104,73,100,17,69,141,0,0,0
2018-02-08,0.0,141,94,76,76,38,74,141,0,0,0
2018-02-13,0.0,141,65,73,34,50,50,141,0,0,0
2018-02-18,0.0,141,57,78,20,55,34,141,0,0,0
2018-02-23,0.0,141,52,79,12,45,30,141,0,0,0
2018-02-28,0.0,141,45,82,14,38,20,141,0,0,0
2018-03-05,0.0,141,45,81,12,34,18,141,0,0,0
2018-03-10,0.0,141,42,82,12,32,18,141,0,0,0
2018-03-15,0.0,141,37,75,13,43,20,141,0,0,0
2018-03-20,0.0,141,35,79,20,54,14,141,0,0,0
2018-03-25,0.0,141,35,75,24,74,14,140,0,0,0
2018-03-30,0.0,141,31,78,23,65,11,141,1,0,0
2018-04-04,0.0,141,29,81,19,39,13,141,2,0,0
2018-04-09,0.0,141,27,91,16,13,11,141,3,0,0
2018-04-14,0.0,141,28,89,11,26,10,141,4,0,0
2018-04-19,0.0,141,32,88,13,25,14,141,5,0,0
2018-04-24,0.0,141,41,66,14,25,14,141,5,0,0
2018-04-29,0.0,141,44,63,14,17,10,140,2,0,0
2018-05-04,0.0,141,45,64,10,23,11,141,4,0,0
2018-05-09,0.0,141,44,61,9,22,9,140,5,0,0
2018-05-14,0.0,141,43,56,10,17,10,141,6,0,0
2018-05-19,0.0,141,40,55,4,24,4,140,6,0,0
2018-05-24,0.0,141,39,56,3,31,11,141,6,0,0
2018-05-29,0.0,141,40,53,5,29,9,141,7,0,0
2018-06-03,0.0,141,47,41,10,31,10,141,4,0,0
2018-06-08,0.0,141,55,37,19,22,17,141,5,0,0
2018-06-13,0.0,141,55,29,25,18,21,140,6,0,0
2018-06-18,0.0,141,55,29,38,15,22,141,7,0,0
2018-06-23,0.0,141,56,29,46,15,25,141,8,0,0
2018-06-28,0.0,141,55,24,49,20,31,141,9,0,0
2018-07-03,0.0,141,58,21,46,18,29,140,10,0,0
2018-07-08,0.0,141,65,27,43,24,29,141,11,0,0
2018-07-13,0.0,141,63,32,43,29,31,141,12,0,0
2018-07-18,0.0,141,70,25,42,37,39,141,11,0,0
2018-07-23,0.0,141,73,28,37,35,39,141,13,0,0
2018-07-28,0.0,141,87,38,19,37,21,141,12,0,0
2018-08-02,0.0,141,84,45,11,43,16,139,4,0,0
2018-08-07,0.0,141,81,52,13,45,13,141,11,0,0
2018-08-12,0.0,141,73,51,14,41,20,141,12,0,0
2018-08-17,0.0,141,69,47,17,40,17,140,10,0,0
2018-08-22,0.0,141,71,39,22,37,19,140,7,0,0
2018-08-27,0.0,141,77,40,24,34,18,141,5,0,0
2018-09-01,0.0,141,84,40,16,29,12,141,6,0,0
2018-09-06,0.0,141,88,38,16,29,13,141,2,0,0
2018-09-11,0.0,141,81,45,18,35,22,141,7,0,0
2018-09-16,0.0,141,82,36,22,33,15,140,7,0,0
2018-09-21,0.0,141,80,37,30,28,15,140,8,0,0
2018-09-26,0.0,141,85,36,27,29,15,141,5,0,0
2018-10-01,0.0,141,88,39,24,30,14,141,6,0,0
2018-10-06,0.0,141,91,38,23,31,13,141,7,0,0
2018-10-11,0.0,141,90,40,23,30,16,141,8,0,0
2018-10-16,0.0,141,90,41,28,27,16,141,9,0,0
2018-10-21,0.0,141,91,42,27,20,19,141,10,0,0
2018-10-26,0.0,141,94,42,27,23,19,141,11,0,0
2018-10-31,0.0,141,91,44,33,25,19,141,12,0,0
2018-11-05,0.0,141,92,42,34,27,20,141,13,0,0
2018-11-10,0.0,141,93,44,30,28,16,141,14,0,0
2018-11-15,0.0,141,82,62,23,50,34,141,15,0,0
2018-11-20,0.0,141,75,85,11,73,52,141,16,0,0
2018-11-25,0.0,141,72,83,12,77,65,141,17,0,0
2018-11-30,0.0,141,70,68,18,79,59,141,15,0,0
2018-12-05,0.0,141,71,48,32,69,53,141,2,0,0
2018-12-10,0.0,141,71,43,41,66,54,141,0,0,0
2018-12-15,0.0,141,70,40,48,59,56,141,2,0,0
2018-12-20,0.0,141,77,53,32,58,57,141,0,0,0
2018-12-25,0.0,141,81,36,49,38,36,141,0,0,0
2018-12-30,0.0,141,81,43,57,49,42,141,2,0,0
2019-01-04,0.0,141,80,55,58,54,50,141,3,0,0
2019-01-09,0.0,141,86,60,50,54,44,141,4,0,0
2019-01-14,0.0,141,84,64,49,54,45,141,5,0,0
2019-01-19,0.0,141,84,70,47,53,43,141,6,0,0
2019-01-24,0.0,141,83,60,46,51,45,140,6,0,0
2019-01-29,0.0,141,84,62,46,50,45,141,8,0,0
2019-02-03,0.0,141,84,56,50,41,45,141,8,0,0
2019-02-08,0.0,141,85,59,48,43,43,141,5,0,0
2019-02-13,0.0,141,88,53,45,42,42,141,5,0,0
2019-02-18,0.0,141,88,47,44,29,43,141,6,0,0
2019-02-23,0.0,141,90,49,43,29,44,140,6,0,0
2019-02-28,0.0,141,87,50,43,32,44,140,7,0,0
2019-03-05,0.0,141,84,47,42,28,42,140,7,0,0
2019-03-10,0.0,141,82,40,43,25,43,141,9,0,0
2019-03-15,0.0,141,81,36,44,20,42,141,10,0,0
2019-03-20,0.0,141,82,33,47,18,42,140,11,0,0
2019-03-25,0.0,141,81,27,44,13,44,140,13,0,0
2019-03-30,0.0,141,82,31,43,12,39,139,13,0,0
2019-04-04,0.0070921985815602835,141,98,38,34,25,45,141,14,1,1
2019-04-09,0.0,141,106,47,26,35,40,140,16,0,0
2019-04-14,0.014184397163120567,141,115,48,27,45,39,141,16,2,2
2019-04-19,0.03546099290780142,141,114,53,26,48,31,140,17,5,5
2019-04-24,0.02127659574468085,141,116,49,26,43,29,140,17,3,3
2019-04-29,0.014184397163120567,141,116,55,21,34,23,141,18,2,2
2019-05-04,0.0070921985815602835,141,119,57,14,35,17,140,21,1,1
2019-05-09,0.0070921985815602835,141,123,59,22,42,23,141,22,4,1
2019-05-14,0.02127659574468085,141,128,48,25,49,27,140,20,3,3
2019-05-19,0.06382978723404255,141,129,49,24,52,24,138,23,9,9
2019-05-24,0.03546099290780142,141,131,48,25,46,26,135,24,5,5
2019-05-29,0.028368794326241134,141,130,40,27,50,32,133,26,4,4
2019-06-03,0.0,141,132,32,31,36,32,137,23,0,0
2019-06-08,0.0,141,122,36,18,39,23,138,28,0,0
2019-06-13,0.0,141,113,43,15,35,17,139,28,0,0
2019-06-18,0.0,141,124,32,28,43,22,138,27,0,0
2019-06-23,0.09219858156028368,141,127,49,38,40,32,138,28,14,13
2019-06-28,0.16312056737588654,141,132,53,41,50,43,141,32,23,23
2019-07-03,0.12056737588652482,141,131,48,42,47,47,141,19,17,17
2019-07-08,0.0,141,125,51,38,37,41,141,0,0,0
2019-07-13,0.0,141,120,42,37,35,37,141,0,0,0
2019-07-18,0.0,141,104,41,25,23,26,141,0,0,0
2019-07-23,0.0,141,91,49,12,25,11,141,0,0,0
2019-07-28,0.0,141,85,49,7,37,10,141,0,0,0
2019-08-02,0.0,141,87,44,11,31,14,141,1,0,0
2019-08-07,0.0,141,98,40,11,29,18,141,3,0,0
2019-08-12,0.0,141,106,40,16,37,18,141,1,0,0
2019-08-17,0.0,141,92,39,9,19,14,141,2,0,0
2019-08-22,0.0,141,89,38,9,20,14,141,3,0,0
2019-08-27,0.0,141,87,38,14,30,20,141,4,0,0
2019-09-01,0.0,141,83,34,21,30,23,141,5,0,0
2019-09-06,0.0,141,84,33,22,33,19,140,6,0,0
2019-09-11,0.0,141,84,42,16,34,17,141,7,0,0
2019-09-16,0.0,141,82,44,13,28,17,140,8,0,0
2019-09-21,0.0,141,72,40,9,33,16,133,9,0,0
2019-09-26,0.0,141,54,46,5,34,21,127,9,0,0
2019-10-01,0.0,141,44,44,11,39,27,122,11,0,0
2019-10-06,0.0,141,38,42,18,35,26,119,12,0,0
2019-10-11,0.0,141,42,49,12,37,24,124,12,0,0
2019-10-16,0.0,141,40,57,15,41,18,125,14,0,0
2019-10-21,0.0,141,42,62,14,48,15,126,15,0,0
2019-10-26,0.0,141,41,72,14,66,16,139,14,0,0
2019-10-31,0.0,141,45,78,11,76,12,139,16,0,0
2019-11-05,0.0,141,47,77,5,63,5,136,14,0,0
2019-11-10,0.0,141,45,80,6,59,6,137,14,0,0
2019-11-15,0.0,141,44,80,7,51,7,140,14,0,0
2019-11-20,0.0,141,39,76,5,55,7,139,12,0,0
2019-11-25,0.0,141,31,74,13,55,6,141,9,0,0
2019-11-30,0.0,141,32,70,19,49,11,140,7,0,0
2019-12-05,0.0,141,34,72,24,48,16,141,7,0,0
2019-12-10,0.0,141,38,72,24,50,19,141,8,0,0
2019-12-15,0.0,141,39,66,23,45,19,141,10,0,0
2019-12-20,0.0,141,40,66,25,42,22,141,10,0,0
2019-12-25,0.0,141,41,66,23,38,25,141,9,0,0
2019-12-30,0.0,141,41,61,24,40,25,141,10,0,0
2020-01-04,0.0,141,42,58,24,40,24,141,10,0,0
2020-01-09,0.0,141,45,52,23,40,24,140,5,0,0
2020-01-14,0.0,141,65,59,6,40,8,140,6,0,0
2020-01-19,0.0,141,68,62,6,40,9,139,5,0,0
2020-01-24,0.0,141,67,62,5,39,6,140,13,0,0
2020-01-29,0.0,141,67,63,3,29,4,141,20,0,0
2020-02-03,0.0,141,69,61,4,17,4,140,24,0,0
2020-02-08,0.0,141,71,61,3,16,4,141,27,0,0
2020-02-13,0.0070921985815602835,141,74,51,4,20,5,141,28,1,1
2020-02-18,0.0,141,74,41,6,18,6,141,33,0,0
2020-02-23,0.0,141,67,39,1,18,5,138,18,0,0
2020-02-28,0.0,141,58,41,1,32,6,134,16,0,0
2020-03-04,0.0,141,53,42,0,27,3,140,17,0,0
2020-03-09,0.0,141,53,42,0,30,4,138,14,0,0
2020-03-14,0.0,141,42,60,1,53,2,141,0,0,0
2020-03-19,0.0,141,37,53,3,42,33,141,0,0,0
2020-03-24,0.0,141,41,48,4,37,24,141,0,0,0
2020-03-29,0.0,141,46,49,5,26,5,141,0,0,0
2020-04-03,0.0,141,49,39,4,21,5,141,0,0,0
2020-04-08,0.0,141,54,37,14,12,7,141,0,0,0
2020-04-13,0.0,141,54,33,26,13,6,141,0,0,0
2020-04-18,0.0,141,55,29,36,12,7,141,0,0,0
2020-04-23,0.0,141,54,28,36,13,9,141,0,0,0
2020-04-28,0.0,141,59,27,34,18,12,141,0,0,0
2020-05-03,0.0,141,70,34,26,27,11,141,1,0,0
2020-05-08,0.0070921985815602835,141,76,27,17,27,18,141,2,1,1
2020-05-13,0.0,141,78,34,7,27,9,141,3,0,0
2020-05-18,0.0,141,81,40,18,34,21,140,4,0,0
2020-05-23,0.0,141,84,39,17,36,19,140,5,0,0
2020-05-28,0.0,141,83,39,12,32,14,139,6,0,0
2020-06-02,0.0,141,94,43,4,35,8,140,7,0,0
2020-06-07,0.0,141,100,41,9,33,10,139,8,0,0
2020-06-12,0.0,141,98,42,4,31,8,138,9,0,0
2020-06-17,0.0,141,99,38,5,30,10,140,7,0,0
2020-06-22,0.0,141,91,37,19,32,18,140,9,0,0
2020-06-27,0.0,141,88,36,22,36,25,137,7,0,0
2020-07-02,0.0,141,89,32,18,29,20,136,9,0,0
2020-07-07,0.0,141,91,44,21,26,20,138,11,0,0
2020-07-12,0.0,141,92,43,12,34,14,133,15,0,0
2020-07-17,0.0,141,91,44,12,26,16,134,16,0,0
2020-07-22,0.0,141,92,49,21,42,20,139,17,0,0
2020-07-27,0.0,141,95,52,18,41,19,139,18,0,0
2020-08-01,0.0,141,102,41,11,41,23,130,19,0,0
2020-08-06,0.0,141,111,43,24,30,20,133,20,0,0
2020-08-11,0.0,141,109,35,31,30,16,128,21,0,0
2020-08-16,0.0,141,111,35,35,25,17,131,21,0,0
2020-08-21,0.0,141,113,35,43,33,19,131,20,0,0
2020-08-26,0.0,141,111,39,39,33,26,135,19,0,0
2020-08-31,0.0,141,109,44,45,39,28,135,24,0,0
2020-09-05,0.0,141,108,45,51,54,45,136,15,0,0
2020-09-10,0.0,141,98,43,46,40,35,134,16,0,0
2020-09-15,0.0,141,86,53,38,25,21,135,18,0,0
2020-09-20,0.0,141,83,62,30,20,15,141,19,0,0
2020-09-25,0.0,141,71,61,25,18,1,137,20,0,0
2020-09-30,0.0,141,76,54,29,32,4,140,21,0,0
2020-10-05,0.0,141,74,55,40,32,6,141,22,0,0
2020-10-10,0.0,141,72,53,40,29,5,138,23,0,0
2020-10-15,0.0,141,76,57,36,33,7,140,25,0,0
2020-10-20,0.0,141,81,62,34,27,12,139,24,0,0
2020-10-25,0.0,141,90,64,39,30,15,141,28,0,0
2020-10-30,0.0,141,94,44,48,28,17,141,29,0,0
2020-11-04,0.014184397163120567,141,97,28,67,33,24,139,30,2,2
2020-11-09,0.014184397163120567,141,109,15,76,51,43,141,31,3,2
2020-11-14,0.0070921985815602835,141,119,7,89,58,54,141,32,1,1
2020-11-19,0.014184397163120567,141,136,19,91,74,67,141,32,2,2
2020-11-24,0.0070921985815602835,141,140,15,102,72,68,141,32,1,1
2020-11-29,0.0,141,130,27,97,71,64,141,30,0,0
2020-12-04,0.0070921985815602835,141,133,38,100,74,64,141,33,1,1
2020-12-09,0.04964539007092199,141,131,44,109,77,71,141,34,7,7
2020-12-14,0.03546099290780142,141,130,42,100,80,71,141,36,5,5
2020-12-19,0.06382978723404255,141,134,50,90,83,68,141,34,10,9
2020-12-24,0.15602836879432624,141,135,60,93,91,62,141,34,22,22
2020-12-29,0.1773049645390071,141,137,69,91,90,62,141,35,25,25
2021-01-03,0.07801418439716312,141,141,69,89,87,57,141,38,11,11
2021-01-08,0.014184397163120567,141,141,59,81,95,47,141,30,2,2
2021-01-13,0.0,141,141,50,72,92,46,141,25,0,0
2021-01-18,0.0,141,139,72,71,67,59,141,21,0,0
2021-01-23,0.0,141,132,66,61,82,76,141,5,0,0
2021-01-28,0.0,141,126,68,65,81,83,141,0,0,0
2021-02-02,0.0,141,123,50,65,87,91,141,1,0,0
2021-02-07,0.0,141,131,50,68,92,97,141,1,0,0
2021-02-12,0.0,141,141,79,86,96,92,141,2,0,0
2021-02-17,0.0,141,141,91,93,100,97,141,0,0,0
2021-02-22,0.0,141,141,92,94,97,91,141,0,0,0
2021-02-27,0.0,141,133,52,82,88,102,141,1,0,0
2021-03-04,0.0,141,131,49,82,75,90,141,2,0,0
2021-03-09,0.0,141,127,41,82,71,80,141,0,0,0
2021-03-14,0.0,141,131,38,88,80,84,141,1,0,0
2021-03-19,0.0,141,131,28,94,78,83,141,2,0,0
2021-03-24,0.0,141,128,13,92,51,55,141,0,0,0
2021-03-29,0.0,141,125,10,87,45,55,141,0,0,0
2021-04-03,0.0,141,129,13,92,45,52,141,1,0,0
2021-04-08,0.0,141,130,13,102,59,68,141,2,0,0
2021-04-13,0.0,141,134,30,106,60,78,141,3,1,0
2021-04-18,0.0,141,135,29,106,63,80,141,4,2,0
2021-04-23,0.0,141,124,19,97,65,75,141,4,0,0
2021-04-28,0.0,141,113,23,91,61,85,141,3,0,0
2021-05-03,0.0,141,121,28,92,69,87,141,7,0,0
2021-05-08,0.0,141,120,31,83,76,94,140,6,0,0
2021-05-13,0.0,141,117,30,79,62,96,141,7,0,0
2021-05-18,0.0,141,93,45,72,70,91,138,1,0,0
2021-05-23,0.0,141,62,66,56,59,70,139,2,0,0
2021-05-28,0.0,141,46,62,44,43,50,139,0,0,0
2021-06-02,0.0,141,30,69,35,43,39,135,0,0,0
2021-06-07,0.0,141,24,72,25,51,33,134,0,0,0
2021-06-12,0.0,141,27,87,11,48,18,133,0,0,0
2021-06-17,0.0,141,38,86,9,72,16,135,0,0,0
2021-06-22,0.0,141,33,89,3,66,12,134,1,0,0
2021-06-27,0.0,141,37,85,6,68,11,138,1,0,0
2021-07-02,0.0,141,41,85,7,65,11,140,3,0,0
2021-07-07,0.0,141,43,83,8,55,12,141,2,0,0
2021-07-12,0.0,141,43,85,9,52,11,141,3,0,0
2021-07-17,0.0,141,42,78,13,40,13,141,4,0,0
2021-07-22,0.0,141,41,78,14,35,13,141,4,0,0
2021-07-27,0.0,141,50,80,3,40,9,141,5,0,0
2021-08-01,0.0,141,55,70,3,43,12,140,6,0,0
2021-08-06,0.0,141,57,62,5,26,8,139,5,0,0
2021-08-11,0.0,141,59,62,5,23,8,139,5,0,0
2021-08-16,0.0,141,57,64,2,20,6,138,3,0,0
2021-08-21,0.0,141,55,61,4,22,7,138,3,0,0
2021-08-26,0.0,141,55,60,5,25,7,139,3,0,0
2021-08-31,0.0,141,54,56,2,26,2,139,4,0,0
2021-09-05,0.0,141,57,51,2,27,1,139,2,0,0
2021-09-10,0.0,141,59,46,2,28,4,140,2,0,0
2021-09-15,0.0,141,60,44,2,29,4,141,3,0,0
2021-09-20,0.0,141,60,45,3,28,3,141,5,0,0
2021-09-25,0.0,141,59,40,2,26,5,141,4,0,0
2021-09-30,0.0,141,62,40,1,25,2,141,7,0,0
2021-10-05,0.0,141,65,40,2,33,8,141,8,0,0
2021-10-10,0.0,141,71,46,2,29,3,141,9,0,0
2021-10-15,0.0,141,80,43,13,27,3,141,10,0,0
2021-10-20,0.0,141,87,42,19,35,10,140,9,0,0
2021-10-25,0.0,141,92,52,21,40,9,138,6,0,0
2021-10-30,0.0,141,89,58,20,43,9,138,4,0,0
2021-11-04,0.0,141,89,56,23,43,10,138,5,0,0
2021-11-09,0.0,141,89,50,34,38,14,138,5,0,0
2021-11-14,0.0,141,90,47,40,30,16,138,3,0,0
2021-11-19,0.0,141,90,38,52,23,16,138,2,0,0
2021-11-24,0.0,141,88,32,53,21,15,138,2,0,0
2021-11-29,0.0,141,84,35,62,18,10,141,5,0,0
2021-12-04,0.0,141,78,31,63,18,5,140,6,0,0
2021-12-09,0.0,141,73,32,57,22,6,141,5,0,0
2021-12-14,0.0,141,74,32,57,26,4,141,7,0,0
2021-12-19,0.0,141,76,45,33,19,2,140,9,0,0
2021-12-24,0.0,141,76,43,27,28,0,139,10,0,0
2021-12-29,0.0,141,78,47,23,24,3,139,11,0,0
2022-01-03,0.0,141,78,45,23,28,4,139,12,0,0
2022-01-08,0.0,141,70,46,27,24,4,137,13,0,0
2022-01-13,0.0,141,70,38,34,29,20,139,14,0,0
2022-01-18,0.0,141,74,36,37,23,28,139,15,0,0
2022-01-23,0.0,141,69,39,36,26,31,138,12,0,0
2022-01-28,0.0,141,67,36,33,24,32,137,16,0,0
2022-02-02,0.0,141,70,35,29,23,37,137,17,0,0
2022-02-07,0.0,141,77,33,26,28,30,136,14,0,0
2022-02-12,0.0,141,97,42,15,31,19,141,19,0,0
2022-02-17,0.0,141,98,38,16,31,21,141,15,0,0
2022-02-22,0.0,141,89,44,17,36,25,141,6,0,0
2022-02-27,0.0,141,87,46,17,33,21,141,6,0,0
2022-03-04,0.0,141,90,35,23,31,27,141,6,0,0
2022-03-09,0.0,141,91,45,16,25,20,141,7,0,0
2022-03-14,0.0,141,92,43,18,29,21,141,8,0,0
2022-03-19,0.0,141,96,44,19,19,23,141,6,0,0
2022-03-24,0.0,141,97,41,19,24,23,140,5,0,0
2022-03-29,0.0,141,100,38,20,31,25,137,6,0,0
2022-04-03,0.0,141,99,39,22,28,26,139,8,0,0
2022-04-08,0.0,141,96,43,18,30,19,139,8,0,0
2022-04-13,0.0,141,89,47,10,38,12,139,8,0,0
2022-04-18,0.0,141,86,44,4,36,8,139,9,0,0
2022-04-23,0.0,141,86,48,2,31,3,140,10,0,0
2022-04-28,0.0,141,85,44,1,23,2,137,11,0,0
2022-05-03,0.0,141,83,43,0,18,0,136,12,0,0
2022-05-08,0.0,141,82,39,0,16,1,136,14,0,0
2022-05-13,0.0,141,72,42,8,22,9,137,15,0,0
2022-05-18,0.0,141,69,34,26,27,16,139,14,0,0
2022-05-23,0.0,141,71,30,39,19,18,138,14,0,0
2022-05-28,0.0,141,69,24,45,20,18,139,10,0,0
2022-06-02,0.0,141,74,29,46,19,17,137,12,0,0
2022-06-07,0.0,141,77,27,45,21,18,136,14,0,0
2022-06-12,0.0,141,72,34,47,26,19,137,9,0,0
2022-06-17,0.0,141,53,27,57,36,27,136,8,0,0
2022-06-22,0.0,141,41,25,66,42,35,137,8,0,0
2022-06-27,0.0,141,38,29,71,46,42,139,2,0,0
2022-07-02,0.0,141,32,34,69,51,50,137,0,0,0
2022-07-07,0.0,141,37,39,66,55,58,136,0,0,0
2022-07-12,0.0,141,40,42,65,54,56,136,0,0,0
2022-07-17,0.0,141,42,40,62,62,61,137,0,0,0
2022-07-22,0.0,141,56,41,51,68,45,135,0,0,0
2022-07-27,0.0,141,59,38,47,55,43,134,0,0,0
2022-08-01,0.0,141,66,28,43,54,40,136,1,0,0
2022-08-06,0.0,141,67,27,41,50,45,138,2,0,0
2022-08-11,0.0,141,73,31,34,52,46,139,3,0,0
2022-08-16,0.0070921985815602835,141,73,35,38,51,49,140,3,1,1
2022-08-21,0.0,141,70,43,32,54,41,139,4,0,0
2022-08-26,0.0,141,67,44,36,52,40,140,5,0,0
2022-08-31,0.0,141,62,41,40,56,41,140,5,0,0
2022-09-05,0.0,141,63,37,39,49,45,139,4,0,0
2022-09-10,0.0,141,66,41,43,42,40,139,7,0,0
2022-09-15,0.0,141,69,32,48,35,38,141,9,0,0
2022-09-20,0.0,141,69,24,51,30,36,141,10,0,0
2022-09-25,0.0,141,64,21,57,23,38,141,11,0,0
2022-09-30,0.0,141,66,24,57,24,38,141,12,0,0
2022-10-05,0.0,141,71,23,49,23,33,141,13,0,0
2022-10-10,0.0,141,68,26,46,32,36,141,14,0,0
2022-10-15,0.0,141,68,18,40,38,37,141,15,0,0
2022-10-20,0.0,141,69,21,44,38,39,141,16,0,0
2022-10-25,0.0,141,72,18,34,40,40,140,16,0,0
2022-10-30,0.0,141,77,26,23,47,41,141,18,0,0
2022-11-04,0.0,141,79,24,21,45,37,140,18,0,0
2022-11-09,0.0,141,71,38,27,56,33,141,8,0,0
2022-11-14,0.0,141,61,41,36,57,56,141,0,0,0
2022-11-19,0.0,141,57,40,41,43,45,141,3,0,0
2022-11-24,0.0,141,43,31,61,52,49,141,5,0,0
2022-11-29,0.0,141,42,38,70,53,56,141,0,0,0
2022-12-04,0.0,141,47,41,71,53,57,141,6,0,0
2022-12-09,0.0,141,55,50,69,56,55,141,6,0,0
2022-12-14,0.0,141,58,46,65,56,64,140,6,0,0
2022-12-19,0.0,141,58,48,63,52,63,141,9,0,0
2022-12-24,0.0,141,60,51,63,50,64,141,8,0,0
2022-12-29,0.0,141,59,47,64,51,63,141,13,0,0
2023-01-03,0.0,141,64,41,61,33,60,141,15,0,0
2023-01-08,0.0,141,65,42,61,34,58,141,16,0,0
2023-01-13,0.0,141,75,42,50,37,49,139,17,0,0
2023-01-18,0.0,141,102,44,22,35,17,140,14,0,0
2023-01-23,0.0,141,120,46,11,44,22,140,17,0,0
2023-01-28,0.0,141,123,36,13,52,33,141,18,0,0
2023-02-02,0.0,141,122,43,11,50,29,141,21,0,0
2023-02-07,0.0,141,117,45,7,50,26,141,17,1,0
2023-02-12,0.0,141,112,41,4,41,18,141,12,0,0
2023-02-17,0.0,141,112,43,4,36,17,141,14,0,0
2023-02-22,0.0,141,112,39,5,32,19,141,18,0,0
2023-02-27,0.0,141,107,41,5,23,20,140,15,0,0
2023-03-04,0.0,141,100,39,4,23,22,137,16,0,0
2023-03-09,0.0,141,91,33,8,24,22,134,15,0,0
2023-03-14,0.0,141,87,38,5,25,16,136,7,0,0
2023-03-19,0.0,141,97,41,5,27,28,135,13,0,0
2023-03-24,0.0,141,104,31,14,17,26,134,10,0,0
2023-03-29,0.0,141,106,28,27,22,28,130,1,0,0
2023-04-03,0.0,141,103,29,24,27,34,129,0,0,0
2023-04-08,0.0,141,96,31,20,22,30,129,1,0,0
2023-04-13,0.0,141,96,29,21,19,30,126,0,0,0
2023-04-18,0.0,141,96,25,23,22,35,128,0,0,0
2023-04-23,0.0,141,89,28,21,17,31,128,1,0,0
2023-04-28,0.0,141,87,23,22,25,34,133,2,0,0
2023-05-03,0.0,141,86,30,22,36,33,136,3,0,0
2023-05-08,0.0,141,85,30,24,36,34,138,4,0,0
2023-05-13,0.0,141,70,39,9,34,23,140,4,0,0
2023-05-18,0.0,141,66,43,7,31,12,140,5,0,0
2023-05-23,0.0,141,61,49,6,35,12,140,7,0,0
2023-05-28,0.0,141,60,52,8,44,17,140,8,0,0
2023-06-02,0.0,141,53,47,17,42,26,140,9,0,0
2023-06-07,0.0,141,48,39,21,40,29,140,10,0,0
2023-06-12,0.0,141,46,45,25,45,29,140,10,0,0
2023-06-17,0.0,141,47,53,25,54,34,141,11,0,0
2023-06-22,0.0,141,57,64,18,59,26,141,12,0,0
2023-06-27,0.0,141,60,63,16,53,38,141,14,0,0
2023-07-02,0.0,141,61,62,17,41,23,141,13,0,0
2023-07-07,0.0,141,57,65,18,36,20,141,14,0,0
2023-07-12,0.0,141,53,59,21,32,20,140,14,0,0
2023-07-17,0.0,141,50,58,37,22,18,141,16,1,0
2023-07-22,0.0,141,47,45,44,21,18,141,17,1,0
2023-07-27,0.0,141,45,44,42,23,17,141,18,2,0
2023-08-01,0.0,141,43,41,33,21,13,141,19,0,0
2023-08-06,0.0,141,42,44,24,24,11,141,20,0,0
2023-08-11,0.0,141,41,41,21,26,10,141,20,0,0
2023-08-16,0.0,141,42,45,15,29,8,141,21,0,0
2023-08-21,0.0,141,34,45,14,38,14,141,22,0,0
2023-08-26,0.0,141,31,49,19,42,22,140,22,0,0
2023-08-31,0.0,141,26,51,18,41,23,135,22,0,0
2023-09-05,0.0,141,26,51,14,44,23,135,24,0,0
2023-09-10,0.0,141,31,54,16,39,24,138,25,0,0
2023-09-15,0.0,141,37,54,14,34,22,140,26,0,0
2023-09-20,0.0,141,42,55,4,36,13,139,29,0,0
2023-09-25,0.0,141,42,46,2,33,8,140,30,0,0
2023-09-30,0.0,141,43,48,4,35,7,139,30,0,0
2023-10-05,0.0,141,47,52,3,44,2,140,31,0,0
2023-10-10,0.0,141,49,58,0,44,3,139,31,0,0
2023-10-15,0.0,141,47,56,4,45,6,139,32,0,0
2023-10-20,0.0070921985815602835,141,56,52,4,45,7,141,35,1,1
2023-10-25,0.0,141,68,67,0,58,22,141,35,0,0
2023-10-30,0.0,141,73,69,3,58,42,141,37,0,0
2023-11-04,0.014184397163120567,141,77,71,8,59,42,141,38,3,2
2023-11-09,0.02127659574468085,141,79,68,7,60,30,141,38,3,3
2023-11-14,0.0,141,77,65,15,34,19,141,31,2,0
2023-11-19,0.0070921985815602835,141,76,66,21,23,11,141,38,1,1
2023-11-24,0.0,141,78,65,36,18,10,141,37,0,0
2023-11-29,0.0,141,77,56,49,12,8,141,39,0,0
2023-12-04,0.0,141,87,42,67,25,24,141,40,0,0
2023-12-09,0.0425531914893617,141,92,40,78,30,33,141,39,6,6
2023-12-14,0.02127659574468085,141,91,29,75,35,40,141,41,3,3
2023-12-19,0.0,141,91,25,75,42,45,141,44,0,0
2023-12-24,0.0070921985815602835,141,91,22,72,43,49,141,45,1,1
2023-12-29,0.0,141,86,23,71,43,43,141,41,0,0
2024-01-03,0.0,141,86,22,71,36,37,141,44,0,0
2024-01-08,0.0,141,94,38,74,32,39,141,44,0,0
2024-01-13,0.0,141,94,33,81,40,47,141,33,0,0
2024-01-18,0.0070921985815602835,141,82,37,69,47,44,141,33,1,1
2024-01-23,0.0,141,76,37,72,49,52,141,29,0,0
2024-01-28,0.0,141,72,50,62,47,46,141,29,0,0
2024-02-02,0.0,141,76,65,57,57,39,141,35,0,0
2024-02-07,0.0,141,76,63,57,50,37,141,36,0,0
2024-02-12,0.0,141,81,61,56,55,43,141,25,0,0
2024-02-17,0.0,141,88,54,66,54,47,141,27,0,0
2024-02-22,0.0,141,91,57,82,53,54,141,30,0,0
2024-02-27,0.02127659574468085,141,94,42,90,59,65,141,32,3,3
2024-03-03,0.014184397163120567,141,111,52,109,69,80,141,34,2,2
2024-03-08,0.028368794326241134,141,121,49,116,91,95,141,34,4,4
2024-03-13,0.03546099290780142,141,122,66,116,83,89,141,36,5,5
2024-03-18,0.09219858156028368,141,120,60,114,94,94,141,30,13,13
2024-03-23,0.09219858156028368,141,115,62,111,75,86,141,34,13,13
2024-03-28,0.07801418439716312,141,117,61,110,77,81,141,35,11,11
2024-04-02,0.0851063829787234,141,118,54,110,62,78,141,36,12,12
2024-04-07,0.02127659574468085,141,117,46,108,57,74,141,36,3,3
2024-04-12,0.0070921985815602835,141,120,40,103,51,67,141,37,1,1
2024-04-17,0.0,141,114,37,99,42,73,141,15,0,0
2024-04-22,0.0,141,112,50,94,37,74,141,26,0,0
2024-04-27,0.0,141,108,41,100,30,71,141,29,0,0
2024-05-02,0.0,141,104,32,95,40,74,141,22,0,0
2024-05-07,0.0,141,102,43,84,41,78,141,22,0,0
2024-05-12,0.0,141,95,41,78,31,73,141,19,0,0
2024-05-17,0.0,141,95,35,79,25,70,141,15,0,0
2024-05-22,0.0,141,107,29,87,29,81,141,16,0,0
2024-05-27,0.0,141,107,23,86,24,78,141,17,0,0
2024-06-01,0.0,141,102,23,83,26,73,140,17,0,0
2024-06-06,0.0,141,108,28,85,24,73,140,18,0,0
2024-06-11,0.0,141,105,35,81,26,68,140,19,0,0
2024-06-16,0.0,141,98,34,79,18,59,141,20,0,0
2024-06-21,0.0,141,89,29,75,11,58,141,21,0,0
2024-06-26,0.0,141,77,31,64,11,56,139,12,0,0
2024-07-01,0.0,141,76,31,61,11,54,141,15,0,0
2024-07-06,0.0,141,68,36,56,8,49,139,15,0,0
2024-07-11,0.0,141,69,39,58,5,48,141,17,0,0
2024-07-16,0.0,141,70,33,55,23,51,141,18,0,0
2024-07-21,0.0,141,80,42,55,19,53,141,19,0,0
2024-07-26,0.0,141,92,33,58,26,62,141,21,0,0
2024-07-31,0.0,141,101,47,58,35,65,141,22,0,0
2024-08-05,0.0,141,85,47,57,33,71,141,16,0,0
2024-08-10,0.0,141,83,30,64,24,70,141,23,0,0
2024-08-15,0.0,141,78,34,59,21,65,141,16,0,0
2024-08-20,0.0,141,78,29,62,18,62,141,19,0,0
2024-08-25,0.0,141,85,32,61,26,61,141,26,0,0
2024-08-30,0.0,141,84,25,60,14,58,141,25,0,0
2024-09-04,0.0,141,81,24,60,15,60,141,24,0,0
2024-09-09,0.0,141,76,20,65,21,62,141,26,0,0
2024-09-14,0.0,141,75,27,62,24,56,140,26,0,0
2024-09-19,0.0,141,80,39,46,35,46,141,26,0,0
2024-09-24,0.0,141,89,39,41,37,39,141,29,0,0
2024-09-29,0.0,141,100,45,30,48,35,139,28,0,0
2024-10-04,0.0,141,92,44,32,37,31,141,31,0,0
2024-10-09,0.0,141,88,46,30,33,31,140,31,0,0
2024-10-14,0.0,141,85,43,25,27,27,140,32,0,0
2024-10-19,0.0,141,92,46,26,43,26,140,33,0,0
2024-10-24,0.014184397163120567,141,95,43,26,39,30,138,34,2,2
2024-10-29,0.0,141,100,44,32,36,27,136,35,0,0
2024-11-03,0.0,141,100,45,28,39,32,139,36,1,0
2024-11-08,0.014184397163120567,141,110,52,34,42,34,140,37,3,2
2024-11-13,0.0,141,123,69,24,74,38,141,41,0,0
2024-11-18,0.0070921985815602835,141,128,79,28,81,56,141,42,1,1
2024-11-23,0.014184397163120567,141,133,78,30,89,54,141,42,2,2
2024-11-28,0.0070921985815602835,141,141,77,64,78,64,141,45,1,1
2024-12-03,0.028368794326241134,141,140,51,74,57,55,141,43,4,4
2024-12-08,0.0070921985815602835,141,139,58,79,46,50,141,43,1,1
2024-12-13,0.02127659574468085,141,136,58,88,44,52,141,35,3,3
2024-12-18,0.0,141,136,60,96,45,53,141,32,0,0
2024-12-23,0.0,141,128,63,102,34,42,141,24,0,0
2024-12-28,0.0,141,113,70,94,33,29,141,28,0,0
2025-01-02,0.0,141,109,62,93,31,32,140,30,0,0
2025-01-07,0.0,141,111,56,92,56,52,141,33,0,0
2025-01-12,0.0,141,109,51,94,60,59,141,33,0,0
2025-01-17,0.0,141,109,53,93,64,55,141,29,0,0
2025-01-22,0.0,141,109,59,92,62,53,141,34,0,0
2025-01-27,0.0,141,108,58,94,57,52,141,34,0,0
2025-02-01,0.0,141,103,64,94,54,50,141,34,0,0
2025-02-06,0.0,141,96,71,88,57,47,141,36,0,0
2025-02-11,0.0,141,92,59,82,53,44,141,37,0,0
2025-02-16,0.0,141,93,61,82,61,47,141,38,0,0
2025-02-21,0.0070921985815602835,141,93,58,81,63,50,140,31,1,1
2025-02-26,0.0,141,89,54,80,65,54,141,33,0,0
2025-03-03,0.0,141,85,53,80,86,76,140,32,0,0
2025-03-08,0.0,141,87,53,81,87,80,140,28,0,0
2025-03-13,0.0,141,83,34,81,77,83,140,26,0,0
2025-03-18,0.0,141,86,28,77,67,79,140,24,0,0
2025-03-23,0.0,141,91,34,75,76,79,140,25,0,0
2025-03-28,0.0,141,100,39,71,68,71,141,26,0,0
2025-04-02,0.0,141,97,36,68,74,68,141,24,0,0
2025-04-07,0.0,141,93,37,67,64,62,141,25,0,0
2025-04-12,0.0,141,92,33,69,71,63,141,26,0,0
2025-04-17,0.0,141,94,30,67,75,67,141,27,0,0
2025-04-22,0.0,141,99,31,54,71,56,140,27,0,0
2025-04-27,0.0,141,102,27,47,72,48,139,28,0,0
2025-05-02,0.0,141,103,28,48,59,49,139,28,0,0
2025-05-07,0.0,141,99,30,53,64,54,138,26,0,0
2025-05-12,0.0,141,105,32,54,63,59,137,27,0,0
2025-05-17,0.0,141,103,31,42,44,45,139,28,0,0
2025-05-22,0.0070921985815602835,141,105,34,43,46,51,139,26,1,1
2025-05-27,0.0,141,103,35,42,41,44,138,29,0,0
2025-06-01,0.0,141,99,35,45,38,40,139,28,0,0
2025-06-06,0.0,141,100,30,51,33,47,141,20,0,0
2025-06-11,0.0,141,102,27,49,38,42,141,21,0,0
2025-06-16,0.0,141,106,31,54,25,35,141,21,0,0
2025-06-21,0.0,141,106,33,63,19,34,140,22,0,0
2025-06-26,0.0,141,106,26,65,25,34,140,23,0,0
2025-07-01,0.0,141,109,27,70,22,31,141,24,0,0
2025-07-06,0.0,141,111,23,78,21,32,141,25,0,0
2025-07-11,0.0,141,118,39,80,33,34,141,25,0,0
2025-07-16,0.0,141,121,32,95,33,35,141,27,0,0
2025-07-21,0.014184397163120567,141,125,32,102,56,62,141,27,2,2
2025-07-26,0.028368794326241134,141,121,34,102,52,66,141,27,4,4
2025-07-31,0.02127659574468085,141,118,31,98,53,66,141,29,3,3
2025-08-05,0.0,141,113,35,91,58,66,141,30,0,0
2025-08-10,0.0,141,114,36,87,66,65,141,29,0,0
2025-08-15,0.0,141,114,37,88,63,65,141,27,0,0
2025-08-20,0.0,141,112,39,87,51,65,141,26,0,0
2025-08-25,0.0,141,107,38,83,49,60,141,25,0,0
2025-08-30,0.0,141,98,32,77,53,57,141,26,0,0
2025-09-04,0.0,141,97,29,68,49,56,141,27,0,0
2025-09-09,0.0,141,100,32,72,61,62,141,25,0,0
2025-09-14,0.0,141,105,34,66,62,63,141,27,0,0
2025-09-19,0.0,141,108,43,60,56,61,141,29,0,0
2025-09-24,0.0,141,104,34,58,48,59,141,30,0,0
2025-09-29,0.0,141,98,35,60,54,60,141,31,0,0
2025-10-04,0.0,141,108,33,57,61,62,140,31,0,0
2025-10-09,0.0,141,112,31,57,52,67,140,32,0,0
2025-10-14,0.0,141,104,32,63,38,60,140,33,0,0
2025-10-19,0.0,141,100,23,61,40,74,141,35,0,0
2025-10-24,0.0,141,99,14,59,32,64,141,36,0,0
2025-10-29,0.0,141,103,16,56,36,58,141,37,0,0
2025-11-03,0.0,141,99,13,56,39,53,141,38,1,0
2025-11-08,0.0,141,75,11,50,31,50,136,32,0,0
2025-11-13,0.0,141,64,16,40,23,35,137,32,0,0
2025-11-18,0.0,141,52,23,34,31,31,138,32,0,0
2025-11-23,0.0,141,36,41,27,38,14,137,35,0,0
2025-11-28,0.0,141,29,25,30,62,45,136,36,0,0
2025-12-03,0.0,141,33,30,29,58,41,135,36,0,0
2025-12-08,0.0,141,33,25,24,43,37,135,29,0,0
2025-12-13,0.0,141,35,23,24,40,38,134,29,0,0
2025-12-18,0.0,141,33,24,28,43,42,134,27,0,0
2025-12-23,0.0,141,33,25,28,40,37,132,26,0,0
2025-12-28,0.0,141,42,36,24,36,32,134,32,0,0
2026-01-02,0.0,141,48,38,18,31,28,136,39,0,0
2026-01-07,0.0,141,65,46,8,38,20,139,51,0,0
2026-01-12,0.0,141,67,43,11,38,26,141,52,0,0
2026-01-17,0.0,141,72,42,11,33,28,140,51,0,0
2026-01-22,0.0,141,67,51,8,44,24,140,53,0,0
2026-01-27,0.0,141,67,44,6,32,27,140,54,0,0
2026-02-01,0.0,141,63,41,5,25,29,140,21,0,0
2026-02-06,0.0,141,44,28,15,41,33,138,22,0,0
2026-02-11,0.0,141,38,22,22,35,36,138,0,0,0
2026-02-16,0.0,141,26,18,39,45,44,138,0,0,0
2026-02-21,0.0,141,20,25,41,49,49,138,0,0,0
2026-02-26,0.0,141,18,20,45,48,48,133,0,0,0
2026-03-03,0.0,141,20,38,42,43,40,134,0,0,0
2026-03-08,0.0,141,22,25,42,42,44,134,0,0,0
2026-03-13,0.0,141,31,27,35,26,42,133,0,0,0
2026-03-18,0.0,141,45,27,25,20,36,133,0,0,0
2026-03-23,0.0,141,46,36,26,35,39,131,1,0,0
2026-03-28,0.0,141,47,35,22,35,34,128,2,0,0
2026-04-02,0.0,141,47,37,22,34,35,128,3,0,0
2026-04-07,0.0,141,54,31,24,36,38,131,4,0,0
2026-04-12,0.0,141,66,41,18,41,35,131,5,0,0
2026-04-17,0.0,141,77,47,11,56,28,128,6,0,0
2026-04-22,0.0,141,87,49,15,57,29,130,7,0,0
2026-04-27,0.0,141,88,51,14,75,33,127,8,0,0
2026-05-02,0.014184397163120567,141,97,68,13,67,35,135,9,2,2
2026-05-07,0.02127659574468085,141,105,76,12,53,31,137,10,3,3
2026-05-12,0.014184397163120567,141,115,89,11,48,29,140,11,2,2
2026-05-17,0.014184397163120567,141,121,84,6,47,23,141,12,2,2
2026-05-22,0.0,141,119,82,1,48,13,141,13,0,0
2026-05-27,0.0,141,116,75,1,54,11,140,13,0,0
2026-06-01,0.0,141,106,70,8,57,17,139,13,0,0
2026-06-06,0.0,141,94,89,0,67,16,141,16,0,0
2026-06-11,0.0,141,86,90,2,65,31,139,15,0,0
2026-06-16,0.0,141,89,89,1,62,6,141,18,0,0
2026-06-21,0.0,141,87,86,10,50,6,141,12,0,0
2026-06-26,0.0,141,84,80,20,36,8,141,13,0,0
2026-07-01,0.0,141,81,79,27,26,8,141,15,0,0
2026-07-06,0.0,141,84,84,45,15,7,141,19,0,0
2026-07-11,0.0,141,85,72,51,19,7,141,22,0,0
2026-07-16,0.0,141,83,69,52,34,19,141,22,0,0
2026-07-21,0.0,141,83,62,52,33,20,140,23,0,0
2026-07-26,0.0,141,83,60,51,35,22,141,25,0,0
2026-07-31,0.0,141,82,69,50,38,27,141,26,0,0
2026-08-05,0.0,141,81,64,50,33,32,141,26,0,0
2026-08-10,0.0,141,82,59,46,38,34,141,25,0,0
2026-08-15,0.0,141,81,52,47,44,36,140,25,0,0
2026-08-20,0.0,141,87,53,44,58,48,141,25,0,0
2026-08-25,0.0,141,94,52,19,35,25,139,21,0,0
2026-08-30,0.0,141,105,51,25,30,10,138,22,0,0
2026-09-04,0.0,141,111,47,30,52,28,135,23,0,0
2026-09-09,0.0,141,117,48,20,52,20,139,27,1,0
2026-09-14,0.0,141,110,57,16,45,18,138,26,1,0
