,frm,density
2010-04-08,7.113793287778294e-05,0.4512820512820514
2010-04-22,6.040926497694265e-05,0.45128205128205134
2010-05-13,5.952122888113498e-05,0.4923076923076923
2010-05-28,0.0001131366719657648,0.5025641025641027
2010-06-14,4.666784665801989e-05,0.5230769230769231
2010-06-28,7.161085460479087e-05,0.517948717948718
2010-07-13,4.442619610850968e-05,0.5384615384615384
2010-07-27,8.524689350063339e-05,0.5128205128205128
2010-08-10,4.439019812099536e-05,0.49230769230769234
2010-08-24,6.919026543209191e-05,0.482051282051282
2010-09-09,4.599779918917659e-05,0.5128205128205129
2010-09-23,4.9805629550832636e-05,0.47692307692307695
2010-10-07,3.890183649631302e-05,0.4666666666666667
2010-10-21,3.927207150134405e-05,0.4307692307692308
2010-11-04,4.0989063512775283e-05,0.45641025641025645
2010-11-22,5.0091307981931054e-05,0.4256410256410256
2010-12-08,4.752041909345957e-05,0.4717948717948718
2010-12-22,5.03327447386054e-05,0.4461538461538461
2011-01-12,7.648327713096395e-05,0.43076923076923074
2011-01-27,6.824131003878089e-05,0.46153846153846156
2011-02-10,3.962407928922053e-05,0.4461538461538461
2011-02-28,5.9915080405982136e-05,0.4307692307692308
2011-03-14,4.377190359622471e-05,0.4358974358974359
2011-03-30,3.490458170213165e-05,0.45128205128205134
2011-04-13,3.941080292230901e-05,0.44615384615384623
2011-05-05,4.645373085635388e-05,0.4307692307692308
2011-05-19,3.691031951536339e-05,0.41025641025641024
2011-06-03,2.6504166912415688e-05,0.4307692307692308
2011-06-20,3.972116033102805e-05,0.4717948717948717
2011-07-05,4.196574517169207e-05,0.4307692307692308
2011-07-19,4.767322317728301e-05,0.482051282051282
2011-08-04,5.022879689379831e-05,0.47692307692307695
2011-08-19,5.433940536378689e-05,0.5230769230769231
2011-09-06,5.117017668364307e-05,0.5282051282051283
2011-09-20,5.271325936529907e-05,0.5282051282051282
2011-10-04,6.825830306519872e-05,0.5743589743589742
2011-10-18,7.840253780350933e-05,0.5435897435897435
2011-11-01,7.549676052505874e-05,0.5589743589743589
2011-11-15,6.125923007247014e-05,0.523076923076923
2011-11-30,7.498401614322224e-05,0.5076923076923077
2011-12-15,7.384656164634351e-05,0.4923076923076923
2012-01-04,0.0001007036063675435,0.517948717948718
2012-01-19,7.985214191976703e-05,0.4974358974358974
2012-02-02,5.230124205522511e-05,0.517948717948718
2012-02-16,7.494923226006114e-05,0.48205128205128206
2012-03-02,4.6200212627268946e-05,0.49743589743589745
2012-03-16,0.0001045509918286279,0.5333333333333332
2012-03-30,5.3779267825197866e-05,0.44615384615384607
2012-04-18,2.8891463995965078e-05,0.4923076923076923
2012-05-09,4.715180130336785e-05,0.41538461538461535
2012-05-23,4.0991837416048486e-05,0.47692307692307695
2012-06-11,5.509471069939213e-05,0.5333333333333333
2012-06-25,4.1844409851488164e-05,0.5128205128205129
2012-07-10,4.1595510896994046e-05,0.5435897435897435
2012-07-25,5.794364879820862e-05,0.5230769230769231
2012-08-08,5.686981663190988e-05,0.517948717948718
2012-08-23,4.6904073954019913e-05,0.5025641025641026
2012-09-10,7.111894352758887e-05,0.5128205128205129
2012-09-24,4.0607442846772754e-05,0.49743589743589745
2012-10-08,4.129528044202631e-05,0.4923076923076923
2012-10-22,5.9326782206869915e-05,0.46153846153846156
2012-11-07,3.710065913966568e-05,0.45641025641025634
2012-11-21,5.0227481077561995e-05,0.45641025641025634
2012-12-07,3.124491532817593e-05,0.482051282051282
2012-12-21,3.1407254220263e-05,0.43589743589743585
2013-01-14,4.468517968199298e-05,0.3743589743589744
2013-01-29,4.4893537825494533e-05,0.4564102564102565
2013-02-12,4.719681511214152e-05,0.4461538461538461
2013-02-27,5.765759397796062e-05,0.39487179487179486
2013-03-13,4.246908487619126e-05,0.4
2013-03-27,6.563965440985221e-05,0.40512820512820513
2013-04-12,4.005163111534568e-05,0.4205128205128205
2013-04-26,2.3419818271507143e-05,0.4461538461538461
2013-05-16,2.830295301496625e-05,0.44615384615384623
2013-05-31,5.224956367826926e-05,0.4358974358974359
2013-06-14,5.3493892782156774e-05,0.4051282051282052
2013-07-01,5.569136968798081e-05,0.4153846153846154
2013-07-16,5.2480589584632417e-05,0.4256410256410256
2013-07-31,0.0001416622581897528,0.4
2013-08-14,7.98711312699611e-05,0.4051282051282052
2013-08-30,5.3665007698945575e-05,0.4205128205128206
2013-09-16,4.944522876245702e-05,0.4205128205128206
2013-09-30,4.299019637651093e-05,0.4153846153846154
2013-10-14,3.531943477073632e-05,0.4256410256410257
2013-10-28,3.111666447156802e-05,0.3948717948717949
2013-11-11,2.939773799161807e-05,0.38974358974358975
2013-11-25,4.157444104132489e-05,0.3435897435897436
2013-12-10,2.7035229492603612e-05,0.3743589743589743
2013-12-27,3.3181563052788347e-05,0.358974358974359
2014-01-15,4.2537409403082754e-05,0.38974358974358964
2014-01-30,4.512674150997773e-05,0.3692307692307692
2014-02-13,5.242720454505106e-05,0.3641025641025641
2014-02-28,4.4523462478011115e-05,0.3948717948717949
2014-03-14,3.280080706835686e-05,0.3794871794871795
2014-03-28,4.853655361027644e-05,0.4
2014-04-11,2.8188921281502985e-05,0.3743589743589744
2014-04-30,3.1116664471568024e-05,0.3384615384615385
2014-05-16,3.226352479944686e-05,0.3897435897435898
2014-06-02,5.559936751634869e-05,0.4205128205128206
2014-06-17,3.359213090118966e-05,0.358974358974359
2014-07-01,1.8469255344759282e-05,0.3641025641025642
2014-07-16,5.182976682330261e-05,0.42564102564102557
2014-07-30,3.686251745239231e-05,0.3692307692307693
2014-08-13,3.5656586723356374e-05,0.358974358974359
2014-08-29,2.1943402774417405e-05,0.3692307692307692
2014-09-15,4.3376903972165046e-05,0.3487179487179487
2014-09-29,2.1980960560851715e-05,0.34871794871794876
2014-10-14,2.756049980298107e-05,0.358974358974359
2014-10-28,3.10245637673128e-05,0.3794871794871794
2014-11-11,2.4106416515590914e-05,0.3743589743589744
2014-11-26,1.6502108957189112e-05,0.3538461538461538
2014-12-12,2.489843157751172e-05,0.40512820512820513
2015-01-05,6.917265482129782e-05,0.4256410256410256
2015-01-20,2.216460281872906e-05,0.4410256410256411
2015-02-03,3.478047174832154e-05,0.4461538461538461
2015-02-18,1.8731012821515775e-05,0.48205128205128206
2015-03-04,2.6613829350292117e-05,0.4358974358974359
2015-03-18,3.054970071693801e-05,0.4461538461538461
2015-04-01,1.9635756192183596e-05,0.41025641025641024
2015-04-20,3.3670767286196576e-05,0.3948717948717949
2015-05-06,2.6432227893833697e-05,0.38974358974358975
2015-05-20,3.4449072208886394e-05,0.3743589743589744
2015-06-05,5.242451184394772e-05,0.3743589743589744
2015-06-19,2.5199502620896757e-05,0.4153846153846154
2015-07-06,1.8861197723312615e-05,0.41538461538461535
2015-07-20,3.375245858893111e-05,0.4205128205128205
2015-08-03,3.0812819524909796e-05,0.3743589743589743
2015-08-17,2.5789402387802986e-05,0.3692307692307692
2015-09-02,3.956506913008552e-05,0.4205128205128206
2015-09-17,4.276423301096325e-05,0.3948717948717949
2015-10-01,5.587349158023399e-05,0.4205128205128205
2015-10-15,2.5783693039713186e-05,0.43589743589743585
2015-10-29,3.2714608799244286e-05,0.40512820512820513
2015-11-12,4.409004959853046e-05,0.4102564102564103
2015-11-27,2.7212861310691405e-05,0.40512820512820513
2015-12-15,2.78987255584572e-05,0.4153846153846154
2016-01-05,2.930395726419108e-05,0.4205128205128205
2016-01-20,4.3694666950268165e-05,0.44102564102564096
2016-02-03,6.0247764530392256e-05,0.45128205128205123
2016-02-18,5.519080504041763e-05,0.44615384615384623
2016-03-03,5.9242243693723586e-05,0.43076923076923074
2016-03-17,4.233474671631941e-05,0.4153846153846154
2016-04-04,3.804732959235463e-05,0.4205128205128205
2016-04-18,4.7320084900864125e-05,0.45641025641025645
2016-05-03,3.0188144923536475e-05,0.40512820512820513
2016-05-18,2.5457640360983224e-05,0.3692307692307693
2016-06-02,5.05652606935998e-05,0.41025641025641024
2016-06-16,5.606555135509399e-05,0.39999999999999997
2016-07-01,2.140713073355513e-05,0.46666666666666673
2016-07-18,3.3064319901977806e-05,0.4205128205128205
2016-08-01,3.382279432016822e-05,0.38461538461538464
2016-08-16,3.0440650051360047e-05,0.43076923076923074
2016-08-31,1.4692345089660014e-05,0.4256410256410256
2016-09-15,2.8340739194189586e-05,0.43076923076923074
2016-09-30,2.0755052878591497e-05,0.4358974358974359
2016-10-17,5.924662618657185e-05,0.3743589743589744
2016-10-31,2.909305287987234e-05,0.40512820512820513
2016-11-14,3.125522718629136e-05,0.4153846153846154
2016-11-29,5.291038214054723e-05,0.358974358974359
2016-12-15,5.1349509332481016e-05,0.3897435897435898
2017-01-05,6.404282495981592e-05,0.3794871794871794
2017-01-23,5.096164385858733e-05,0.3692307692307692
2017-02-07,3.857113207422683e-05,0.39999999999999997
2017-02-22,4.0259366840409024e-05,0.358974358974359
2017-03-08,2.1198626313243865e-05,0.3948717948717949
2017-03-22,2.8343505202431548e-05,0.358974358974359
2017-04-05,2.7773984560844623e-05,0.39487179487179486
2017-04-21,2.483934583621258e-05,0.3589743589743591
2017-05-08,4.3042600949507644e-05,0.3692307692307692
2017-05-22,3.073678833693444e-05,0.35384615384615387
2017-06-09,3.059223957125761e-05,0.3641025641025642
2017-06-23,2.3198510058658247e-05,0.3794871794871796
2017-07-10,3.039234289273625e-05,0.3641025641025641
2017-07-24,3.086483007225731e-05,0.3641025641025641
2017-08-07,4.313915631054085e-05,0.3641025641025641
2017-08-22,3.878294920043867e-05,0.35384615384615387
2017-09-07,2.1735273023704872e-05,0.3435897435897436
2017-09-21,1.558286933718318e-05,0.34871794871794876
2017-10-06,2.3041706235428823e-05,0.358974358974359
2017-10-20,2.4424417740918458e-05,0.3487179487179487
2017-11-07,2.089839585827611e-05,0.32820512820512826
2017-11-21,2.3780412570265382e-05,0.3128205128205129
2017-12-08,3.533281372879346e-05,0.3692307692307692
2017-12-22,3.3258274017970585e-05,0.358974358974359
2018-01-11,2.0386815186554525e-05,0.3692307692307693
2018-01-29,2.5499339050215327e-05,0.3641025641025642
2018-02-12,4.09780558069779e-05,0.39487179487179486
2018-02-27,3.702057112427601e-05,0.3743589743589743
2018-03-13,4.1012839690139015e-05,0.3794871794871795
2018-03-27,2.3780412570265385e-05,0.3692307692307692
2018-04-16,3.6334201780857514e-05,0.3641025641025641
2018-04-30,2.0412686220317576e-05,0.3692307692307693
2018-05-16,1.5742031251653832e-05,0.35384615384615387
2018-06-04,1.9743912944696905e-05,0.40512820512820513
2018-06-18,2.1499294282285693e-05,0.4205128205128206
2018-07-02,3.584715998542724e-05,0.4256410256410256
2018-07-17,3.8298323826577835e-05,0.39487179487179486
2018-07-31,2.7571249175170552e-05,0.38461538461538464
2018-08-14,3.932516422715932e-05,0.4307692307692308
2018-08-30,2.350427558248363e-05,0.4
2018-09-14,2.4163062608172172e-05,0.3794871794871794
2018-09-28,2.761628522989968e-05,0.3435897435897436
2018-10-15,3.630926772525424e-05,0.3333333333333333
2018-10-29,2.5100495005601775e-05,0.35384615384615387
2018-11-12,2.8397279425004554e-05,0.35384615384615387
2018-11-27,3.352372058977723e-05,0.3692307692307692
2018-12-13,3.8564610563472e-05,0.4205128205128205
2019-01-04,3.4825250199775794e-05,0.3743589743589743
2019-01-22,2.731637206475421e-05,0.4307692307692309
2019-02-06,6.566502087006172e-05,0.44615384615384623
2019-02-21,8.70956616496822e-05,0.43076923076923074
2019-03-07,5.5447937337863244e-05,0.41025641025641024
2019-03-21,5.444679826370982e-05,0.3846153846153847
2019-04-04,6.478522943839668e-05,0.3948717948717949
2019-04-18,2.0240269107883658e-05,0.3743589743589743
2019-05-10,1.750019554120985e-05,0.39999999999999997
2019-05-24,4.228457095120471e-05,0.39999999999999997
2019-06-11,3.1221283468217755e-05,0.39487179487179486
2019-06-26,2.2275164377907383e-05,0.3641025641025641
2019-07-11,2.5927965102526326e-05,0.34871794871794876
2019-07-25,3.2456723688213504e-05,0.3487179487179487
2019-08-08,4.107754941833679e-05,0.3435897435897436
2019-08-23,3.337591981979455e-05,0.39487179487179497
2019-09-10,3.0283622677999113e-05,0.40512820512820513
2019-09-24,6.068748121022132e-05,0.38974358974358975
2019-10-09,2.983545735845309e-05,0.4102564102564103
2019-10-23,2.6694145758470803e-05,0.39487179487179486
2019-11-07,2.864056699814391e-05,0.358974358974359
2019-11-21,4.632962090254376e-05,0.3384615384615385
2019-12-06,2.5293600638146025e-05,0.33333333333333337
2019-12-20,3.731763291998838e-05,0.358974358974359
2020-01-13,4.496270178714052e-05,0.3487179487179487
2020-01-29,2.8313493265870703e-05,0.41025641025641024
2020-02-12,3.43246855522126e-05,0.3743589743589743
2020-02-27,1.953964697058871e-05,0.4256410256410257
2020-03-12,3.385757747299632e-05,0.4871794871794872
2020-03-26,9.614736562156468e-05,0.6205128205128205
2020-04-09,7.396546266157846e-05,0.5846153846153845
2020-04-29,3.720724892561761e-05,0.6102564102564103
2020-05-15,4.025936684040903e-05,0.635897435897436
2020-06-02,4.8003596688955726e-05,0.6461538461538461
2020-06-17,0.0001053201733727325,0.6769230769230768
2020-07-01,7.82599396393528e-05,0.5897435897435896
2020-07-16,9.71208011244962e-05,0.5179487179487179
2020-07-30,6.226464896076924e-05,0.4974358974358974
2020-08-13,3.103701921523197e-05,0.4564102564102565
2020-08-27,3.19521418979464e-05,0.48205128205128206
2020-09-14,3.6133214805675235e-05,0.4256410256410257
2020-09-28,5.650604535553522e-05,0.4461538461538461
2020-10-12,5.3843207445600126e-05,0.4205128205128205
2020-10-26,5.239242066188997e-05,0.45641025641025645
2020-11-09,6.10765607884682e-05,0.46153846153846156
2020-11-23,7.472250718480371e-05,0.45128205128205134
2020-12-10,6.078143445049239e-05,0.4410256410256411
2020-12-29,7.266880936019074e-05,0.4717948717948718
2021-01-14,5.049693616670831e-05,0.4717948717948718
2021-01-29,4.638417244572892e-05,0.4461538461538461
2021-02-12,5.1927075268681336e-05,0.48717948717948717
2021-03-01,6.720898357343077e-05,0.4461538461538461
2021-03-15,4.0549824203645865e-05,0.46666666666666673
2021-03-29,3.301852904335234e-05,0.441025641025641
2021-04-14,4.461680642169704e-05,0.4307692307692308
2021-04-28,4.8450479543933295e-05,0.43589743589743585
2021-05-14,5.1175322146179284e-05,0.4256410256410256
2021-06-02,4.129528044202631e-05,0.40512820512820513
2021-06-16,2.6680287413573324e-05,0.3794871794871794
2021-07-01,4.2044599726678054e-05,0.40512820512820513
2021-07-16,3.929307304510156e-05,0.4
2021-07-30,4.6915906177759506e-05,0.43076923076923074
2021-08-13,2.7612947864402662e-05,0.3692307692307692
2021-08-27,2.9697968446585824e-05,0.35384615384615387
2021-09-14,4.54451996054298e-05,0.3846153846153847
2021-09-28,3.553355057240233e-05,0.38974358974358975
2021-10-12,4.74828699323895e-05,0.4358974358974359
2021-10-26,3.742197521377444e-05,0.43076923076923074
2021-11-09,2.3328549106975168e-05,0.4205128205128206
2021-11-23,3.079860040176513e-05,0.41538461538461535
2021-12-10,4.332949593484314e-05,0.39999999999999997
2021-12-29,2.965680448682206e-05,0.38461538461538464
2022-01-14,3.424789785120345e-05,0.3897435897435898
2022-02-01,4.241137360611817e-05,0.39999999999999997
2022-02-15,2.635191148565501e-05,0.44615384615384623
2022-03-02,6.187535999055272e-05,0.49743589743589745
2022-03-16,3.1575394007524796e-05,0.5282051282051282
2022-03-30,3.2883669717352725e-05,0.5487179487179488
2022-04-13,2.9145903592307368e-05,0.4974358974358974
2022-05-04,5.741029616793076e-05,0.44615384615384623
2022-05-18,5.6935797324491434e-05,0.45641025641025634
2022-06-07,4.8138713618230215e-05,0.45641025641025634
2022-06-23,7.542457126858794e-05,0.4717948717948718
2022-07-08,5.9033190162112716e-05,0.4717948717948718
2022-07-22,4.60461063478004e-05,0.5025641025641026
2022-08-05,5.298324252638656e-05,0.482051282051282
2022-08-24,5.340388693430087e-05,0.45128205128205123
2022-09-09,4.95058010165453e-05,0.46153846153846156
2022-09-26,5.388706379946401e-05,0.45128205128205134
2022-10-10,7.903634896093168e-05,0.4871794871794872
2022-10-24,4.321361733367335e-05,0.4923076923076923
2022-11-07,4.698868536142898e-05,0.45128205128205134
2022-11-21,3.4977200497920526e-05,0.45641025641025645
2022-12-08,5.4964759742367085e-05,0.3794871794871795
2022-12-22,5.569136968798081e-05,0.4256410256410257
2023-01-10,2.522320206243357e-05,0.45128205128205123
2023-01-26,5.933156976437258e-05,0.45128205128205134
2023-02-09,6.55791675169551e-05,0.4461538461538461
2023-02-24,4.3998644282384545e-05,0.43589743589743585
2023-03-10,4.739630913964946e-05,0.4153846153846154
2023-03-24,4.6805738220900584e-05,0.4205128205128205
2023-04-11,4.6902016148737084e-05,0.4461538461538461
2023-04-27,4.799376177821018e-05,0.4205128205128205
2023-05-15,5.997918083759477e-05,0.4
2023-05-30,4.413029146070388e-05,0.45128205128205134
2023-06-15,5.3778095066388923e-05,0.4307692307692308
2023-06-30,5.719819255982818e-05,0.38461538461538464
2023-07-17,4.102899328180237e-05,0.3743589743589744
2023-07-31,4.4033905536245296e-05,0.3794871794871795
2023-08-14,4.3916175659037843e-05,0.4256410256410256
2023-08-30,5.021672308000826e-05,0.3641025641025641
2023-09-14,8.484416127261415e-05,0.3846153846153847
2023-09-28,3.987921400291176e-05,0.3794871794871795
2023-10-12,4.743041324560367e-05,0.3641025641025641
2023-10-26,4.5362788340851776e-05,0.35384615384615387
2023-11-09,1.5569220113570738e-05,0.3743589743589743
2023-11-24,2.9052729085196068e-05,0.39487179487179486
2023-12-12,3.8953613405891976e-05,0.3641025641025641
2023-12-28,3.64516729011273e-05,0.40512820512820513
2024-01-16,4.0460095058653646e-05,0.4307692307692309
2024-01-31,4.964027229220827e-05,0.3435897435897436
2024-02-14,6.525126895973644e-05,0.3846153846153847
2024-02-29,5.0793998692753685e-05,0.358974358974359
2024-03-14,2.7612947864402662e-05,0.3384615384615385
2024-03-28,4.012186930317752e-05,0.3230769230769231
2024-04-15,4.4057958416472706e-05,0.435897435897436
2024-04-29,4.473119893340748e-05,0.4000000000000001
2024-05-16,4.2692697066724496e-05,0.4410256410256411
2024-05-31,6.239741290827034e-05,0.3794871794871795
2024-06-14,6.83618299522631e-05,0.38974358974358975
2024-07-02,2.9580094251972835e-05,0.41025641025641024
2024-07-17,5.153231100194108e-05,0.4615384615384616
2024-07-31,2.768251490039186e-05,0.3743589743589743
2024-08-14,3.602705536615597e-05,0.38974358974358975
2024-08-30,4.1201659372146904e-05,0.38974358974358975
2024-09-16,5.299970821119623e-05,0.3846153846153845
2024-09-30,4.3401828979074296e-05,0.40512820512820513
2024-10-14,4.223758159912842e-05,0.3692307692307692
2024-10-28,4.541081879661191e-05,0.3692307692307692
2024-11-11,6.291362657394336e-05,0.40512820512820513
2024-11-25,3.272216236498892e-05,0.40512820512820513
2024-12-10,2.6331749799981766e-05,0.41025641025641024
2024-12-27,4.707202538112451e-05,0.41538461538461535
2025-01-21,3.4431005379612476e-05,0.4205128205128205
2025-02-05,5.7288199138017096e-05,0.4461538461538461
2025-02-20,3.9547368324038315e-05,0.4205128205128205
2025-03-06,3.5330441746200683e-05,0.3846153846153847
2025-03-20,2.7490932766991866e-05,0.44615384615384623
2025-04-03,4.200358081465286e-05,0.46666666666666673
2025-04-17,4.342267086528422e-05,0.4666666666666667
2025-05-07,4.297427715294916e-05,0.4564102564102565
2025-05-21,4.2919331160785026e-05,0.46153846153846156
2025-06-05,4.315360907145407e-05,0.5076923076923077
2025-06-23,3.3774554743123066e-05,0.4615384615384616
2025-07-08,4.5511152573058285e-05,0.4666666666666667
2025-07-22,3.999708819752476e-05,0.41025641025641024
2025-08-05,2.080068334933636e-05,0.4256410256410256
2025-08-20,2.6114163824030812e-05,0.4051282051282052
2025-09-05,1.4042206948194628e-05,0.4000000000000001
2025-09-19,2.4620763195554475e-05,0.3948717948717949
2025-10-03,2.3107575127673822e-05,0.3794871794871795
2025-10-17,3.076402563988906e-05,0.3641025641025642
2025-10-31,3.747988819626461e-05,0.3743589743589743
2025-11-14,3.245941296062856e-05,0.39487179487179486
2025-12-02,4.092974864835411e-05,0.3641025641025641
2025-12-16,3.274518202931885e-05,0.4153846153846154
2026-01-09,4.510697384995365e-05,0.39487179487179486
2026-01-26,3.868101427952803e-05,0.4102564102564103
2026-02-09,3.458612360667958e-05,0.41538461538461546
2026-02-24,4.636440478570486e-05,0.4000000000000001
2026-03-10,5.303726599763054e-05,0.46153846153846156
2026-03-24,6.754882993376322e-05,0.45128205128205123
2026-04-09,7.923385772696968e-05,0.46666666666666656
2026-04-27,4.783619311317254e-05,0.47179487179487184
2026-05-13,5.405748405847654e-05,0.46666666666666656
2026-05-28,3.623016419235762e-05,0.43076923076923074
2026-06-12,4.49863336470987e-05,0.441025641025641
2026-06-29,3.453041491558787e-05,0.441025641025641
2026-07-14,2.6608980667864944e-05,0.4820512820512821
2026-07-28,3.229738444213698e-05,0.44102564102564096
2026-08-11,4.6516368281111024e-05,0.4256410256410256
2026-08-25,1.920780129171524e-05,0.45128205128205123
2026-09-10,2.91689999924642e-05,0.43076923076923074
