,EU,US,RO_other
2011-01-20,23.49252411471481,15.000565399017795,7.500204559345942
2011-01-27,23.86420685788277,15.33907606902494,6.6405433307534585
2011-02-03,24.600338516472057,16.459998331623268,6.25431011155489
2011-02-10,24.702273163072952,14.500234204798893,5.7970691266042556
2011-02-18,23.652928540925927,16.953902655015305,5.619747215766874
2011-02-28,24.968355318971902,16.66594044567956,5.4611699782713785
2011-03-07,26.128513661285993,16.796418119868754,5.725814498407937
2011-03-14,27.400766834520677,17.214544886194112,6.002381164706264
2011-03-21,29.660067741737198,16.729129678049855,5.793212504908682
2011-03-30,27.6826680803441,16.180966072817032,5.952049215168625
2011-04-06,26.449207849308237,16.738199749862588,6.102620967933614
2011-04-13,26.389693906675532,17.010730368487142,6.118795876756317
2011-04-21,24.27812557161063,17.747727731905265,6.374398525730824
2011-05-05,27.274815234218508,17.983296221506347,5.3821707831694
2011-05-12,25.537710701868562,18.248898642812748,6.986787260376013
2011-05-19,25.366678145607953,19.457338343271893,7.000077167472803
2011-05-26,17.85611177695788,17.34340393244299,7.762729541243441
2011-06-03,16.560973896592596,16.071479712918723,7.537923591796355
2011-06-10,12.499858173510315,11.735445193357243,7.272892758954665
2011-06-20,13.200732235911278,9.866057519152237,7.819354572332243
2011-06-27,10.00140588158723,7.226790338887984,8.218478317010511
2011-07-05,7.383656485420864,6.561168158070746,6.997866365537568
2011-07-12,6.272037456423653,7.636317719356278,6.859690873440944
2011-07-19,4.007097286768545,6.480083948449831,6.074860934599631
2011-07-26,3.203034230671708,5.119093647343853,6.815886010511534
2011-08-04,3.437893886531042,6.39866768693904,7.284577339321675
2011-08-11,15.274601604397791,21.546503387700028,7.0588365554924195
2011-08-19,14.987904056716841,22.3499875128745,6.886291393072222
2011-08-26,13.603400858455505,16.4481979826912,8.049194650353483
2011-09-06,14.396787945677094,17.864840122225157,7.352728142796705
2011-09-13,18.338159629998138,16.938021003026307,7.409819387951946
2011-09-20,16.813460816230158,17.217028247506356,7.196413564683148
2011-09-27,19.23395551651536,18.453959774089746,6.789164968719201
2011-10-04,17.645930513765695,17.676056306227316,7.402434419668587
2011-10-11,18.333685741033687,18.89652423165504,6.682545792894548
2011-10-18,17.98056429857411,16.569703536022537,6.7228566319522205
2011-10-25,17.88913770745015,17.004459930754415,6.1419992769930465
2011-11-01,18.457891362903652,17.232598935776036,5.840998224859376
2011-11-08,19.258385897160828,17.884858964456647,5.564312357765321
2011-11-15,17.95698741581969,19.68592830529217,5.652162324474395
2011-11-22,17.350803599999754,20.022698642407402,5.651584932928484
2011-11-30,17.563726891698913,18.34140338955671,5.987294189054187
2011-12-08,19.246766174607064,17.678451788844853,5.761725480572763
2011-12-15,18.507643643193273,18.77901577097338,5.7237781952442885
2011-12-22,16.389186150839414,19.89827181807697,6.054662117249574
2012-01-04,17.01247398635147,19.375713079174766,5.537317607781532
2012-01-11,16.897504352289697,18.76207643316581,6.117264352294553
2012-01-19,15.845997633384108,19.45540870015146,6.050800736243303
2012-01-26,15.951937116262885,21.079808602373216,6.027059399906823
2012-02-02,15.7556360915225,19.98208640716156,6.27544492021379
2012-02-09,15.43515497441934,20.870164916637666,5.887414309284507
2012-02-16,14.546770857303688,20.17019808125135,6.620993033049979
2012-02-24,15.125981698070557,20.16981300471625,7.328436121901095
2012-03-02,15.328445804090249,21.328671492775968,7.095087142480274
2012-03-09,15.256933081204176,18.4105562633353,7.77460827782113
2012-03-16,15.708328537266985,17.84070995011866,7.768514599232674
2012-03-23,15.624307693288799,19.149082891424765,7.8508192263004855
2012-03-30,14.151462154745333,19.1885366667027,7.300519653824249
2012-04-10,14.735226919738635,20.38328040847384,6.992947533196464
2012-04-18,15.037133387835834,20.413368525030073,7.047417573290384
2012-04-25,14.672378724807032,20.10356893639576,7.488758737489279
2012-05-09,15.459962189542377,21.507337707584238,6.626641555257962
2012-05-16,15.097799701229517,20.00373644508955,6.841120399766413
2012-05-23,15.09939134212453,19.182997958875852,7.3492762757035255
2012-05-31,16.712360128398423,18.5613343591473,5.805768049371924
2012-06-11,15.812337998372016,19.480327928046044,6.018789869682788
2012-06-18,15.594137029005879,17.24088042931944,6.379711522365306
2012-06-25,16.375710906483526,18.284566607840258,6.136311215212557
2012-07-02,14.450829889855344,18.25472024093257,6.350891031000276
2012-07-10,13.943760843441463,18.774906075396693,5.7935094217075225
2012-07-18,11.121786188821119,17.219515031646935,6.13019506855366
2012-07-25,11.309627124412152,15.21856204892202,6.598841732449596
2012-08-01,10.437778945470747,15.091657103657276,6.337116916519936
2012-08-08,10.662533291095228,15.509776176561964,5.8135842516289085
2012-08-16,9.89044476107072,13.042013930917106,5.818791840003333
2012-08-23,7.803187229171894,9.424604498856585,5.755920088420341
2012-08-31,7.533513792959911,7.296127758214798,5.102908656793327
2012-09-10,6.808111283054826,8.862698856188098,5.184822292224503
2012-09-17,8.061300653147285,12.148282772851822,5.062649709109449
2012-09-24,8.11515616468813,12.813595773564877,4.527067016663395
2012-10-01,7.943855002251325,12.380016260891749,4.180486997825399
2012-10-08,8.380210885115405,12.310602758276131,4.531152706239434
2012-10-15,8.27715500049855,11.55512739340848,4.1297680764930025
2012-10-22,8.58293207342242,12.202559817793428,4.85550597090436
2012-10-31,9.291285313932253,12.507627927223814,5.6143136455063845
2012-11-07,9.199719724352304,14.16890105504779,6.340166092526667
2012-11-14,8.45762231255264,11.667903645806128,7.005230191832362
2012-11-21,8.567127502667141,11.37503940754621,7.3299156047262635
2012-11-29,9.69967940920971,11.77552377888871,7.389466627445513
2012-12-07,11.94346993626879,13.195053582360602,7.064397621647379
2012-12-14,14.88384577289763,13.672578031945381,6.599773426083482
2012-12-21,11.52284396219972,13.405070566312304,6.799421251958368
2013-01-07,10.904905702950213,11.891796305346833,7.557982358505711
2013-01-14,10.06057621599323,10.9856328911075,7.5683311767951125
2013-01-22,9.819604351464218,11.116997568059908,7.787901543471282
2013-01-29,9.87834765636389,13.808508573150984,6.6564303165410506
2013-02-05,9.190565846319716,13.687012562412669,7.103805970759595
2013-02-12,8.928826588728729,15.52628821513347,6.582988361767554
2013-02-20,8.895489632357814,15.712884719847889,5.9646322216988885
2013-02-27,8.840858716382257,15.254518740638257,6.542053001210283
2013-03-06,8.060564515034883,14.780294565740414,7.071847810189944
2013-03-13,8.082335944262528,14.872557168568695,7.452363036098754
2013-03-20,8.74760013843762,14.896359031439815,7.6484911648278455
2013-03-27,8.079183683857217,16.9443755291412,7.264339700059798
2013-04-05,8.874717595139458,16.96958640679867,6.737059534956952
2013-04-12,9.211953034965171,14.964090722348516,7.083202333229822
2013-04-19,9.235551479426878,14.782401658344593,6.664954727148128
2013-04-26,9.443068542288515,15.268604147819534,6.7147780750046895
2013-05-09,9.112760281809237,13.909659300902646,6.931728243793556
2013-05-16,9.63475533186244,14.613705433679261,6.908476886207637
2013-05-23,9.023985368628521,15.24890690053488,7.160036446423071
2013-05-31,7.344147772918708,16.052533152640812,7.491811904135851
2013-06-07,6.075018281462552,15.259296017186129,7.9465071719531455
2013-06-14,6.064009472991071,14.083250648969457,7.927350446907931
2013-06-21,6.872968645633801,15.403056075275932,6.783362493581755
2013-07-01,7.808713195762941,15.920643436876187,6.581420463663437
2013-07-09,6.305310627288924,15.427678305837489,6.601981550088828
2013-07-16,5.831952549680189,15.40247884201923,6.215000844794351
2013-07-24,5.508608015638031,14.343544530845813,5.948137860052954
2013-07-31,5.571751648072815,13.685167679671915,6.246012576410461
2013-08-07,5.003349764920257,11.49446235791188,5.8906883745470235
2013-08-14,4.248836150492718,11.9114259569143,4.829030055931275
2013-08-22,4.127370472390403,11.558445603773041,5.119196269206837
2013-08-30,3.894751101850456,11.942784000448217,5.065047491830006
2013-09-09,4.049463011467049,12.415794454838286,4.504251944414817
2013-09-16,3.831652186332006,12.653092438185766,4.3780478632721564
2013-09-23,4.31334443421246,12.17587367796936,3.738263192727286
2013-09-30,4.407760253218225,11.58076878069349,4.29297094214515
2013-10-07,4.185379765439506,11.117801660600868,5.131841711584961
2013-10-14,3.643718512194337,9.88625336291034,5.079839248017025
2013-10-21,4.2565952786785095,9.530861394369365,5.178313801692991
2013-10-28,5.277668059051946,8.342441360297466,4.836630297354171
2013-11-04,5.555447808189684,9.094362737838678,4.918500296990282
2013-11-11,5.052070581671446,8.147744835370302,5.197119842777449
2013-11-18,4.930812309450872,8.511541840962348,4.61398250423208
2013-11-25,5.038973503344892,10.04954673240275,3.971433977812513
2013-12-03,5.754900489959676,9.528904231016025,3.045322950105044
2013-12-10,5.658823925298874,9.653216621366541,2.722913882669059
2013-12-17,5.924259221415307,10.696714027975538,2.5040494061464624
2013-12-27,6.605444122694233,9.937789970774844,2.7987325135119114
2014-01-08,6.70552728120648,9.194972654435686,2.4308075748421105
2014-01-15,6.325455558646821,8.66912154963437,2.379943546833629
2014-01-23,6.177142650589609,8.945280961503343,1.9510319543167596
2014-01-30,6.77264817784953,8.643021104859232,2.305007783719564
2014-02-06,6.789286911906534,8.995487777843245,2.49983588552091
2014-02-13,6.258344311928205,8.019710997676446,3.2954269231239013
2014-02-21,5.8711868177417905,8.055585627861804,3.527980889075468
2014-02-28,7.070912123229573,8.240721755672102,3.92257261342837
2014-03-07,7.0739142921732014,6.419256800173885,4.040805987162992
2014-03-14,7.486930255101557,8.718353481750498,3.888806730341723
2014-03-21,7.28983981597355,9.70320657974968,2.8914967535257645
2014-03-28,7.777189584563887,8.454971976164067,3.0493280472953925
2014-04-04,6.569280768300912,8.297639592724135,2.9407167235831553
2014-04-11,7.362198886405316,7.608237269414534,2.7355207510415047
2014-04-22,9.247826141750924,8.230806146144326,2.949381189449877
2014-04-30,7.351314565571016,8.093403080708018,2.3558546326274
2014-05-09,8.963397523103058,8.06440819618073,2.486846173349398
2014-05-16,9.228970445790095,6.908396913681225,2.412076957706342
2014-05-23,9.070200437646474,7.32271680127719,3.00170828985615
2014-06-02,8.071460121539538,8.687145998399714,2.6462301857114836
2014-06-10,7.841274457734868,8.759811635356396,2.3176704754566084
2014-06-17,7.675718357573116,10.606050540148495,1.997243396334042
2014-06-24,8.099109030779804,10.912433682749436,1.8470939438807281
2014-07-01,8.077918288889995,10.172180113229686,1.8604639583511762
2014-07-09,8.122184629951015,11.937744265595125,1.7820468199732953
2014-07-16,7.939013322041162,12.742619892347678,2.0155624735052706
2014-07-23,8.019678531447274,12.355934133694479,2.1869177974248415
2014-07-30,8.008567062639912,12.55429140640412,2.306024664804194
2014-08-06,7.289201112186539,12.073379426847811,2.1890345031214684
2014-08-13,7.448878687112117,11.882704620848147,2.217436999843673
2014-08-21,7.9545106468771944,11.001688017112295,1.9463667583723943
2014-08-29,8.256479794461885,11.064987173202251,1.9303308867380748
2014-09-08,8.191027830469293,10.483112961830027,1.9780615744245211
2014-09-15,8.419959909728206,8.803242288587388,2.563817591855536
2014-09-22,7.877609337131094,9.035356509500671,3.1501044547282557
2014-09-29,8.091034333672244,9.856467739829718,2.644612534956957
2014-10-07,7.040854369320627,10.498485779037741,1.2025095149087992
2014-10-14,7.524372471158568,9.500756507777792,1.318771887040056
2014-10-21,9.194094061827398,8.747192354754375,1.6715163496282974
2014-10-28,8.736291084165924,8.637850472969276,1.4194128532383143
2014-11-04,10.354521233452033,8.807979889600844,1.556884652317762
2014-11-11,9.776155967786059,8.669378945783428,1.2781690393934275
2014-11-18,9.436509658319583,7.859066436929703,1.4188448888097263
2014-11-26,9.789035899687246,8.376780987799798,1.3993627844107706
2014-12-05,10.377723471305416,7.190814026606493,1.3685098123524497
2014-12-12,10.054207358184073,6.553089645949221,2.2698814488040706
2014-12-19,13.54973824495707,6.604898694590828,3.0905550057684574
2015-01-05,11.420714668166799,8.497962046679529,3.9265037660194313
2015-01-12,10.273267963438414,9.913273578255449,3.970396571671522
2015-01-20,11.49609444973561,10.212766873407434,3.8103972854898966
2015-01-27,11.755085649843739,10.179778202376315,3.7510510461915922
2015-02-03,12.932916265999502,9.394923570198223,3.4412956908446013
2015-02-10,11.884376475927205,9.85190899700871,3.497736935623042
2015-02-18,9.094477694364025,10.215946601416913,3.311311300899873
2015-02-25,9.704625797406207,10.289240719512495,3.4822083792747858
2015-03-04,8.779891151474079,9.213339446174823,3.6046555757709915
2015-03-11,8.463154097223576,7.651486461086252,3.574977842304715
2015-03-18,8.378369875664422,7.116319466516231,3.4605155123645197
2015-03-25,8.76205284630883,7.224976520160739,3.606291425865945
2015-04-01,8.587713726382072,6.5036572047021615,3.780240441997524
2015-04-10,7.487773568012157,5.430946486220334,4.748736568025943
2015-04-20,6.108000873066658,5.653443089194565,5.802675292955664
2015-04-27,7.681538194204022,5.247668657626934,5.976446028536902
2015-05-06,7.946678262461847,5.613641351623759,5.943767471014711
2015-05-13,7.550723844040327,9.154057872328087,3.540108169884447
2015-05-20,7.33075584163441,9.517318653764717,3.3635893388872455
2015-05-28,6.942388756102727,10.092817303683717,3.0982438924633384
2015-06-05,6.273570410844977,10.001274664843384,3.3675166791312674
2015-06-12,6.318655712339285,10.935537030032616,3.3207580492859474
2015-06-19,6.058438547257941,9.81312869459948,3.4752579701670037
2015-06-26,7.468502267292986,10.34446369788582,3.608781366335468
2015-07-06,8.37025477439649,10.324506669898806,3.8369620638478468
2015-07-13,7.91746388333208,10.561380328039894,3.8659322279685577
2015-07-20,6.871950378102019,11.041739103248057,3.734894664213262
2015-07-27,6.269785200113834,11.435973973981525,3.788779686515382
2015-08-03,6.301863506036021,11.382006564815057,4.223362492694224
2015-08-10,6.237109185345185,11.422804844701137,4.4815647528523375
2015-08-17,7.741216831041765,8.92236755760413,4.497424134884685
2015-08-24,10.422615408497265,15.02076254415909,4.452429620165511
2015-09-02,11.264533378272343,13.44401875317875,4.117186954936087
2015-09-10,10.324664657935266,13.353522108485937,3.8741039925805487
2015-09-17,9.273785678818246,12.84179893839052,3.9452964286021546
2015-09-24,6.879026199835154,11.298778926085953,3.4023047237527266
2015-10-01,5.326827645304348,11.488076095214957,2.85826190764892
2015-10-08,3.964822039919323,12.032997047836862,2.8239153892845272
2015-10-15,3.277642994890689,11.944148008281207,4.14767066948835
2015-10-22,3.81872444201288,9.555987955792016,5.8477680167083275
2015-10-29,4.150021295147651,9.419123441527464,5.759565693091295
2015-11-05,4.159224809783506,10.030134918920725,5.801772263415023
2015-11-12,3.626328760368275,9.286342229764935,6.609993984637179
2015-11-19,3.9238409841894732,9.48582143570924,6.526853343562574
2015-11-27,4.861582082347595,9.598602212525039,7.371976811636303
2015-12-08,5.137882166142914,8.210885743159958,8.03771855215079
2015-12-15,4.279020547259336,8.240902261569325,8.809450717004497
2015-12-22,4.417429478687603,9.01724270351793,8.834288522699115
2016-01-05,3.8768934338404017,8.534265089353099,8.708056438724075
2016-01-12,4.756727061162383,8.00990733327265,8.06431626060246
2016-01-20,5.324289937796205,9.146253777911934,7.077849272382441
2016-01-27,6.314150971340689,9.139150032101167,7.337347581295214
2016-02-03,5.73405089341421,8.278952943772385,8.047423446566402
2016-02-10,6.6086113537028774,8.135970334161875,8.229556388915515
2016-02-18,5.651115373240793,7.145015757328062,8.715381698561943
2016-02-25,6.8909975407572635,7.23571840287735,8.322170081627606
2016-03-03,7.2201973093738365,6.291835044760074,9.116096046776008
2016-03-10,8.382929394972262,6.7314982441599245,7.906462625961482
2016-03-17,7.902778848731554,5.626319640098309,8.522793008920697
2016-03-24,5.685327659004042,6.083904796563239,9.3498346703021
2016-04-04,5.574173786879994,5.586755280007094,9.867534390504334
2016-04-11,5.85124125230786,5.238083152213926,9.897198761319283
2016-04-18,4.703029098449209,5.09702708163614,11.259583026089608
2016-04-25,6.36809406655353,6.320528634166882,10.861928612596985
2016-05-03,6.4522725556689124,5.897884826509459,10.704705208936753
2016-05-10,5.783063228585699,6.511496051970264,10.501796146828651
2016-05-18,5.734852233223698,6.0149177479237865,11.120663591855653
2016-05-25,5.878774248293679,4.921357464979155,11.892917037918703
2016-06-02,4.8483608394497235,5.078819844897679,11.101020767241167
2016-06-09,4.7910717192717,5.251712002328106,10.63682263014751
2016-06-16,4.891648021983725,5.568968888733653,11.429456927042299
2016-06-24,8.373231963207157,5.205158664825312,12.542959822449578
2016-07-01,6.54219936124344,5.7106848857350485,11.483026607021579
2016-07-11,6.7862566769906545,7.497663885745438,10.719036721253612
2016-07-18,6.622218887824893,8.061252219883771,10.552648191915713
2016-07-25,5.893372090001241,9.231060131483108,11.743317188846941
2016-08-01,6.691641884537805,9.500802703089892,11.554458066355808
2016-08-08,6.178104759894698,8.912173908362014,11.433606740132113
2016-08-16,6.2944567446819555,8.781706678957473,11.709230598212235
2016-08-23,7.558401747376019,11.017026158748134,10.972700295948318
2016-08-31,7.786280540336655,11.17096195861585,9.566429898798395
2016-09-08,6.000549036018409,7.483381596639388,9.33673629276728
2016-09-15,6.3043468335279655,6.736781685321603,9.46097335867577
2016-09-22,6.341985981321601,6.900589217858488,10.177181333037936
2016-09-29,6.664445747559497,5.602026652797417,10.891845577318557
2016-10-07,6.275516050032422,5.569390345207637,10.666683738741487
2016-10-14,7.11741579248792,6.208896267988209,10.693661547423265
2016-10-21,6.390431911213299,5.398591500706817,9.8509576321429
2016-10-28,6.32908049180072,5.566062596132799,9.7420168391344
2016-11-04,6.606050663200991,5.423620960448764,9.85158725659177
2016-11-11,7.862361883079959,6.178346668301111,9.409213933056682
2016-11-18,8.511705542689969,5.29156574381596,8.964658333861104
2016-11-28,9.730372629533615,5.886690107071567,9.196452222447267
2016-12-07,9.177652317580748,5.506160889311227,9.49431758654233
2016-12-14,9.499803304512215,8.59520460631239,8.370098200385423
2016-12-21,9.770364146491234,9.011955060826295,8.111272498490308
2016-12-30,7.863493515179141,8.603779633973678,7.801884652396501
2017-01-09,8.890942917410865,8.612253473500664,7.474502877447282
2017-01-17,9.67850710080506,8.67058508118448,6.900800017087868
2017-01-25,9.0763890810823,8.100110054972427,6.987942565323976
2017-02-01,9.315910351725648,5.79217176501216,5.930882950628726
2017-02-08,7.202912397106607,4.8120557460760915,5.388336512489042
2017-02-15,7.162138569075856,5.226043754377289,5.199407783270441
2017-02-23,6.256663883591787,4.574090522056694,4.116696826426665
2017-03-02,7.097040357824775,4.944375970579305,3.913682779407128
2017-03-09,6.4505183628455285,5.455231586906968,3.6758164151683776
2017-03-16,6.736364557041331,5.3077262604580735,3.8451436715297653
2017-03-23,8.14410851231602,4.143009542345526,3.277584081555852
2017-03-30,8.379269136619536,5.786988986707489,3.556773757231421
2017-04-06,8.252204390025106,5.867267440955275,3.4239506796486054
2017-04-13,7.315604653966052,6.442417419596274,3.4176704345944797
2017-04-24,7.90161026469196,5.125669374010322,3.900592055611085
2017-05-02,7.218046732186769,5.3845373193597545,4.175002065909497
2017-05-09,7.689576893436669,4.272924231865746,4.334148215458579
2017-05-16,7.366251959641101,4.436806477916031,4.326273852163528
2017-05-23,7.262905968584809,4.5278282485943,4.235759694884152
2017-05-31,7.865085504594887,3.694512213622567,4.490189102767023
2017-06-12,8.106514406408468,3.537755550664814,4.729256970162036
2017-06-19,7.473013130941424,3.844497799228664,5.089450872142304
2017-06-26,7.002430402272823,3.9337756095594916,4.276567579736272
2017-07-03,8.280884309634716,3.797914987247532,5.603239065416318
2017-07-11,3.4156135695437237,3.351579905389672,4.406270333902458
2017-07-18,3.3443498710806967,3.206327371737661,4.22512805207324
2017-07-25,3.4096620188334814,2.9226693315507015,4.4178461095053905
2017-08-01,4.468002938158201,2.73356958629385,5.623146569853899
2017-08-08,4.090146904487068,2.8174550076716374,6.605335024406704
2017-08-16,4.869562908442674,2.706048073542666,6.921431343254527
2017-08-23,5.441111952410784,2.211213671696732,5.741836735972377
2017-08-31,7.412384249293145,2.5528829233084904,7.989920012962621
2017-09-08,6.549859891435451,3.056003043396574,8.660457283382787
2017-09-15,6.824032356763581,2.8601113717373168,8.94730581765555
2017-09-22,7.210950355591821,3.7678421438632874,9.466928908594104
2017-09-29,7.311221888429456,3.301347115003888,9.575619434150703
2017-10-09,7.146006794738853,3.7135686976902287,10.135093773637553
2017-10-16,7.134134475429476,3.725002738971706,9.962386894260652
2017-10-23,8.513166449784956,4.55721557230147,9.957170351923775
2017-10-30,8.322528668772911,4.794152051829169,9.823249633365187
2017-11-08,8.000949187079268,4.589721148199935,10.338130749028156
2017-11-15,8.39334295543743,5.5659858578139225,10.182840622584422
2017-11-22,8.715204705961881,6.264211541652136,10.019374087312809
2017-12-04,8.548360304559434,5.869248897426713,9.712585689758551
2017-12-11,9.270064704710947,4.798891852608657,9.81368144870521
2017-12-18,10.00940094010846,5.29158390122775,9.705769166030915
2017-12-27,8.862144652579076,5.4747247342459495,9.122684257882685
2018-01-05,8.165801395320958,6.4097671090264265,9.339754557630375
2018-01-12,8.137847821356454,6.987300258331889,9.317799305888304
2018-01-22,7.60829798536786,5.915862401260394,9.312846110520411
2018-01-30,7.366209725965829,5.864077799996516,8.792625556508606
2018-02-06,7.766021384135471,6.216238938014695,8.664536318704632
2018-02-13,8.648037283059086,6.549175224336052,8.390587188538078
2018-02-21,7.717727069717235,6.914443784312732,8.662922738276897
2018-02-28,7.414151337347817,6.233023422076546,8.780521628798123
2018-03-07,7.671354343979242,5.634403546807495,9.505511657918916
2018-03-14,6.502934759025772,5.444782646212854,9.970824016373781
2018-03-21,6.169167175318002,5.68197324372199,11.330919180132446
2018-03-28,6.3644441479734,6.189106264357571,11.931817408931549
2018-04-10,6.875872477796477,5.361253511795861,11.666123251179625
2018-04-17,6.4008708840032895,6.127134270631675,12.336351534581251
2018-04-24,6.366756220350826,6.145836705371821,12.43981840266719
2018-05-02,6.91940052324343,6.542957493286478,11.505976943854305
2018-05-10,7.000455332506263,7.0817271718659445,12.108888154406852
2018-05-17,7.416209415826834,6.8776921853470085,11.589589534363462
2018-05-25,6.935978428311772,6.289353150462076,11.901861403231681
2018-06-05,10.80748305320344,7.023960176702271,11.132329827029341
2018-06-12,9.751934390414654,6.346346865373079,11.370287710546796
2018-06-19,10.776089192388582,6.327550379803451,12.810216948746596
2018-06-26,11.058033403920376,6.8932268058106985,12.926422743523641
2018-07-03,11.283832197441807,7.319765013530735,12.7698410801294
2018-07-11,10.45686579925885,6.490066250898355,13.334565492657514
2018-07-18,11.305046096710448,6.16555858459161,12.950263160603416
2018-07-25,8.83455192031276,6.0541650597894865,12.465832840196013
2018-08-01,8.088999339874789,5.827248993962414,12.405832952028163
2018-08-08,8.229860508007713,5.5447205511750335,11.395120586396821
2018-08-16,9.678825104942257,4.869741566113813,9.854149584520012
2018-08-23,9.51177981221019,5.16020786446185,9.435124806903177
2018-08-31,10.459387727966297,6.329343737040596,8.990991792944637
2018-09-10,9.811784680788955,6.823604077203395,9.509951598445934
2018-09-17,8.505453484211968,7.211668498606184,10.033584353232502
2018-09-24,10.238834404721263,7.047169842668023,8.04895268868991
2018-10-01,10.039297078889673,7.498256762387293,7.412272382721411
2018-10-09,9.454546874967969,7.8669596777944015,7.22588696269007
2018-10-16,8.941855063125068,8.833566785426193,7.37677592358728
2018-10-23,7.504607223979917,7.893087892273547,7.6479167948225175
2018-10-30,7.877894126486872,5.912560837098978,7.737601163123849
2018-11-06,7.062130739754952,4.185894493361424,8.862286751857702
2018-11-13,7.578423512023895,4.322091729814407,8.007950957304256
2018-11-20,7.670857729375134,3.597274438138639,7.888631806044187
2018-11-28,7.549921701365763,4.404020106819742,8.419151990239541
2018-12-07,6.602430109371411,3.673476070493053,8.86187709970177
2018-12-14,5.591398932088412,4.379791182279689,10.252115558255495
2018-12-21,5.837882966793594,5.2273131021915855,14.170307966066076
2019-01-08,7.653608456165065,6.574054002671789,13.671345409820315
2019-01-15,6.43654801635037,6.935282217372202,15.968232032369368
2019-01-23,6.236512486077291,6.48177571880084,16.21208544207397
2019-01-31,8.750311014145733,5.8337620010862885,16.844114144841544
2019-02-07,12.053006804534071,5.647064622875082,16.838447370452997
2019-02-14,12.2290994066297,5.569258088235898,16.528544658618085
2019-02-22,10.589532230285846,4.448618237063098,17.43839456130423
2019-03-01,12.012984806133144,4.289696063153638,17.515143967787083
2019-03-08,10.876664570363696,4.739157272353085,17.582909071186467
2019-03-15,10.509649212183858,4.89930453854541,17.516665289010955
2019-03-22,10.627756713834078,4.653207223243134,18.13300633024803
2019-03-29,10.26471336671474,4.606506781519811,17.92016434399304
2019-04-05,10.595639374718148,5.1565395604133,17.44725260659225
2019-04-12,10.202478003614587,5.199172887426481,17.601175298184884
2019-04-23,10.173770859292766,7.1652962147943375,16.701831181328522
2019-05-03,9.649449712690277,6.388135815727326,16.688764858322173
2019-05-13,8.198075531685536,8.674202803300677,16.57433318358356
2019-05-20,7.880009047685087,8.517007623615443,16.600758202903187
2019-05-28,8.107028857955353,9.302166008636794,16.738900762572143
2019-06-04,7.911669060576035,9.623428805351985,16.614298618008164
2019-06-12,7.848311764153147,11.676885017735936,15.957413150411941
2019-06-20,8.306142284204473,12.558053682305012,15.534870195490349
2019-06-27,8.257304257635488,10.103578594496545,16.63992073890992
2019-07-05,9.407769404665714,10.610320983896578,16.005225550547884
2019-07-12,10.217535601649852,10.801599429848366,15.775447598343053
2019-07-19,9.574257689769729,10.087287691524187,16.482060324955707
2019-07-26,9.211387424638378,11.542212924473363,16.897052876873854
2019-08-02,8.691477121685596,9.417142984412708,17.484725448824296
2019-08-09,8.56239194694657,8.96128817535649,17.54739080103659
2019-08-19,8.534483460404472,9.27154564327392,18.22897784008459
2019-08-27,8.99840400256968,10.089500593429285,18.396273836058093
2019-09-04,8.95228794309898,9.858851379759887,19.880307140570785
2019-09-11,9.08164466544032,9.084861266871696,20.37648072451148
2019-09-18,8.79770469545035,9.137781592803606,20.89838471045606
2019-09-25,7.585897138572711,6.954138505275432,22.278372373336808
2019-10-02,7.279514250522232,6.567879493885495,22.38424526086741
2019-10-10,7.514107009715793,7.002185372380749,22.974562137714194
2019-10-17,6.949916091195855,6.243832635875764,24.135354601320095
2019-10-24,6.629627454534009,7.142727893511738,24.880168246248658
2019-10-31,6.384030290784734,5.849071256311197,24.884746411528614
2019-11-07,5.540954059856167,7.964601964236469,24.94575394077419
2019-11-14,5.230915505106311,7.106075976025048,25.443439431373324
2019-11-21,5.287491294903991,9.578443060087007,25.4576394128944
2019-11-29,5.549613400813171,11.323086391265269,24.95096773984124
2019-12-06,4.854755584360122,14.727899964719185,23.32162497226987
2019-12-13,4.938890318304377,16.814790134482973,22.07283258162567
2019-12-20,5.238033922807225,17.22361737762919,22.21726230257
2020-01-06,4.406564698844184,18.044542020282645,22.053606715592053
2020-01-13,5.242774077069589,22.129522032217107,20.989543130632146
2020-01-21,6.958633496574858,11.78565426664859,21.011836479236333
2020-01-29,7.407104848342749,10.656146110584853,20.18732487529976
2020-02-05,7.7425165055187515,6.4934339591715435,17.146304463627732
2020-02-12,7.029491272433572,7.314698895225149,16.131074450036387
2020-02-20,5.108793208292882,7.147282342269893,14.824275498914849
2020-02-27,4.263366173324655,11.736086967187294,14.634678820522078
2020-03-05,5.742571028484367,18.047586615423654,14.085805448821315
2020-03-12,12.751857585078696,37.357297750086886,10.155132409956376
2020-03-19,15.44143335315002,36.09949142554043,9.526536554642929
2020-03-26,16.07556701739761,35.67439299241181,9.774095915186633
2020-04-02,15.252712133932746,36.85081754650477,9.217632772984457
2020-04-09,15.201237771927298,36.0393623349128,9.794468009215084
2020-04-22,14.670317130002672,38.562509141639744,9.408876772370332
2020-04-29,14.018276050277887,40.37976043824893,9.279625577535839
2020-05-07,13.596065826545683,38.90978742009533,9.810323308547801
2020-05-15,12.824765631093467,41.370355300724114,9.561461097202304
2020-05-22,11.259785611609228,40.518345085752614,10.492582115655116
2020-06-02,12.913836943609404,40.032253311459996,9.988544114574296
2020-06-10,12.64016996306019,35.638811323370305,12.144235063153932
2020-06-17,14.527511066752052,37.43814897715555,11.119737208916714
2020-06-24,18.626047614573146,35.629084213057425,10.387529639093525
2020-07-01,18.515681434056148,35.27695446568032,10.553477892389715
2020-07-09,18.17249455576821,35.80685742124959,10.374633909174202
2020-07-16,19.427430330260727,34.769650363136876,9.73453873271212
2020-07-23,19.160121510455983,34.387976531521105,10.327691201997812
2020-07-30,20.619840764313807,34.496861801034626,9.513267487768104
2020-08-06,20.942761989375384,32.846295604229695,9.72278122404354
2020-08-13,22.521114570695584,32.751580516017555,9.32017480911479
2020-08-20,23.81008840893672,33.313718833573866,9.048968793112083
2020-08-27,25.22547505925558,32.96620250726091,9.302108825395536
2020-09-04,23.620983392153356,32.23878904236481,9.869814673403694
2020-09-14,20.563614041977438,31.837213166462266,10.914177720773276
2020-09-21,20.66369278453216,31.00353292309652,10.889851373057411
2020-09-28,22.236534417973488,33.20484028556754,9.253947658059824
2020-10-05,22.264164138321473,32.96499740785667,9.581150692209928
2020-10-12,22.240542909560695,33.06077077283934,9.454108871695215
2020-10-19,21.969152415176254,34.5163795733488,8.83798828628128
2020-10-26,22.9522498141064,34.09248209620591,8.412105312009741
2020-11-02,23.659059500553774,34.88852500944047,7.886022889334571
2020-11-09,25.141603522891998,34.97637059946187,7.980814789251312
2020-11-16,23.435796149920122,37.21181244972452,7.599652619059669
2020-11-23,22.973462237009468,36.018906200935064,8.010939249026087
2020-12-03,22.111018827427294,35.75491843469452,8.509269775522462
2020-12-10,22.488947468995782,34.429627994013,8.73002721487353
2020-12-17,22.52585802704597,36.253086416923445,7.921580364744477
2020-12-29,22.18393663752085,34.918685243821784,8.684183264906402
2021-01-07,22.70927171071141,34.235974024470494,8.710530536142379
2021-01-14,22.416436754433356,33.206714206835436,9.257983751443092
2021-01-22,23.78143118531966,32.05421219775348,9.695467494237839
2021-01-29,22.26340242500264,31.8281956436936,9.584401150162257
2021-02-05,21.039958319644683,32.3951340563849,9.664240459992943
2021-02-12,20.413998136515758,30.994917218100873,10.445589743504957
2021-02-22,21.440465016469435,29.77412316708908,10.698724683995648
2021-03-01,20.69887122703563,28.447436333426413,10.914642739267801
2021-03-08,21.72418648102378,29.564378865721864,9.9573273745753
2021-03-15,22.283638921046784,30.329634390050572,9.431371784012466
2021-03-22,22.173318941484847,30.08541567463628,8.792824115954744
2021-03-29,19.855301761567823,24.23926171651783,9.150194493234027
2021-04-07,20.084964611067285,19.207500537716783,8.955112011874508
2021-04-14,19.13990561449831,17.238298865032963,8.919501194206157
2021-04-21,20.217028635090603,17.731155315718368,8.886871874927753
2021-04-28,19.754830722653764,14.542654472935856,8.514911353978526
2021-05-07,20.275630099553812,14.27910584245876,7.870867998528322
2021-05-14,19.091190786037618,14.200381322829363,7.336076083468349
2021-05-21,19.516042252945326,16.080265483909294,7.038409581097978
2021-06-02,20.807304498466642,14.199619730953485,6.5454478958930995
2021-06-09,21.755556490078078,13.471497253992249,6.699258322936181
2021-06-16,21.055218655176112,13.629671613693166,5.69189758455207
2021-06-24,19.011250544794706,11.01425071764113,5.189337985208699
2021-07-01,17.417195062769416,9.847175094284918,4.643802745417851
2021-07-09,15.827731535481234,8.937293114052332,4.628010376945756
2021-07-16,14.55583586321454,8.860120158706453,5.425459235239176
2021-07-23,15.120574502163404,10.104216423810705,5.6738524144133144
2021-07-30,15.169821095099003,10.821109996996947,5.870679274968215
2021-08-06,15.903912371853039,10.129744919386075,5.2341745262340975
2021-08-13,13.448217761221967,11.10293855023035,4.66285083632463
2021-08-20,13.724494233551722,13.425657967862104,3.6427396584854392
2021-08-27,12.936798616994528,14.184037535577094,2.9940740874115948
2021-09-07,11.387582621328121,13.802331049010201,3.1816513983125834
2021-09-14,11.29823616559365,13.55420099904403,2.905043549729947
2021-09-21,11.436066582935268,13.147148816066196,2.7686678707701757
2021-09-28,11.792377715413405,14.088533630068765,2.263687027814098
2021-10-05,9.187863309234748,13.907917296924913,1.69032966042165
2021-10-12,8.809747102570292,12.81926390773869,1.9793095371661495
2021-10-19,9.683735373564435,12.41559676633062,1.7472019719045873
2021-10-26,8.318470639155422,11.269213698617795,2.098042227870107
2021-11-02,8.68762829782059,10.11303864388962,2.652133380886525
2021-11-09,8.144936917234451,9.169098895714445,2.055951740912807
2021-11-16,6.8489036378626444,7.507238687063124,1.4303258703754418
2021-11-23,3.944148784775873,5.907476526835847,1.3822193690876157
2021-12-03,3.5644780214819143,6.4307945760624134,1.2206040100328204
2021-12-10,4.036295441049651,5.303907433247307,1.2684965806272437
2021-12-17,4.4021765177383365,4.809851560744403,1.2587790693880396
2021-12-29,5.085081684564848,5.154743142882898,1.0889085586837242
2022-01-07,5.457145472309722,4.070644147854366,0.9355557008331701
2022-01-14,5.373186901007499,3.490947524202863,1.1942209816522265
2022-01-25,5.949195101726415,5.6561008035303235,1.265182906185823
2022-02-01,6.421959412710465,4.9776699374846665,1.1108428952264602
2022-02-08,6.530078479493971,5.141564519765771,0.9383672777504146
2022-02-15,7.631004679498135,6.565135195264109,0.9208601151080509
2022-02-23,9.795200194544925,7.8115992497881805,1.1637193537359227
2022-03-02,14.220224672735032,9.809317004587312,1.48659192520923
2022-03-09,24.91142549689952,11.738834846111619,3.936825054491582
2022-03-16,24.298457284104508,12.458056817699308,3.840428102411246
2022-03-23,24.59155409472019,11.12073900789837,4.349212449986604
2022-03-30,26.200229180788988,10.233404706159735,4.6145879464790225
2022-04-06,26.16470188842864,9.39909010333508,4.234306095324974
2022-04-13,25.571660213195518,8.567701684261596,4.007120272102389
2022-04-26,25.38798592573059,7.463214085391389,4.029701442490375
2022-05-04,26.21500822495222,7.882228683431535,4.081704036570741
2022-05-11,26.57675682011247,10.03250265585279,3.487490952241391
2022-05-18,25.30052962189479,9.821221608474355,3.437418494970888
2022-05-25,25.378626495410018,9.999029203342898,2.9662824936498033
2022-06-07,24.90915837820523,10.222091781171263,2.293105339389638
2022-06-15,25.425761319974214,10.933702560939583,2.2102901858581028
2022-06-23,26.67919292635142,8.013705721463367,2.4117165902408266
2022-06-30,25.947422754472157,8.13644991362085,3.0666928416745867
2022-07-08,25.02859682286062,6.55994583134849,3.0786202132759124
2022-07-15,25.95010722197352,4.44145709776039,3.0193574727288452
2022-07-22,25.307162402840426,4.875601583298326,2.981864818466035
2022-07-29,24.434534457803622,4.585579488567745,3.3756587238238502
2022-08-05,25.275236185295213,5.280118339113958,3.1096149968140208
2022-08-12,25.60313277877123,4.886037642551876,3.164883640773674
2022-08-24,23.50184889559928,5.386244922820975,3.2398172099498317
2022-09-01,23.641272458856516,4.432320365176773,3.052136218056954
2022-09-09,22.12814691094137,4.6815627830843844,3.1128130148206394
2022-09-16,20.996607450640028,4.881021061440938,3.301162540636618
2022-09-26,21.18089994643453,4.696628823278495,4.027264881807619
2022-10-03,22.080311293859047,4.776847072166747,4.40067820099345
2022-10-10,21.852658331345893,4.338205117056115,4.9504367266263305
2022-10-17,23.64487869313164,4.38010040331978,4.89269190414382
2022-10-24,25.434369183340735,3.526654019685917,4.446526893980445
2022-10-31,23.772905180987184,4.301281510828984,4.827809590322646
2022-11-07,22.973782490787503,4.270101506918358,4.5150414195718795
2022-11-14,20.570569213488504,4.5518962438835935,5.153375246886387
2022-11-21,20.65839083520116,5.147773221424957,5.011266804760137
2022-11-29,17.992969499003273,4.597140712896737,5.80288070596734
2022-12-08,14.6384555463628,4.880134070240969,5.7275486980506365
2022-12-15,15.984449195450198,3.7677996256570854,5.552193706565932
2022-12-22,14.676094985998208,4.16775506125559,5.418804176069444
2023-01-03,14.553069319862445,3.8872250208393138,5.7092966748459615
2023-01-10,13.726508933813456,4.0961786089053085,6.569272038148446
2023-01-18,14.8755610577321,4.1805155058432,6.062910746153932
2023-01-26,16.770193203277067,3.5805628978761286,5.763097254504569
2023-02-02,17.706624275703568,4.662067626183377,6.477489990746937
2023-02-09,18.807523044933582,4.442010541475823,5.984447459604613
2023-02-16,21.666916880719143,4.1568475614233655,6.224148367947588
2023-02-24,21.298625684341424,5.7836813137965075,5.532775239473748
2023-03-03,20.377671292403363,6.470330429752112,6.232890284146856
2023-03-10,21.679761055184045,7.218833524303772,6.041392380528155
2023-03-17,19.03322257647736,8.736315058307639,5.656785596258296
2023-03-24,12.860396728411676,9.055716957829723,5.043867701655035
2023-03-31,7.4035466854037,9.941466017644924,3.8266221807253897
2023-04-11,7.733059458972052,11.396710161734399,4.609308676855375
2023-04-20,7.945248260171979,12.478843935780722,2.798720204730936
2023-04-27,8.807832386139795,13.791117070534082,2.965907645226672
2023-05-05,9.491005887728981,12.8369267680453,3.396720392772935
2023-05-15,9.51332677288844,14.089708504600022,3.179621822410077
2023-05-22,8.785337889602957,12.827140743936958,3.282096907548424
2023-05-30,8.898642234234623,12.030588220089003,3.7094445765159065
2023-06-08,9.348890453633462,11.566827058536159,3.805359379337173
2023-06-15,9.239818097760267,11.539666221483262,3.730396937662797
2023-06-23,8.82762407005302,9.855543542243524,4.489867059093885
2023-06-30,7.743850297378003,8.347436445655335,5.8414145934425665
2023-07-10,7.618186324590481,6.836287023060791,6.381362733745275
2023-07-17,7.075413847758773,7.331491138001089,6.815495721337433
2023-07-24,6.210626719081839,6.695695584824747,5.974773171443057
2023-07-31,5.844702878584425,6.00204613658195,6.992970447182694
2023-08-07,5.420474355397281,5.906832409827653,6.950920506453226
2023-08-14,6.831570440713554,6.144280861789763,7.4528600416260735
2023-08-22,6.0261769770824465,5.46440067473445,7.001784730545712
2023-08-30,6.7949100175377275,5.065621272956637,7.49497134070906
2023-09-07,7.015896767500035,4.959870218411083,8.02247479989914
2023-09-14,8.127249563398532,5.448481933994756,7.410936049868761
2023-09-21,8.273856695028464,5.583955918692538,8.626073274254692
2023-09-28,8.507676035698616,4.868491028550888,8.982635000158092
2023-10-05,8.454180235724735,4.584754105964688,9.244427239672964
2023-10-12,7.278294013634746,3.569975171930829,8.741522286209491
2023-10-19,5.93442062910583,3.0645665929555994,8.413917537285272
2023-10-26,6.589036191977476,3.008754145775702,7.807965563366718
2023-11-02,5.944642801487932,4.238234283891051,7.209267746477103
2023-11-09,6.0086465051954345,4.073664361881089,7.739945452242628
2023-11-16,7.026951497653393,3.917445529014345,7.438698201971008
2023-11-24,9.057719048747067,3.4353913123464253,7.154221467431579
2023-12-05,9.454069798243832,3.6492290663112508,6.285405138205175
2023-12-12,9.575335765763441,4.107595818445754,5.91133468859195
2023-12-19,10.277449825297317,5.178129606586342,5.187530793518742
2023-12-28,10.83113193824042,4.836240952501914,4.99984507249302
2024-01-08,11.185445501497203,3.8998323461976403,5.328547718342545
2024-01-16,11.306203986160611,3.9722294524886643,5.4979547553040415
2024-01-23,11.870915512099451,4.825937828307858,4.4374715740243875
2024-01-31,11.944858326635302,5.090767652044867,4.688120004641851
2024-02-07,12.194375842608707,4.775856482257705,4.649756919774512
2024-02-14,11.512930578218782,4.327008035920684,5.204126687375879
2024-02-22,13.440966838788153,4.174016795105331,4.0817595999263485
2024-02-29,13.535529345844374,4.650043314923609,4.128001853885557
2024-03-07,13.740113080846003,4.461055932213656,4.185033898118178
2024-03-14,13.588062144922368,4.744900742291478,4.180929008875584
2024-03-21,14.802868219266442,5.011463149417679,3.8750853898633864
2024-03-28,13.464806139406367,4.793484983001141,3.2228900675962606
2024-04-08,11.842179690337183,4.804053317886247,3.454560489147521
2024-04-15,13.219743997748822,4.4699465575174155,4.492410473947925
2024-04-22,13.663959157327334,4.500327633131622,4.550587158015437
2024-04-29,14.910770588018089,3.9567714703086514,4.491742320574028
2024-05-09,14.042016729137167,3.648112597158198,4.281765781348668
2024-05-16,11.912594907397475,3.772928442656358,4.472017476045093
2024-05-23,11.12535156458187,3.9365527686622044,4.417473050815489
2024-05-31,10.849610547827156,4.105375588955884,4.646087899039268
2024-06-07,9.798022493357326,3.7371534018937265,4.979113916561253
2024-06-14,11.331320368301206,4.069771509662905,4.984467310521026
2024-06-25,12.7653895191207,3.909428076136739,4.199372857886315
2024-07-02,11.487907153191834,3.8777719096969054,5.444971596934769
2024-07-10,11.523492628301181,3.7374636265963534,5.684568211373666
2024-07-17,12.092855554060362,3.2704290497289685,5.073910509457172
2024-07-24,11.718240750753539,4.010309252253802,4.588627099950786
2024-07-31,12.166171276675206,4.01518439357543,4.633838062102071
2024-08-07,15.754869251826184,6.996299852401894,4.144477244147659
2024-08-14,17.267325864418524,7.367973860655056,3.609633344499347
2024-08-22,15.113419142982798,7.8965035795673,3.3580910546861036
2024-08-30,16.643852802087217,8.160970954904553,3.143933630992701
2024-09-09,18.371951138788557,10.34833076010442,3.2179745047118007
2024-09-16,18.57688113675884,10.296154293630028,3.3850915234069996
2024-09-23,18.106894275708505,10.753227217716816,3.029460442525494
2024-09-30,16.325440099496817,11.475541266690913,3.149357093323479
2024-10-07,17.913524926686545,11.352430445940497,3.4331041472010457
2024-10-14,16.18735710058319,12.693149741278027,3.3921476959399306
2024-10-21,15.535564940728593,12.539130547231768,3.6430569748436983
2024-10-28,15.843903455354681,11.78858983935745,4.021953133843581
2024-11-04,15.062030625197112,13.85297078859576,3.7245276229098683
2024-11-11,14.985581208056134,14.337575401912495,3.696888983421098
2024-11-18,14.222438307696393,14.038860997285385,3.8460425966070177
2024-11-25,15.133100455119093,13.918651833365217,4.179016519291488
2024-12-03,14.709093443936299,11.677726506180408,4.799405657594794
2024-12-10,14.237250437680224,10.238483231427914,6.526408742227662
2024-12-17,14.140315111454045,10.42194580650974,6.400977406596433
2024-12-27,13.178488117532208,13.14859355579941,6.00235215109927
2025-01-13,12.76208225787736,13.191492692350913,6.336545845134399
2025-01-21,11.123100866916438,11.159990477860372,6.974927934813923
2025-01-29,11.4876592915938,11.191210720663047,7.051950477738199
2025-02-05,11.816307883778453,10.58146454350791,6.49517863714421
2025-02-12,10.274163175639039,9.894174058688622,7.532475397496311
2025-02-20,9.682201343115137,9.76535447687031,7.394211469385554
2025-02-27,11.84909639479614,7.04952133591179,7.148357702411211
2025-03-06,11.336328158059601,7.321905538223917,7.883648541354816
2025-03-13,10.160635756800353,6.013060200166226,8.115775830991625
2025-03-20,11.059420575766776,5.425398171682342,8.288695131672537
2025-03-27,11.258766477326551,5.716902850642136,8.756538771337071
2025-04-03,10.599628173843588,4.909917028953265,10.445698702699353
2025-04-10,15.723468904264475,8.225221079388529,10.803546497661458
2025-04-17,14.906407018192166,5.366787939695886,12.513110768891542
2025-04-28,15.579957497506204,4.78805180147,12.736496943601558
2025-05-07,13.204892374644297,4.478424378336907,10.98099600611712
2025-05-14,13.817740402962027,4.627597676294033,9.44718403996951
2025-05-21,12.896883270467026,5.168109948556709,9.924321559337583
2025-05-29,10.971794283527448,4.71000454186753,10.228824863672466
2025-06-05,10.561947343393935,4.446845259426917,10.510512818731545
2025-06-13,11.305093720246301,4.534837628687437,10.084184625199057
2025-06-23,10.884282399649226,5.157675327237976,7.94401197555192
2025-06-30,9.905797448321676,4.648320905637599,7.8360887440398415
2025-07-08,10.129037290163165,4.427455709403673,9.067042412501765
2025-07-15,9.828911646130384,4.305785827425349,9.370481338734633
2025-07-22,9.583327703045466,4.461081664933094,8.68559321529437
2025-07-29,9.145193825247055,5.21022500693657,8.792719517454325
2025-08-05,9.728713036110229,4.933102062265239,8.776313681425336
2025-08-12,8.645682721362924,5.151353762285124,9.051657824044934
2025-08-20,7.9390812487826246,5.4599041419232925,9.760586222055345
2025-08-28,7.184624936758938,5.491593601780724,9.315436270302243
2025-09-05,7.3890155205167645,5.418825256460769,8.891104327300734
2025-09-12,7.0180047300718424,4.91583469067788,9.641545231076245
2025-09-19,6.201028339370356,5.423382622711268,9.149142907887756
2025-09-26,5.6480117341589775,5.124814495911055,8.684845586435147
2025-10-03,4.984953705894622,5.120660317254062,7.642614493054538
2025-10-10,4.681703544827293,5.337896549779645,6.781486215128675
2025-10-17,4.851369200445724,5.783497717629531,6.182321711713049
2025-10-24,5.474550138862865,6.679869778006054,6.226418755131063
2025-10-31,5.499149893162679,6.703838058995425,5.548390531357722
2025-11-07,5.8254415421731185,6.595158762968856,5.436586225077962
2025-11-14,5.944393326902588,6.167984106497742,5.097671833118612
2025-11-21,6.091039115769725,5.994214196201892,5.056457668253443
2025-12-02,6.305503147172438,6.591677121386906,4.44325531205156
2025-12-09,5.94722787104169,6.937837451600624,4.509040722528679
2025-12-16,5.817459567046041,6.356109882693342,4.526001161218309
2025-12-23,7.387876272441821,6.478151751024171,2.298962827498994
2026-01-09,7.559632551807205,6.828027073889041,1.4587591461237515
2026-01-16,7.870781889785181,6.811049324021013,2.3579950765579887
2026-01-26,7.942145677541804,6.372002353883762,2.315469821288615
2026-02-02,7.9609922738913115,6.12734691852763,2.588702655103924
2026-02-09,8.09632666637716,6.638461940033242,2.3978447125086246
2026-02-17,8.129184135813556,5.492299683052055,2.28043824487672
2026-02-24,8.656542623214168,5.182666804364944,2.219617516458129
2026-03-03,10.349060002795856,5.170005169791788,4.214394247287972
2026-03-10,10.305527414854263,4.7647072328838345,4.342180993677104
2026-03-17,10.401987098542593,4.587370654329252,4.812649347319239
2026-03-24,10.967634777151838,5.204753426372511,4.870958037866161
2026-03-31,11.311410747631129,5.58109343870205,4.5972740124091365
2026-04-09,10.75398873785208,4.731365876337484,4.637102324428239
2026-04-20,11.018532636347349,4.664362137391244,3.6530741348039717
2026-04-27,9.109304024805905,4.164032288570406,4.486834125669628
2026-05-06,9.082312593110899,4.296094534311718,4.904192898872726
2026-05-13,9.25872147542269,4.044537978097656,4.408247468078411
2026-05-20,9.11042344182101,3.603238033490584,4.180966294957739
2026-05-28,9.178346187387284,4.377665794689093,5.4529079484400595
2026-06-05,9.721588769785257,4.458892775990227,5.274891656927485
2026-06-12,9.11444321137559,4.379091904352861,5.7969431990800295
2026-06-22,8.480019589118198,5.2009903075536865,5.29556482123445
2026-06-29,8.551075478441254,4.376237255495563,5.909512923642687
2026-07-07,8.905899861763254,4.582242139979275,5.93385991687365
2026-07-14,8.999886137236043,4.842742333016248,6.322708897019046
2026-07-21,8.25822122546068,4.843852326465187,6.290717483412493
2026-07-28,8.066733334075966,4.7983404049119684,6.785399263745875
2026-08-04,7.490573598552341,5.029140022965181,7.1286824328062
2026-08-11,6.858954487714602,5.053423007688913,7.530564122345746
2026-08-18,5.479034152374286,5.070773128742284,7.400100973649666
2026-08-25,5.114850749760425,6.078945378207145,7.313825265914771
2026-09-02,3.983534231294974,5.634286845549998,7.9024973574198505
2026-09-10,4.166854739077132,6.150543372953003,7.728693950858369
2026-09-17,4.376912116951921,9.167039125023857,10.53391964209663
