,JPM,BAC,C,GS,MS,WFC,DBK,BNP,SAN,INGA,HSBA,TLV,BRD
JPM,23.62357855746056,12.28252762097162,13.425047769492654,10.59581206174369,11.102300884743102,11.7757488555403,2.5010012629056253,3.7371614051231203,2.9700265333941376,4.131411341923866,2.4835141928364353,0.7833557122532716,0.5885138016116208
BAC,12.485801024738048,24.504567380779566,13.989406083270284,9.513547765208191,11.637861614199682,10.208663078859272,2.9990473868115046,4.212910651647511,2.8567423722620355,4.252022224964264,2.4365574782849238,0.5784420848935404,0.3244308540811931
C,12.477574924996755,12.908399992170224,25.22760390720788,10.527367930919077,11.371528921094122,10.483958899745485,3.029722907031863,3.6750547496625514,2.7820956641244297,3.816990199161373,2.7113904192046134,0.5143286578715391,0.4739828268100667
GS,11.946126045961384,10.558926175260746,12.835449453144026,26.98972810091927,14.238998946924502,10.34663287611178,2.5453105735622077,2.6839064362556573,2.0818177055259435,2.6051956589058993,2.2845931777690875,0.4126477237027686,0.47066712595674315
MS,11.198430998059763,12.099607619201716,12.532057328559457,13.695270233902715,24.971863405733636,8.049113865846424,3.095042714027326,4.334942704852792,2.626453638639486,4.516593030655535,2.111364972732947,0.4781726532427921,0.2910868345453957
WFC,12.933748315719976,11.013725001259303,12.666317247620777,9.443608076279556,8.234192761452391,32.256991800883306,2.243486778170465,2.430407804005854,2.527612637081721,2.43460516927126,2.831593404622148,0.48460148574429723,0.49910951788896113
DBK,3.551322589480764,4.566139809579694,4.573654114706392,3.93629321081896,4.809552227035337,2.841186935982261,34.07931753273839,13.57852924138094,11.445432180697903,12.181836711951611,3.631282051355442,0.6918112024347056,0.11364219183759082
BNP,4.432942549702943,5.332637856127642,4.855900184732713,3.5096841574628326,5.6383756099871025,2.5700932759364745,10.32190384246731,28.714522617179224,12.911835051931147,16.53417056401611,4.169532439382547,0.7782714399494598,0.23013041112450303
SAN,3.7554794992023006,4.298029052766328,4.3068550284702045,3.078576908535299,4.257654458217432,3.185240656124481,10.344932502390924,15.238803064987462,31.090462140376086,13.953188785665818,5.305246334757233,0.8085962044185907,0.37693536408783496
INGA,4.604035940126526,5.245977081358656,5.303242817889624,3.4285220923258306,5.697637500099152,2.744944871468241,9.123520483572943,16.69766324304111,11.875562025696158,29.23635957850625,4.758683660406696,1.0444395752676587,0.23941113024117158
HSBA,4.8754809755705235,5.030201477608276,5.750347559487485,4.562706702754002,5.033115097251414,5.156108095820657,5.1528330987038515,7.730529259171726,7.810665973791048,7.905323150877834,39.762865208743705,0.6105519984543278,0.6192714017651445
TLV,1.9985016520688066,1.9982068452428607,1.638377437495915,1.5573312742417176,1.88387476338932,1.876802629465964,1.4166558872178434,1.931657316440046,2.3449937361460593,2.617538155702806,1.7141091788055944,72.32787236983015,6.694078753952927
BRD,1.9528037491739128,1.025863034026576,1.8865730862005496,1.58533206775168,1.0451717575662873,2.0592289404213258,0.5099477359973675,1.0603333858394395,1.244105204413056,1.031497345498263,2.2072819196785662,8.31245753015187,76.0794042432811
