,a,b,var_i,covar,covar_med,dcovar,var_sys,lo,hi,exp_covar,exp_dcovar,exp_b
JPM,-1.2559712625633754,0.959363390268431,2.6630414700768146,3.8107957557216947,1.1860560024265459,2.624739753295149,2.8180334963696128,2.3202828555634154,2.9496537739229103,3.5082900043539196,2.427289430598788,0.8409149524903022
BAC,-1.2661801112267712,0.7594228081870128,3.1706211733087075,3.6740221463580713,1.2234466568865894,2.4505754894714817,2.7142138780756264,2.129700023059172,2.790349466098661,4.259204073647792,2.9083600857467116,1.0462830343967837
C,-1.2497444428079452,0.7175418897327488,3.2543998808917385,3.5849126832890357,1.2096253455606516,2.375287337728384,2.700374571229948,2.0612213714171,2.61766239651256,4.394530469544975,3.015872558353135,1.0877100975386789
GS,-1.4520036732648969,0.8888215629271753,2.7918785082894138,3.9334854925054845,1.3892164323683118,2.5442690601371725,2.810078159668062,2.2082221784759968,2.8745161244441273,3.8189463239637744,2.4203389090022904,0.8410383817682463
MS,-1.333899922901571,0.7206395108481017,3.311731849786035,3.7204647431914584,1.2871230402636997,2.433341702927758,2.7592882976620143,2.059634615886998,2.7197853212539873,4.409960329467719,2.934689751492794,1.0386913102490192
WFC,-1.587753922053042,0.8140266946516428,2.8294523877074447,3.891003696892732,1.5523249032698232,2.3386787936229085,2.843231005772695,2.0321042117166668,2.722596036505353,4.150106601045555,2.540880923615744,0.8724765428696023
DBK,-1.678929628988068,0.6264996344989857,3.8568668046657995,4.095255272422462,1.666906178265781,2.4283490941566814,2.7827296629005214,2.1228397552600056,2.7185137886126842,5.199193292888053,3.071307555711557,1.076334536906786
BNP,-1.4716744209598118,0.7400468194934483,3.3485654165875274,3.949769607371165,1.4085527688744588,2.541216838496706,2.835261760549581,2.290918637244026,2.936233672108344,4.6814340683154985,3.063124354547737,1.060574887708971
SAN,-1.6295983998182995,0.697963397073276,3.364263077432801,3.977730885991491,1.5895826018591994,2.3881482841322916,2.8628985855884777,2.0382881288578223,2.783040235140577,4.752912661569541,2.8400102318404623,0.9726869169158248
INGA,-1.6464216497186221,0.6362433618007156,3.425865653089133,3.8261059299176563,1.6042052695605291,2.221900660357127,2.8556199193778817,1.9684288688192337,2.529913758462615,5.184612404223495,3.2964574503788127,1.125108327948647
HSBA,-2.413149287427184,0.9650502996716314,2.4958515185454155,4.821771543335334,2.381257489621565,2.440514053713769,3.254500207691061,2.0475686300645446,2.765896139786501,3.3533102296766897,1.6980219620589094,0.5121229932172572
