,0
2011-01-20,62.74848543649306
2011-01-27,63.11714064715902
2011-02-03,63.45655803307159
2011-02-10,61.941172713548
2011-02-18,62.725699617892886
2011-02-28,62.167044827001824
2011-03-07,62.42526956721989
2011-03-14,62.97131893149753
2011-03-21,63.977776086480425
2011-03-30,64.28237985276864
2011-04-06,64.33397054807887
2011-04-13,64.67421448707138
2011-04-21,64.87258429955621
2011-05-05,65.15499512931562
2011-05-12,65.33469504596609
2011-05-19,65.96379487816044
2011-05-26,61.24417733217548
2011-06-03,60.36869451657271
2011-06-10,56.54397359644194
2011-06-20,56.476436423158376
2011-06-27,54.34047069569218
2011-07-05,53.37995367749641
2011-07-12,53.95777797812855
2011-07-19,52.54455702486481
2011-07-26,51.742721824728626
2011-08-04,53.24752149993415
2011-08-11,65.49901570764179
2011-08-19,66.08321845347012
2011-08-26,66.16507165138661
2011-09-06,66.2816855852129
2011-09-13,67.11587781499534
2011-09-20,66.7629654927868
2011-09-27,68.13032522363702
2011-10-04,68.36075762658109
2011-10-11,68.15990033505824
2011-10-18,67.54204961951771
2011-10-25,67.39996218447729
2011-11-01,67.63601339449338
2011-11-08,68.42304260400626
2011-11-15,69.07239744835468
2011-11-22,69.0151355524
2011-11-30,69.06762839437548
2011-12-08,69.42087861275442
2011-12-15,69.52621460725707
2011-12-22,69.37176437111273
2012-01-04,69.62299537336497
2012-01-11,69.65092348686987
2012-01-19,69.32292093640353
2012-01-26,69.74278920635078
2012-02-02,69.53309224042711
2012-02-09,69.65382845467649
2012-02-16,69.42710170821165
2012-02-24,69.98689545721372
2012-03-02,70.0516351906822
2012-03-09,69.87103329116586
2012-03-16,69.77109836608552
2012-03-23,69.81364309663999
2012-03-30,69.31689800031252
2012-04-10,69.69486708550555
2012-04-18,69.44667883724149
2012-04-25,69.29619284890984
2012-05-09,69.40090575862641
2012-05-16,68.37005066923601
2012-05-23,68.67104224065089
2012-05-31,68.74357780481685
2012-06-11,68.62943758215587
2012-06-18,67.87165180398867
2012-06-25,68.65470287544623
2012-07-02,68.1177307194076
2012-07-10,67.89088731586597
2012-07-18,67.26326076625924
2012-07-25,66.11283616182355
2012-08-01,65.40256715368992
2012-08-08,65.58973815267119
2012-08-16,65.35228744505574
2012-08-23,62.58001032314704
2012-08-31,61.831237867863464
2012-09-10,61.44842810114514
2012-09-17,62.02254475469159
2012-09-24,62.78894596648402
2012-10-01,62.043498168852466
2012-10-08,62.71775013238133
2012-10-15,60.98343838443949
2012-10-22,60.389320432359526
2012-10-31,60.13475599565417
2012-11-07,60.51078248309859
2012-11-14,59.55833737383627
2012-11-21,58.117016039840124
2012-11-29,58.96918197991537
2012-12-07,59.80477350879265
2012-12-14,60.90771972414974
2012-12-21,58.82718144692824
2013-01-07,58.509166790309806
2013-01-14,58.038367765161674
2013-01-22,57.93116507660021
2013-01-29,58.17290662167287
2013-02-05,57.50404599656145
2013-02-12,57.312101079131786
2013-02-20,56.975288917720995
2013-02-27,57.49168600292736
2013-03-06,57.75457485473634
2013-03-13,57.80572447936916
2013-03-20,58.07847429936193
2013-03-27,58.40153464244874
2013-04-05,58.48506375915629
2013-04-12,58.26319091781572
2013-04-19,58.24984646578217
2013-04-26,58.75715075849031
2013-05-09,57.8766100447539
2013-05-16,57.94292415550808
2013-05-23,57.91961618536868
2013-05-31,57.236936615907226
2013-06-07,56.167234763468514
2013-06-14,55.73997697646243
2013-06-21,56.23903902778598
2013-07-01,55.60840434040387
2013-07-09,54.64801100622113
2013-07-16,53.84961135906686
2013-07-24,53.47772115124347
2013-07-31,53.637315193363946
2013-08-07,52.84500681128607
2013-08-14,51.576721135258026
2013-08-22,50.07825265208384
2013-08-30,50.41124803783196
2013-09-09,50.525321062934495
2013-09-16,50.87733076661852
2013-09-23,50.373056993142576
2013-09-30,50.20426686597497
2013-10-07,50.4759498038655
2013-10-14,49.78977974056493
2013-10-21,50.136503995016625
2013-10-28,50.55751137404424
2013-11-04,49.98780053705335
2013-11-11,50.19416306831616
2013-11-18,50.41303536422468
2013-11-25,49.926157162871746
2013-12-03,49.95997344678536
2013-12-10,50.56752953205428
2013-12-17,51.401014280790754
2013-12-27,53.46212577539355
2014-01-08,53.54073582405043
2014-01-15,53.504937896700454
2014-01-23,53.2714302943191
2014-01-30,53.27115211653995
2014-02-06,54.15588444788001
2014-02-13,54.429511836171095
2014-02-21,54.93435872821344
2014-02-28,54.950116690248706
2014-03-07,55.038502848253
2014-03-14,53.90216168407078
2014-03-21,54.12057575737235
2014-03-28,53.85448496123232
2014-04-04,53.18879425089801
2014-04-11,53.164890607588454
2014-04-22,53.60903588310912
2014-04-30,52.99415666130937
2014-05-09,51.9302788775659
2014-05-16,52.52677654221796
2014-05-23,53.51495485510582
2014-06-02,53.58841662226743
2014-06-10,52.79675088869086
2014-06-17,52.357109372738215
2014-06-24,50.791232281492775
2014-07-01,50.458871943364656
2014-07-09,49.426434066358425
2014-07-16,49.39797083162081
2014-07-23,49.22706869050508
2014-07-30,49.44925623781898
2014-08-06,49.977085226339796
2014-08-13,50.89080414712841
2014-08-21,52.1840970041742
2014-08-29,52.572795997516735
2014-09-08,51.976029036340655
2014-09-15,52.06423708752585
2014-09-22,51.844225999879555
2014-09-29,52.36861462466599
2014-10-07,52.7431996743106
2014-10-14,54.07475360140227
2014-10-21,56.871844887748935
2014-10-28,56.54414571798392
2014-11-04,56.75655286416411
2014-11-11,57.0744002490419
2014-11-18,57.27190921566887
2014-11-26,57.35544359177061
2014-12-05,57.619631337032914
2014-12-12,57.66941279708009
2014-12-19,59.28373200625056
2015-01-05,60.19239238987695
2015-01-12,60.88343587035047
2015-01-20,61.68040431921736
2015-01-27,61.85198714036604
2015-02-03,62.97736104561059
2015-02-10,62.59403863391937
2015-02-18,61.52060266686452
2015-02-25,62.275383066573184
2015-03-04,61.61358380620868
2015-03-11,61.703626542822754
2015-03-18,61.573515466906834
2015-03-25,61.53604669839788
2015-04-01,61.30459277693145
2015-04-10,61.64259490700769
2015-04-20,61.741433998258486
2015-04-27,61.99116010957458
2015-05-06,62.219582312489365
2015-05-13,62.566682801758176
2015-05-20,62.8234498667742
2015-05-28,63.07303078947276
2015-06-05,62.99143965062288
2015-06-12,62.69223984067398
2015-06-19,62.356653956278656
2015-06-26,62.61011386088504
2015-07-06,62.762617600495176
2015-07-13,63.52904588660912
2015-07-20,63.23016177900751
2015-07-27,63.08828255758821
2015-08-03,63.11151732163379
2015-08-10,63.23508171869839
2015-08-17,63.37648189104744
2015-08-24,68.50756336842481
2015-09-02,67.11211604925289
2015-09-10,66.88307340543227
2015-09-17,66.37661628404281
2015-09-24,65.74226646076205
2015-10-01,65.38128212947217
2015-10-08,65.68398808384846
2015-10-15,65.52420296992078
2015-10-22,64.9450711221316
2015-10-29,63.98316072001839
2015-11-05,64.20598712362884
2015-11-12,64.34983076440349
2015-11-19,64.63979175622012
2015-11-27,64.76269055464148
2015-12-08,64.80388617641778
2015-12-15,64.62240247486332
2015-12-22,64.5991714958395
2016-01-05,64.07131188069133
2016-01-12,64.63952203034684
2016-01-20,65.05769190777951
2016-01-27,65.75591583629021
2016-02-03,66.22664415404647
2016-02-10,67.68728403616298
2016-02-18,67.54377109962573
2016-02-25,68.03575761033778
2016-03-03,67.99549050643455
2016-03-10,68.41802001194615
2016-03-17,68.65983917948573
2016-03-24,68.23597253188035
2016-04-04,68.28917319037433
2016-04-11,68.50665222701515
2016-04-18,68.38884714196115
2016-04-25,68.83317124851126
2016-05-03,68.54212258329882
2016-05-10,68.5227982617247
2016-05-18,68.64881412765422
2016-05-25,68.42429315419942
2016-06-02,67.31348180765387
2016-06-09,67.61020362233407
2016-06-16,67.7983150052907
2016-06-24,69.08807365708982
2016-07-01,68.16870886818084
2016-07-11,68.34617540671194
2016-07-18,68.14759099384398
2016-07-25,67.90535351157632
2016-08-01,67.85814417814602
2016-08-08,67.26585845408997
2016-08-16,67.38292621037363
2016-08-23,68.16608297440561
2016-08-31,68.11508291800803
2016-09-08,66.0519833438104
2016-09-15,65.71608615646939
2016-09-22,65.88106154953185
2016-09-29,65.73562144260372
2016-10-07,66.01209113804687
2016-10-14,65.93463514113748
2016-10-21,65.69247016352755
2016-10-28,66.15576677226179
2016-11-04,65.92856802648247
2016-11-11,67.7558761774935
2016-11-18,67.57872598233378
2016-11-28,68.00872463238312
2016-12-07,67.47309218056493
2016-12-14,67.84373299635703
2016-12-21,68.19090931506881
2016-12-30,67.8666086178334
2017-01-09,67.65899995667895
2017-01-17,67.46955606266532
2017-01-25,67.30278999617512
2017-02-01,66.76379019421192
2017-02-08,65.70573046502935
2017-02-15,64.91810651210876
2017-02-23,62.42429833002783
2017-03-02,62.672476382353246
2017-03-09,62.50022082147726
2017-03-16,62.66102132542508
2017-03-23,62.07835876327317
2017-03-30,61.3958913261912
2017-04-06,61.53653946022727
2017-04-13,61.28976111298432
2017-04-24,60.634715381778456
2017-05-02,60.8437420014779
2017-05-09,60.70401518041523
2017-05-16,60.87514433833175
2017-05-23,60.992999585641954
2017-05-31,60.8072896598017
2017-06-12,60.686920427472245
2017-06-19,60.699219629828434
2017-06-26,60.213648005944165
2017-07-03,60.59178229600156
2017-07-11,57.62846607267982
2017-07-18,57.1920933846374
2017-07-25,56.836065873943355
2017-08-01,57.199842026522596
2017-08-08,57.76462915836277
2017-08-16,58.09140007863206
2017-08-23,58.40564412241561
2017-08-31,59.693725363859194
2017-09-08,59.64592599242099
2017-09-15,59.07619180878818
2017-09-22,59.196515300412436
2017-09-29,59.246749269033586
2017-10-09,59.59093103434837
2017-10-16,58.556526107447624
2017-10-23,58.654451046670815
2017-10-30,58.048326709125874
2017-11-08,58.45991201268151
2017-11-15,58.65668027870044
2017-11-22,59.412768422874606
2017-12-04,55.58053349194422
2017-12-11,55.62657528133308
2017-12-18,55.481747735945355
2017-12-27,54.43839881079486
2018-01-05,54.56993520565192
2018-01-12,54.966298436143795
2018-01-22,54.109640528406594
2018-01-30,54.25102762638153
2018-02-06,55.74872190657397
2018-02-13,56.687698900396555
2018-02-21,56.75873541262443
2018-02-28,56.571120678723936
2018-03-07,56.89338053920637
2018-03-14,57.188185785748814
2018-03-21,57.859772355920796
2018-03-28,59.070890480573865
2018-04-10,59.463422054381574
2018-04-17,59.134342146445306
2018-04-24,58.90520706861837
2018-05-02,58.74883214858
2018-05-10,58.95450527131048
2018-05-17,58.897779230590714
2018-05-25,58.504624801466804
2018-06-05,59.84103515396483
2018-06-12,58.49669389579848
2018-06-19,59.105666288219
2018-06-26,59.363862126551716
2018-07-03,59.97077006327261
2018-07-11,59.94289738166769
2018-07-18,59.69100591333745
2018-07-25,58.71373241683705
2018-08-01,58.46073533791178
2018-08-08,58.35631626463196
2018-08-16,58.52663579683251
2018-08-23,59.09753423230601
2018-08-31,59.22827083428065
2018-09-10,58.98623850810985
2018-09-17,58.42683656582632
2018-09-24,58.904039447294444
2018-10-01,59.33317944518972
2018-10-09,59.41754420070629
2018-10-16,59.89376909822201
2018-10-23,60.5257998978863
2018-10-30,60.849619951855594
2018-11-06,60.81974252513132
2018-11-13,60.976781631561984
2018-11-20,61.66247370986207
2018-11-28,61.77868520248633
2018-12-07,61.8124454635818
2018-12-14,62.23591005413318
2018-12-21,63.697794641089715
2019-01-08,64.66341609658335
2019-01-15,64.5802222151836
2019-01-23,63.12145807100437
2019-01-31,63.13989936581304
2019-02-07,63.740243334488405
2019-02-14,63.29721745616099
2019-02-22,62.55586604070091
2019-03-01,61.790753140168185
2019-03-08,61.34867476894375
2019-03-15,61.12212795917146
2019-03-22,61.34553313295321
2019-03-29,60.97109841732192
2019-04-05,60.824940929285745
2019-04-12,60.54179999707898
2019-04-23,60.64693985849429
2019-05-03,59.76545549204404
2019-05-13,60.02191379621165
2019-05-20,60.2090866073478
2019-05-28,60.376204707823845
2019-06-04,60.21973762147669
2019-06-12,60.639378882735244
2019-06-20,60.90308301782521
2019-06-27,60.81861962159745
2019-07-05,60.811412802301874
2019-07-12,61.09878190666396
2019-07-19,60.758523039845244
2019-07-26,61.52951731988523
2019-08-02,61.38370385910564
2019-08-09,61.597433963181366
2019-08-19,61.922010952071474
2019-08-27,62.44294752234736
2019-09-04,62.20040355305949
2019-09-11,62.12378920943215
2019-09-18,61.46706914363855
2019-09-25,60.72525251389884
2019-10-02,61.485052201461016
2019-10-10,61.425439845916586
2019-10-17,61.61154644368011
2019-10-24,61.84326330051135
2019-10-31,61.45424352632332
2019-11-07,61.77466706627876
2019-11-14,61.282497069711816
2019-11-21,62.45803186492629
2019-11-29,63.760938437289184
2019-12-06,63.44703658918194
2019-12-13,64.17911382137655
2019-12-20,64.9587496875423
2020-01-06,64.42559168540151
2020-01-13,65.09084730686548
2020-01-21,62.24407469687643
2020-01-29,61.60473158441197
2020-02-05,60.34464481740555
2020-02-12,60.23439442386701
2020-02-20,59.31592605488858
2020-02-27,61.947489468641606
2020-03-05,65.83480406419436
2020-03-12,75.27786874710054
2020-03-19,77.3798735894603
2020-03-26,78.18876311276327
2020-04-02,78.18989583898399
2020-04-09,78.14596723871364
2020-04-22,78.28579642190505
2020-04-29,78.4147656472324
2020-05-07,77.83014863244776
2020-05-15,78.25699126853299
2020-05-22,77.69115226684238
2020-06-02,77.96674194880397
2020-06-10,77.20798815397978
2020-06-17,77.68880353233209
2020-06-24,78.10942367234706
2020-07-01,78.08700249167904
2020-07-09,78.05240223978197
2020-07-16,77.94602827251619
2020-07-23,78.35522685971937
2020-07-30,78.65144101976347
2020-08-06,78.08701443536754
2020-08-13,78.47192927059145
2020-08-20,78.92901042418956
2020-08-27,79.30180120031478
2020-09-04,78.74807986350665
2020-09-14,78.06267878226306
2020-09-21,77.89834647098162
2020-09-28,78.27744072324869
2020-10-05,78.2597874494493
2020-10-12,78.23945209246057
2020-10-19,78.38291283073107
2020-10-26,78.28911146829518
2020-11-02,78.51515407064934
2020-11-09,79.19632693580012
2020-11-16,79.14187756703359
2020-11-23,78.74381099201467
2020-12-03,78.72551438227867
2020-12-10,78.38124966713814
2020-12-17,78.72285044386501
2020-12-29,78.44321808445977
2021-01-07,78.421242500445
2021-01-14,77.7503803344141
2021-01-22,77.81576290762145
2021-01-29,77.09289457120333
2021-02-05,76.99938082760698
2021-02-12,76.9286936984522
2021-02-22,76.54573945491676
2021-03-01,75.39775983208948
2021-03-08,76.04019759734351
2021-03-15,76.30715893506046
2021-03-22,75.95055297695468
2021-03-29,71.94950635637413
2021-04-07,69.77806116499583
2021-04-14,67.80124078499453
2021-04-21,67.66054664084672
2021-04-28,66.49900272763533
2021-05-07,66.27747107851799
2021-05-14,66.08125758160325
2021-05-21,67.01729878562791
2021-06-02,67.06543814117555
2021-06-09,67.61559205910189
2021-06-16,67.53087495812996
2021-06-24,66.11138402794492
2021-07-01,65.35248767799148
2021-07-09,64.53657846647528
2021-07-16,64.08420782690722
2021-07-23,64.20553242856589
2021-07-30,64.20129560966733
2021-08-06,64.13359969516203
2021-08-13,63.864845975131246
2021-08-20,64.68738913153894
2021-08-27,65.38165242438518
2021-09-07,64.85532914025761
2021-09-14,64.6908944876221
2021-09-21,63.951286904657664
2021-09-28,64.0612588311353
2021-10-05,62.82292323155884
2021-10-12,62.68211674424227
2021-10-19,62.252505485755464
2021-10-26,62.279230419143545
2021-11-02,62.184072075038664
2021-11-09,62.21021391215308
2021-11-16,61.05357368869292
2021-11-23,58.59061293751147
2021-12-03,58.89800930506517
2021-12-10,58.41326872751749
2021-12-17,58.50546802069712
2021-12-29,59.11821583940561
2022-01-07,59.216389089718824
2022-01-14,58.21733605909197
2022-01-25,58.24616681408691
2022-02-01,58.06751870235493
2022-02-08,57.97730655369347
2022-02-15,58.05141600426889
2022-02-23,59.12256837623985
2022-03-02,62.49923338072461
2022-03-09,66.0614594752947
2022-03-16,66.31917214928905
2022-03-23,65.44823897966724
2022-03-30,65.61977941830807
2022-04-06,64.97010027969165
2022-04-13,64.65591109758526
2022-04-26,64.136591050085
2022-05-04,64.69015127279431
2022-05-11,65.25149784136636
2022-05-18,64.98780251584975
2022-05-25,65.46363012723808
2022-06-07,64.93635237798027
2022-06-15,65.37056781872954
2022-06-23,64.75910031706132
2022-06-30,64.76404597070331
2022-07-08,63.73988817762366
2022-07-15,63.55469142536038
2022-07-22,63.195077308520666
2022-07-29,62.80853158024066
2022-08-05,62.91969256105526
2022-08-12,63.12857146147462
2022-08-24,63.14665780490307
2022-09-01,62.99840627480831
2022-09-09,62.4218114681313
2022-09-16,61.844615481780224
2022-09-26,62.50630338054819
2022-10-03,62.814802877163714
2022-10-10,62.63655220204863
2022-10-17,64.07920414822014
2022-10-24,64.19083226379378
2022-10-31,63.79295872345647
2022-11-07,63.08264865248279
2022-11-14,63.37303916119135
2022-11-21,63.621352176735726
2022-11-29,62.93014602631302
2022-12-08,61.72584149274855
2022-12-15,61.94919802566173
2022-12-22,61.781057128177764
2023-01-03,62.88760345725181
2023-01-10,63.13607025145872
2023-01-18,63.05898322343184
2023-01-26,62.48665431337195
2023-02-02,63.00410761983216
2023-02-09,63.35340088052926
2023-02-16,64.0093912439724
2023-02-24,64.28661717538843
2023-03-03,64.13395478279423
2023-03-10,65.44503808647553
2023-03-17,65.96975096688074
2023-03-24,65.03292304611901
2023-03-31,63.93629998571763
2023-04-11,64.6022108141205
2023-04-20,64.68772718252609
2023-04-27,65.27980049978913
2023-05-05,65.70125226274307
2023-05-15,65.90935116111817
2023-05-22,65.871986806844
2023-05-30,65.37914999141381
2023-06-08,65.17796303961767
2023-06-15,64.8617989373423
2023-06-23,64.73726416817112
2023-06-30,64.7669282770589
2023-07-10,64.40350277546231
2023-07-17,64.12314262723304
2023-07-24,63.0982416705273
2023-07-31,63.27496547531621
2023-08-07,62.707998043568104
2023-08-14,63.4426666150547
2023-08-22,63.01960672783657
2023-08-30,63.122638916567546
2023-09-07,63.43698377874014
2023-09-14,63.21540423850426
2023-09-21,63.18526199716252
2023-09-28,62.7540918393155
2023-10-05,62.43419281124067
2023-10-12,61.011373067739164
2023-10-19,59.96070926230417
2023-10-26,59.88059371193239
2023-11-02,57.84143584552376
2023-11-09,57.30273433902236
2023-11-16,57.73541939912521
2023-11-24,58.5643557358525
2023-12-05,58.17131428591756
2023-12-12,58.432192282109604
2023-12-19,59.18793143448373
2023-12-28,60.07265470825772
2024-01-08,60.008411020859704
2024-01-16,59.92432852474347
2024-01-23,59.41863733498571
2024-01-31,59.548347053752714
2024-02-07,59.489782499498794
2024-02-14,59.748817447178574
2024-02-22,59.36163872177947
2024-02-29,59.71930725457074
2024-03-07,59.796252807935765
2024-03-14,60.02779209638178
2024-03-21,60.075218181008424
2024-03-28,55.99440479338817
2024-04-08,52.19901253245642
2024-04-15,50.74218549495188
2024-04-22,50.531198600868336
2024-04-29,50.341810393845016
2024-05-09,49.791685616697514
2024-05-16,48.615915644838985
2024-05-23,47.48048732815055
2024-05-31,47.54324164458136
2024-06-07,47.93133470674666
2024-06-14,48.07815358186967
2024-06-25,48.152135488285765
2024-07-02,47.844948091483225
2024-07-10,47.74702637845034
2024-07-17,47.50547498898412
2024-07-24,47.44069962326908
2024-07-31,48.132314675951406
2024-08-07,53.386629992381344
2024-08-14,53.19969525317411
2024-08-22,52.48730204219961
2024-08-30,52.45748556715883
2024-09-09,53.664470749156116
2024-09-16,54.30934530723569
2024-09-23,54.07713943186647
2024-09-30,53.60474108555632
2024-10-07,54.400759561006296
2024-10-14,54.00132032069309
2024-10-21,53.668344739072836
2024-10-28,53.36253165679251
2024-11-04,53.424635121202414
2024-11-11,54.31074256218293
2024-11-18,54.12643548204442
2024-11-25,54.5394923554337
2024-12-03,54.12767174827032
2024-12-10,53.06038574997296
2024-12-17,52.98718549187846
2024-12-27,53.23513921349912
2025-01-13,53.06125219036907
2025-01-21,50.6209040163168
2025-01-29,50.521136700286974
2025-02-05,50.282003699543914
2025-02-12,49.48773892946571
2025-02-20,48.93660699228368
2025-02-27,49.44953356095528
2025-03-06,51.960888047192334
2025-03-13,53.15671290720854
2025-03-20,54.06775996232667
2025-03-27,54.42918661427843
2025-04-03,55.66054573560048
2025-04-10,64.5236988900545
2025-04-17,63.55428115384279
2025-04-28,63.54809442910535
2025-05-07,63.13596436360259
2025-05-14,63.01834096601741
2025-05-21,63.76020530213301
2025-05-29,63.75460483981295
2025-06-05,63.5563677126136
2025-06-13,63.635753198598564
2025-06-23,63.68914931622563
2025-06-30,63.32590676642704
2025-07-08,63.62306729110628
2025-07-15,63.49755732557423
2025-07-22,63.535161306336846
2025-07-29,63.64557029458048
2025-08-05,64.08365331718989
2025-08-12,63.98262138172959
2025-08-20,63.16207172454111
2025-08-28,63.397640179862826
2025-09-05,63.41463644731049
2025-09-12,63.628064700174804
2025-09-19,63.1899449258134
2025-09-26,62.69584240918846
2025-10-03,62.59520101450801
2025-10-10,62.57688171942663
2025-10-17,62.7416794192469
2025-10-24,62.626809680510135
2025-10-31,62.5473917978164
2025-11-07,63.022267655338545
2025-11-14,63.02420745010404
2025-11-21,62.83228152138986
2025-12-02,63.08746753468983
2025-12-09,63.095770405092246
2025-12-16,62.92969452207983
2025-12-23,63.10217532489134
2026-01-09,63.16139056923073
2026-01-16,63.460043698165364
2026-01-26,63.57237308783642
2026-02-02,63.72698887480594
2026-02-09,63.945506424900955
2026-02-17,64.47893466666835
2026-02-24,64.90268569856795
2026-03-03,65.90586585287373
2026-03-10,65.80056904890829
2026-03-17,65.38157880686508
2026-03-24,65.1388620714127
2026-03-31,65.11694396902871
2026-04-09,64.78365199284465
2026-04-20,64.60458872881506
2026-04-27,60.01074253362656
2026-05-06,58.994063529357
2026-05-13,58.482559808618085
2026-05-20,58.58733734189217
2026-05-28,58.970674137913015
2026-06-05,58.6492830108278
2026-06-12,58.47052441907583
2026-06-22,58.20292403149868
2026-06-29,58.117456772540336
2026-07-07,57.90452896426885
2026-07-14,58.21289485892531
2026-07-21,57.841705193257404
2026-07-28,57.272219596215706
2026-08-04,57.624724028727506
2026-08-11,57.75893451799901
2026-08-18,58.080856187761775
2026-08-25,57.739667999442496
2026-09-02,57.36496765697405
2026-09-10,57.25477956556575
2026-09-17,58.09619191152112
