,mes5,lo,hi,mes2,n2,lrmes,Lstar,Lstar55,beta,es5_m,var1
JPM,3.2190251453478127,2.6619276690662454,4.047589663828771,3.612728306387398,138.0,0.47810616611654666,7.001779089659713,9.967084963997516,1.15363846770631,2.720598375296077,4.828848701575498
BAC,3.8455630325750696,3.0885667524053626,4.823988374897501,4.381753458502134,138.0,0.5455719221905961,6.225922894808145,8.807900609634302,1.3257146005335683,2.720598375296077,5.987680433341031
C,4.029831041303956,3.1630821460575667,4.923142575384547,4.579889758830594,138.0,0.5614932862591024,6.042827208020322,8.534342627002694,1.4202347398797701,2.720598375296077,5.868272223314502
GS,3.3449003411152463,2.8446664555174688,4.087149148569718,3.7809594052172413,138.0,0.4936730605452134,6.822759803730046,9.699617414268605,1.2217546622995068,2.720598375296077,4.805925161548557
MS,4.039487631827107,3.321024886974574,4.8114322428499605,4.6162343757180935,138.0,0.5643526475783366,6.009944552849129,8.485213600699488,1.4442445406506108,2.720598375296077,5.82703672244779
WFC,3.3195674310079966,2.724949580480536,4.072972252998333,3.7863946663678343,138.0,0.4941681817513788,6.817065909859144,9.69111033172631,1.1777106818224117,2.720598375296077,5.779660776215613
DBK,4.539984632150473,3.928779400025265,5.122762063111253,4.546765435690955,196.0,0.5588709334429478,6.072984265406101,8.579399416298443,1.3846441205514148,3.163241316131761,7.189458830945357
BNP,4.533778103605968,3.834102361850935,5.179392834075939,4.540526066370017,196.0,0.5583752290459979,6.078684865971024,8.587916519118764,1.3921295991804712,3.163241316131761,6.181544582082751
SAN,4.230498904654653,3.701815319826258,4.769344176604538,4.235597105510605,196.0,0.5334581158884866,6.365231667282404,9.016037827006912,1.371387786816731,3.163241316131761,5.827908343143901
INGA,4.805219951692265,3.940318448525131,5.670728254857815,4.820090845973757,196.0,0.580048626704467,5.829440792898629,8.215528141168704,1.4416343726548015,3.163241316131761,7.163261228170559
HSBA,2.535303505161126,2.0800645172360994,2.8619107681372777,2.5447130068781325,196.0,0.36748310118169025,8.273944336410562,11.867790352423686,0.7411126194010276,3.163241316131761,4.664758871524668
TLV,3.1426185953943433,2.613392014457966,3.703381719221141,4.0889428197602165,111.0,0.5209784569626759,6.508747744929228,9.230461057641296,1.2107804629194363,2.6954296867774503,5.056393781448369
BRD,2.6926995563062923,2.217108460771473,3.2234471244455563,3.532712607081925,111.0,0.4705350280907301,7.088847176956604,10.097170880986546,1.0621735836150126,2.6954296867774503,4.421736851942236
