,ols250_p2,ols250_p1,ols150,enet150,bic
2011-01-20,62.74848543649306,63.171982495451616,57.18416820550623,55.182866836031394,1.0
2011-02-03,63.45655803307159,63.341058645202324,55.686551429264895,53.72570614993076,1.0
2011-02-18,62.725699617892886,62.89557988630164,52.540785720749646,50.20957337045637,1.0
2011-03-07,62.42526956721989,62.04946641369589,51.0820576310577,48.4409576956897,1.0
2011-03-21,63.977776086480425,63.67443970710886,52.25320845472621,49.17510798781253,1.0
2011-04-06,64.33397054807887,64.7484457696821,51.93797366760259,48.584011311274466,1.0
2011-04-21,64.87258429955621,64.60553864843524,49.50626771970605,46.26715972907841,1.0
2011-05-12,65.33469504596609,64.88567668780352,50.946857424025104,47.265909212725106,1.0
2011-05-26,61.24417733217548,61.87684705074845,50.69433782474891,47.295145588993975,1.0
2011-06-10,56.54397359644194,57.34151597968124,50.12479193789199,46.64542704623197,1.0
2011-06-27,54.34047069569218,54.077753579212725,49.86918273377681,46.40449794605669,1.0
2011-07-12,53.95777797812855,53.07459044413434,48.175962050846024,45.365646493764885,1.0
2011-07-26,51.742721824728626,50.12363526942176,47.75816620603155,44.89198733881309,1.0
2011-08-11,65.49901570764179,64.13284731080172,70.54941122978681,67.29187101771161,1.0
2011-08-26,66.16507165138661,65.66877927994084,71.09937273339166,69.31229406548704,1.0
2011-09-13,67.11587781499534,67.00921725063401,73.27975744254637,71.78223667585173,1.0
2011-09-27,68.13032522363702,68.18408502177962,74.1418078576132,71.90126669740228,1.0
2011-10-11,68.15990033505824,68.95988433908434,74.61920950535298,71.86005002769026,1.0
2011-10-25,67.39996218447729,68.74919373786506,74.13920637909013,70.98382225430568,1.0
2011-11-08,68.42304260400626,69.4675475341516,74.69606915220521,72.01833895100815,1.0
2011-11-22,69.0151355524,70.06612776010091,73.93673881741083,71.62209974029518,1.0
2011-12-08,69.42087861275442,70.74017660809932,73.52783849110462,71.43537331023673,1.0
2011-12-22,69.37176437111273,70.76948706694212,73.90409681690556,71.58814494372773,1.0
2012-01-11,69.65092348686987,70.73694337392614,72.99070293032067,71.15223426432847,1.0
2012-01-26,69.74278920635078,70.54694090137461,72.28874440349605,70.30190966501226,1.0
2012-02-09,69.65382845467649,70.80335661489373,71.18196944025048,68.84798941282729,1.0
2012-02-24,69.98689545721372,70.83294406976903,70.68940931155144,68.62205221416136,1.0
2012-03-09,69.87103329116586,70.5842923903376,70.03410659346243,67.70310644882953,1.0
2012-03-23,69.81364309663999,70.7994542520406,64.59231815618953,61.91982414771038,1.0
2012-04-10,69.69486708550555,70.796679249968,65.10174901375518,62.19658088828801,1.0
2012-04-25,69.29619284890984,69.81615051310736,64.95301688197856,62.38499509797721,1.0
2012-05-16,68.37005066923601,69.11691441092748,63.05273555867862,60.29853182873465,1.0
2012-05-31,68.74357780481685,69.2757850005202,60.4949730793661,57.78969345685458,1.0
2012-06-18,67.87165180398867,68.07354796068255,60.95790234197545,57.999351635522856,1.0
2012-07-02,68.1177307194076,68.02959196669532,57.18878750012475,54.782384816757855,1.0
2012-07-18,67.26326076625924,67.21928538275262,57.52698977267084,54.98498023891704,1.0
2012-08-01,65.40256715368992,65.61886673680812,52.85059264012494,50.16659634063413,1.0
2012-08-16,65.35228744505574,65.63054911632426,53.08112618976697,50.456705567391865,1.0
2012-08-31,61.831237867863464,61.66669652566415,53.18443751278874,50.557268299327355,1.0
2012-09-17,62.02254475469159,62.088466873939524,54.71370031929199,52.31052971685442,1.0
2012-10-01,62.043498168852466,62.018487760874855,54.81845188018153,52.11815159028516,1.0
2012-10-15,60.98343838443949,61.543308353064845,55.629177752526225,53.11461434789526,1.0
2012-10-31,60.13475599565417,60.09765301356473,56.58375737584033,54.000211143430164,1.0
2012-11-14,59.55833737383627,60.55707180274665,57.171796749493495,54.13481605139138,1.0
2012-11-29,58.96918197991537,58.6677802026461,57.83237752485923,55.043939377192146,1.0
2012-12-14,60.90771972414974,60.69230750316818,60.886212474535014,58.17485348630173,1.0
2013-01-07,58.509166790309806,57.95317348482346,58.987729208144295,55.739675618949676,1.0
2013-01-22,57.93116507660021,56.9738231549754,57.868190229042234,54.603848413902476,1.0
2013-02-05,57.50404599656145,56.29376944069332,54.6902278636075,51.83149503974138,1.0
2013-02-20,56.975288917720995,55.80931952449293,53.24991321378483,50.006829778980496,1.0
2013-03-06,57.75457485473634,56.266221691830395,53.993746648330074,50.77399372845704,1.0
2013-03-20,58.07847429936193,57.33077305841413,52.13273745807324,49.08469501518915,1.0
2013-04-05,58.48506375915629,57.7114399577854,51.73605519675952,48.56800245668394,1.0
2013-04-19,58.24984646578217,57.16201916972054,51.65553655708971,48.74268071387825,1.0
2013-05-09,57.8766100447539,57.07072098507895,51.028154407278194,48.46608579301,1.0
2013-05-23,57.91961618536868,56.85199546526367,50.906316175086005,48.472072840085914,1.0
2013-06-07,56.167234763468514,55.28591742309315,51.486509150511445,49.38552669194351,1.0
2013-06-21,56.23903902778598,55.14799013992664,53.67700428621867,51.908134604985996,1.0
2013-07-09,54.64801100622113,52.647843629702066,51.85562713783185,49.76506377641853,1.0
2013-07-24,53.47772115124347,51.971446010967774,51.52498161036512,48.72260904330904,1.0
2013-08-07,52.84500681128607,51.65382562738369,50.88290246284688,48.51082672919755,1.0
2013-08-22,50.07825265208384,49.61216139712967,49.9781977178555,47.35142171820056,1.0
2013-09-09,50.525321062934495,49.10425318687813,51.84167658136983,49.15994826390407,1.0
2013-09-23,50.373056993142576,49.43434765520895,53.39279726666563,50.728883220509815,1.0
2013-10-07,50.4759498038655,49.419771690544884,54.18647287266372,51.343642128576604,1.0
2013-10-21,50.136503995016625,49.32226691173592,53.37961075515785,50.63648192633674,1.0
2013-11-04,49.98780053705335,49.32221475526175,53.23673585255558,50.51067139132428,1.0
2013-11-18,50.41303536422468,49.55289085166795,51.346403023052794,48.67014726525777,1.0
2013-12-03,49.95997344678536,49.38899198738885,51.666087374983285,48.623563450889,1.0
2013-12-17,51.401014280790754,50.03173840980057,52.35822738277492,49.0750250121229,1.0
2014-01-08,53.54073582405043,52.784145138817,53.82521424919413,50.85162363636305,1.0
2014-01-23,53.2714302943191,52.21042650179584,50.54226621155571,47.85939020730785,1.0
2014-02-06,54.15588444788001,53.427431235457334,50.40085553814965,47.64565921557692,1.0
2014-02-21,54.93435872821344,54.10395643971885,50.71454523024124,47.74099021811906,1.0
2014-03-07,55.038502848253,54.447724173018436,51.241101747484294,48.3612903204036,1.0
2014-03-21,54.12057575737235,53.151008326770175,51.848006272852416,48.299105004477866,1.0
2014-04-04,53.18879425089801,52.23429230037008,50.98684171869316,47.30157825343564,1.0
2014-04-22,53.60903588310912,52.27530565700709,51.50031472372606,48.2069489199444,1.0
2014-05-09,51.9302788775659,50.8976765613354,51.74827122915861,48.1319462824231,1.0
2014-05-23,53.51495485510582,51.60286302676996,53.56582753953865,49.83920406789534,1.0
2014-06-10,52.79675088869086,51.3640160198108,54.16624951278803,50.629088880093676,1.0
2014-06-24,50.791232281492775,49.81270541567243,55.071520059001244,51.328700518283,1.0
2014-07-09,49.426434066358425,48.436006217024,54.9564796643325,51.52984991645855,1.0
2014-07-23,49.22706869050508,48.37398517690954,54.28547946284284,51.345281141273986,1.0
2014-08-06,49.977085226339796,48.4462520672204,53.92930961057489,51.12801045139112,1.0
2014-08-21,52.1840970041742,50.506839745700205,54.394400181566375,50.827827484908234,1.0
2014-09-08,51.976029036340655,50.922863759918634,54.42095222421973,50.47103778645267,1.0
2014-09-22,51.844225999879555,50.367529740579464,52.472065794253645,48.47272851001829,1.0
2014-10-07,52.7431996743106,51.15797474507445,52.395395502837,48.59609626122956,1.0
2014-10-21,56.871844887748935,55.89882723816213,58.607170939823504,54.95699011712208,1.0
2014-11-04,56.75655286416411,55.72986411187874,57.28465157111866,53.385014754739395,1.0
2014-11-18,57.27190921566887,56.13338911143013,57.654259570082374,53.99000846485391,1.0
2014-12-05,57.619631337032914,56.483726482988054,56.933416188517725,54.378937590937845,1.0
2014-12-19,59.28373200625056,58.52859638466585,61.67482631269292,59.02079005831891,1.0
2015-01-12,60.88343587035047,59.956279727683665,63.365636518440006,60.80545634922408,1.0
2015-01-27,61.85198714036604,60.8411390773145,64.78611585414981,62.503560842591845,1.0
2015-02-10,62.59403863391937,61.48154609356119,66.90371958905932,64.70055037535317,1.0
2015-02-25,62.275383066573184,60.784175858033116,67.62968612296764,66.03129948464624,1.0
2015-03-11,61.703626542822754,60.12016143819878,67.1578909497471,65.28255786174547,1.0
2015-03-25,61.53604669839788,59.98127472312411,66.9089459899876,64.61372713334453,1.0
2015-04-10,61.64259490700769,59.802486600389436,65.13629415940296,62.71960293373745,1.0
2015-04-27,61.99116010957458,60.38142565946895,63.30842922840366,60.935706192777545,1.0
2015-05-13,62.566682801758176,60.63717184636317,62.38485547274682,60.50284569939712,1.0
2015-05-28,63.07303078947276,61.37049506272634,63.2366794132988,61.236564340945534,1.0
2015-06-12,62.69223984067398,60.78574953806506,60.56007133983107,58.72764628849224,1.0
2015-06-26,62.61011386088504,60.37189030765865,61.53365190419145,59.253276908573646,1.0
2015-07-13,63.52904588660912,61.35790620393566,61.8372285729541,59.99938917360872,1.0
2015-07-27,63.08828255758821,61.14911840349529,61.69001221209806,59.990665254104755,1.0
2015-08-10,63.23508171869839,60.96518590580009,59.54584888097793,57.457626692220614,1.0
2015-08-24,68.50756336842481,66.02674356207939,64.39633530822282,61.41985549217673,1.0
2015-09-10,66.88307340543227,65.19203610250428,62.77824621622808,59.47728557971894,1.0
2015-09-24,65.74226646076205,64.09761983838074,62.605112991730785,60.33940387337519,1.0
2015-10-08,65.68398808384846,63.84943847219415,64.62463560983045,62.43928268122517,1.0
2015-10-22,64.9450711221316,63.5459184292218,63.65709277090119,61.49321217530512,1.0
2015-11-05,64.20598712362884,62.468199226065266,64.22278743840326,61.67522108955378,1.0
2015-11-19,64.63979175622012,62.86108225489565,64.75685055476869,61.72025673887137,1.0
2015-12-08,64.80388617641778,63.120950184774976,65.83022193733497,62.84092241376228,1.0
2015-12-22,64.5991714958395,63.36271946993472,66.44502730245614,63.43920759784308,1.0
2016-01-12,64.63952203034684,63.185574450220166,66.37509032923353,63.612171935607314,1.0
2016-01-27,65.75591583629021,64.36315471883505,69.06239605411182,66.85048704539756,1.0
2016-02-10,67.68728403616298,66.74534524206777,71.41006232601363,69.51452065080314,1.0
2016-02-25,68.03575761033778,67.23564374080682,71.40626970608339,69.49400653514519,1.0
2016-03-10,68.41802001194615,68.14824461944558,71.99712773911551,70.4830221331946,1.0
2016-03-24,68.23597253188035,67.93534299313959,70.9943981109593,69.75291355574005,1.0
2016-04-11,68.50665222701515,68.10821194540719,68.61594817289114,67.04135104673888,1.0
2016-04-25,68.83317124851126,68.4878800399228,69.30530824529993,67.12207106141533,1.0
2016-05-10,68.5227982617247,68.47652999956523,69.16074706276889,67.28705118680449,1.0
2016-05-25,68.42429315419942,68.56114672662746,68.62436809142727,66.02624120930894,1.0
2016-06-09,67.61020362233407,67.66939056403102,68.46594680846844,66.96391160535721,1.0
2016-06-24,69.08807365708982,69.22805319660098,70.3499602092085,68.29878125691322,1.0
2016-07-11,68.34617540671194,68.32291182691671,67.88106689468826,66.26917954201647,1.0
2016-07-25,67.90535351157632,68.17546582269,68.05030239786593,66.73871945107956,1.0
2016-08-08,67.26585845408997,67.41216335241187,67.2181402114166,65.80811133781526,1.0
2016-08-23,68.16608297440561,67.88149866007471,68.95595385774791,67.39453602355893,1.0
2016-09-08,66.0519833438104,65.54938251797982,68.44152978088954,66.71211256369907,1.0
2016-09-22,65.88106154953185,65.72872728535661,64.27805820193966,62.58960989151223,1.0
2016-10-07,66.01209113804687,66.25468251842533,63.618028559861465,61.39371330978354,1.0
2016-10-21,65.69247016352755,66.36658434806667,63.433108546971425,61.53061648437229,1.0
2016-11-04,65.92856802648247,66.80401503843271,63.0166940558112,60.347982926242246,1.0
2016-11-18,67.57872598233378,67.53836232555535,64.95891374255535,62.20181930451831,1.0
2016-12-07,67.47309218056493,67.84047077241578,65.17724013584174,62.82368880213634,1.0
2016-12-21,68.19090931506881,68.11602112612896,65.05979642105282,62.48265789416148,1.0
2017-01-09,67.65899995667895,68.46357482054422,65.1661650340571,63.1419178062627,1.0
2017-01-25,67.30278999617512,67.80526376347665,64.8003948043844,62.56369620525398,1.0
2017-02-08,65.70573046502935,66.03323553547385,59.75369102897639,57.79803458655215,1.0
2017-02-23,62.42429833002783,62.34857320562227,58.41541113062538,55.83373512531893,1.0
2017-03-09,62.50022082147726,61.61570514608491,58.76688359557231,55.859760586237215,1.0
2017-03-23,62.07835876327317,61.1955320882213,58.81707809861212,56.18688493179478,1.0
2017-04-06,61.53653946022727,60.535762233546606,58.448152689893995,56.54327214719968,1.0
2017-04-24,60.634715381778456,59.92138387982382,57.50748020769991,55.53365327108899,1.0
2017-05-09,60.70401518041523,59.91396112848096,58.225310858162054,56.5477844340105,1.0
2017-05-23,60.992999585641954,60.34447416638582,59.09520935738323,57.10700340240683,1.0
2017-06-12,60.686920427472245,60.00097044430096,58.77572180389382,56.9425510026831,1.0
2017-06-26,60.213648005944165,59.52554387847109,59.44147691772013,57.523928094406195,1.0
2017-07-11,57.62846607267982,56.761240008383396,56.30659045381281,53.946573779562286,1.0
2017-07-25,56.836065873943355,56.21636197242249,55.25515698742031,52.566805796325525,1.0
2017-08-08,57.76462915836277,57.103172250617476,54.955057628250124,52.57370804720692,1.0
2017-08-23,58.40564412241561,57.72888592393937,55.14034944822923,53.26487122817254,1.0
2017-09-08,59.64592599242099,59.14460114196852,55.01339317291826,53.17650780257663,1.0
2017-09-22,59.196515300412436,58.70567448046472,54.8226304311995,53.11493088000779,1.0
2017-10-09,59.59093103434837,59.2204769609434,56.08976031757902,53.92207377660429,1.0
2017-10-23,58.654451046670815,57.92113443703737,55.32951334897369,53.56016321802138,1.0
2017-11-08,58.45991201268151,57.93283306658838,54.312470505356856,52.319375899758896,1.0
2017-11-22,59.412768422874606,58.81465891430109,53.880742719916114,52.00427535612015,1.0
2017-12-11,55.62657528133308,55.09327606661215,53.48100977347577,51.560508126326255,1.0
2017-12-27,54.43839881079486,53.961545386265385,53.83545067467051,51.75135117400882,1.0
2018-01-12,54.966298436143795,53.85848880976357,51.91098434479423,49.751756264543964,1.0
2018-01-30,54.25102762638153,53.241291427145725,50.385956558176375,47.897379177415615,1.0
2018-02-13,56.687698900396555,56.5532784709131,59.68488690560763,56.12841571717882,1.0
2018-02-28,56.571120678723936,56.22189549564708,58.20010917516696,54.945602603717276,1.0
2018-03-14,57.188185785748814,57.17708013103816,58.33987247084986,54.12332583230112,1.0
2018-03-28,59.070890480573865,58.82535897844127,61.89484912680182,58.37445894719035,1.0
2018-04-17,59.134342146445306,58.792032790180585,61.443365659734255,58.17160466482657,1.0
2018-05-02,58.74883214858,58.139951659872395,60.92212148627473,56.9565472414008,1.0
2018-05-17,58.897779230590714,58.05927675420178,61.1047492727718,57.8438082361216,1.0
2018-06-05,59.84103515396483,59.4537885555856,63.29667453180252,60.472596223176055,1.0
2018-06-19,59.105666288219,58.70039990958692,64.74947664375814,61.71095244626091,1.0
2018-07-03,59.97077006327261,59.33589209514807,66.17101303775459,63.215130833141494,1.0
2018-07-18,59.69100591333745,59.229285569497165,64.61117503177762,61.65821397836715,1.0
2018-08-01,58.46073533791178,57.76856149860226,65.03564830247953,61.6391800452025,1.0
2018-08-16,58.52663579683251,57.65187518815488,62.72863454637248,60.10176885036007,1.0
2018-08-31,59.22827083428065,58.36622437551205,64.23078019427886,61.31909401039613,1.0
2018-09-17,58.42683656582632,57.48336515683799,62.632377300985844,60.30613527495456,1.0
2018-10-01,59.33317944518972,57.78776532493593,58.681870778159904,56.79541811479802,1.0
2018-10-16,59.89376909822201,58.651733697766865,59.23153999299749,57.088549945980056,1.0
2018-10-30,60.849619951855594,58.96535265824639,58.51263657527364,56.08884095066606,1.0
2018-11-13,60.976781631561984,59.590145178109005,57.047135795422946,54.76049964624052,1.0
2018-11-28,61.77868520248633,60.55721660516462,57.931836248229196,55.96078434286923,1.0
2018-12-14,62.23591005413318,61.06227533943582,60.18564844734337,57.31112027201535,1.0
2019-01-08,64.66341609658335,63.602105605714804,62.95287691649953,60.67228515413824,1.0
2019-01-23,63.12145807100437,62.413932931586835,63.78912161224786,61.46601037042947,1.0
2019-02-07,63.740243334488405,62.82836484117036,62.506306571444185,61.051322608815255,1.0
2019-02-22,62.55586604070091,61.66114074081015,62.49883205478323,60.70067228519948,1.0
2019-03-08,61.34867476894375,60.011401431525535,62.397349964996565,60.06696425346619,1.0
2019-03-22,61.34553313295321,59.95055732491058,62.87803341581559,60.79612083905834,1.0
2019-04-05,60.824940929285745,59.36622338856649,61.90063392827748,59.27761668577708,1.0
2019-04-23,60.64693985849429,59.118858290574615,60.29828526513298,58.03382877697943,1.0
2019-05-13,60.02191379621165,58.693422731472964,59.89134575871196,57.43420579680686,1.0
2019-05-28,60.376204707823845,59.01180900425213,59.940208199760995,57.574080999485574,1.0
2019-06-12,60.639378882735244,58.994380727655354,60.68700037799277,58.457802850375415,1.0
2019-06-27,60.81861962159745,59.279780345229256,61.70988197230776,59.60626816483277,1.0
2019-07-12,61.09878190666396,59.11895454809027,63.06728850204207,60.51117290494225,1.0
2019-07-26,61.52951731988523,59.38861232751216,63.20051087810524,60.343831134563416,1.0
2019-08-09,61.597433963181366,59.92409198631356,61.67697713814478,58.601979223306174,1.0
2019-08-27,62.44294752234736,61.19781793339324,58.49447047293094,56.07107106032996,1.0
2019-09-11,62.12378920943215,60.938521548604164,57.39275644567423,55.685802705962686,1.0
2019-09-25,60.72525251389884,59.69713634209655,57.71075474191798,56.34576804656118,1.0
2019-10-10,61.425439845916586,60.22010272593481,58.93560450666858,57.54420017943971,1.0
2019-10-24,61.84326330051135,60.685368602094385,60.79723285511201,59.55411876740466,1.0
2019-11-07,61.77466706627876,60.91386521790246,59.19369165057521,57.47946367365545,1.0
2019-11-21,62.45803186492629,61.36589382380569,59.511311524272735,57.893681447700324,1.0
2019-12-06,63.44703658918194,62.74952779153988,60.62933588749578,58.727442119887414,1.0
2019-12-20,64.9587496875423,63.75047107222037,61.61594181984107,59.25381418884133,1.0
2020-01-13,65.09084730686548,63.85183799900373,61.98670593178204,59.87078214045414,1.0
2020-01-29,61.60473158441197,59.94323115513798,60.87957254730346,58.5653606232384,1.0
2020-02-12,60.23439442386701,58.45574126025095,60.33198822893696,57.76408842564667,1.0
2020-02-27,61.947489468641606,60.32927260769046,65.59082043337571,62.65802034117749,1.0
2020-03-12,75.27786874710054,73.48317030191077,81.65986638534652,78.84709204292433,1.0
2020-03-26,78.18876311276327,79.73463356096377,84.50970476943817,84.21960515314183,1.0
2020-04-09,78.14596723871364,80.68376074394473,84.52359722542266,84.1688192913915,1.0
2020-04-29,78.4147656472324,80.94937665044014,84.46058257238806,83.71740445363844,1.0
2020-05-15,78.25699126853299,81.54181785870686,84.92979819131355,84.19243966146766,1.0
2020-06-02,77.96674194880397,81.7174493358983,84.80818231047887,83.94946656681849,1.0
2020-06-17,77.68880353233209,82.07941718715847,84.29964058911327,83.14779461679542,1.0
2020-07-01,78.08700249167904,82.23991595291162,84.18428671015234,83.3850398766756,1.0
2020-07-16,77.94602827251619,81.90815251026945,83.37272100038942,82.47536674745251,1.0
2020-07-30,78.65144101976347,82.21632114778203,82.68060366019603,81.84980779889239,1.0
2020-08-13,78.47192927059145,81.67226411500668,80.64500248533344,79.6564845071342,1.0
2020-08-27,79.30180120031478,81.96160828164679,80.29395766411618,78.94767898194043,1.0
2020-09-14,78.06267878226306,81.88426020697226,80.15505589709913,78.83559810203384,1.0
2020-09-28,78.27744072324869,82.19667787867577,79.63932028204044,78.54675486420692,1.0
2020-10-12,78.23945209246057,82.22390450361345,79.72657455688666,78.54557710638309,1.0
2020-10-26,78.28911146829518,82.0877186488834,76.04378905771591,74.82789040597434,1.0
2020-11-09,79.19632693580012,82.5110576050825,70.52038621120094,69.00709802992125,1.0
2020-11-23,78.74381099201467,81.80736260255523,68.8305135621727,67.07830011837615,1.0
2020-12-10,78.38124966713814,81.13777921314666,67.43746814570713,65.73388569919011,1.0
2020-12-29,78.44321808445977,80.79320946770211,68.49449656978086,67.02358861941204,1.0
2021-01-14,77.7503803344141,79.81102091801088,70.02386647060729,68.21084442528237,1.0
2021-01-29,77.09289457120333,78.95470421263067,66.86997643554099,64.97107057059765,1.0
2021-02-12,76.9286936984522,78.32779489029818,65.0916534602074,63.333908149168046,1.0
2021-03-01,75.39775983208948,77.26586309602156,63.988416125307076,62.29715456016899,1.0
2021-03-15,76.30715893506046,77.17215212225959,65.06148411362838,62.87682427020025,1.0
2021-03-29,71.94950635637413,73.9422486426867,64.88976838604228,63.20362321490143,1.0
2021-04-14,67.80124078499453,68.8622239499967,66.42913952996875,65.15222591604109,1.0
2021-04-28,66.49900272763533,67.45757799723256,66.0342875336682,64.78183118328116,1.0
2021-05-14,66.08125758160325,67.00811345743381,65.56128322912417,64.2590143071638,1.0
2021-06-02,67.06543814117555,67.38141769049892,66.22529714443111,64.58015851610016,1.0
2021-06-16,67.53087495812996,67.84089593386584,66.99627005419552,65.7322696454618,1.0
2021-07-01,65.35248767799148,64.97684791205216,61.2976304222979,59.769905879245684,1.0
2021-07-16,64.08420782690722,63.470252399446125,60.58165186982693,58.77901992682882,1.0
2021-07-30,64.20129560966733,63.38833849722493,60.620718600924995,58.73643244175776,1.0
2021-08-13,63.864845975131246,63.4568778399248,59.38177637931258,57.25625962226358,1.0
2021-08-27,65.38165242438518,64.83010105285526,59.91357843670141,57.54903557017399,1.0
2021-09-14,64.6908944876221,64.21804179648437,58.73929622554494,56.61745878336117,1.0
2021-09-28,64.0612588311353,63.98863065550723,58.77299989518291,56.464822394368454,1.0
2021-10-12,62.68211674424227,62.71599876614066,58.66924009097311,56.61831939533185,1.0
2021-10-26,62.279230419143545,62.57933082290353,56.63845324518495,54.44962144292459,1.0
2021-11-09,62.21021391215308,62.52225694456353,56.836059121902665,54.250836780580244,1.0
2021-11-23,58.59061293751147,58.63011968715274,57.054249707199794,55.193728512364295,1.0
2021-12-10,58.41326872751749,58.61068123549547,58.95775005255238,57.27483135811022,1.0
2021-12-29,59.11821583940561,59.48482556738129,58.8044527465733,56.99544355320755,1.0
2022-01-14,58.21733605909197,58.27375976035609,59.65712321084035,57.601862311201714,1.0
2022-02-01,58.06751870235493,57.63378070985592,57.824545005049046,56.28117733941621,1.0
2022-02-15,58.05141600426889,57.25757251625244,58.30032495068796,56.73075961924704,1.0
2022-03-02,62.49923338072461,61.79851916145886,64.64941055383072,63.162466534012,1.0
2022-03-16,66.31917214928905,66.52054289543238,70.29286238075852,68.67687886951374,1.0
2022-03-30,65.61977941830807,66.11377342611907,69.79421386918489,67.87437424241888,1.0
2022-04-13,64.65591109758526,65.75217320641387,69.16307958056996,67.21375154417989,1.0
2022-05-04,64.69015127279431,65.8390937986759,68.84537528660232,67.17617796222885,1.0
2022-05-18,64.98780251584975,67.13280594524818,70.48341736645395,68.31095053481317,1.0
2022-06-07,64.93635237798027,66.87919150226294,70.45919414970953,68.09751488642874,1.0
2022-06-23,64.75910031706132,66.87649737555071,70.50134681576854,68.31850550907383,1.0
2022-07-08,63.73988817762366,66.59219891145216,70.39514765861924,68.6226551545413,1.0
2022-07-22,63.195077308520666,66.45181786337405,68.55062609361462,66.60541429832875,1.0
2022-08-05,62.91969256105526,66.09993098950524,67.06006859019492,64.7898262179125,1.0
2022-08-24,63.14665780490307,66.37052583521864,64.79932397279737,62.91600228763916,1.0
2022-09-09,62.4218114681313,65.85508226738358,64.63464954199304,63.01814234020686,1.0
2022-09-26,62.50630338054819,65.70144423729216,65.18006374579907,62.43201669797448,1.0
2022-10-10,62.63655220204863,65.80172752407968,65.8474852838282,64.06050935464796,1.0
2022-10-24,64.19083226379378,67.46600615214679,64.42906513585879,62.76404252537803,1.0
2022-11-07,63.08264865248279,66.33931882417708,59.65192643543269,57.48286818193359,1.0
2022-11-21,63.621352176735726,65.97306923761722,61.244260867965224,59.221537250280704,1.0
2022-12-08,61.72584149274855,64.78213877068252,62.75131470630758,60.85270267360404,1.0
2022-12-22,61.781057128177764,64.04800550117831,62.98898754908349,60.72738303184523,1.0
2023-01-10,63.13607025145872,64.99894375607273,65.0530930133425,62.819798404117435,1.0
2023-01-26,62.48665431337195,63.74361928176212,64.63793310928476,62.25168855428323,1.0
2023-02-09,63.35340088052926,64.62580121721966,63.90302465314461,61.84266551344936,1.0
2023-02-24,64.28661717538843,65.8259293932367,63.80808826325931,61.60608874119354,1.0
2023-03-10,65.44503808647553,66.37995487431724,64.17655925440718,61.711950416150245,1.0
2023-03-24,65.03292304611901,65.96003280849737,67.86398290944642,65.92118886052735,1.0
2023-04-11,64.6022108141205,63.83837068265596,68.2685697339466,65.83361354339999,1.0
2023-04-27,65.27980049978913,64.1885355236447,67.70022160202171,65.16329009141681,1.0
2023-05-15,65.90935116111817,64.6373283718597,66.33595707938318,64.14962600299454,1.0
2023-05-30,65.37914999141381,64.4227808783118,64.53936513342789,62.3104030652884,1.0
2023-06-15,64.8617989373423,63.994620214901836,61.562324547038386,59.813840780582524,1.0
2023-06-30,64.7669282770589,64.03750270933936,62.14135524601357,60.54932510013252,1.0
2023-07-17,64.12314262723304,63.113079218373336,61.936140219351884,59.9446910687933,1.0
2023-07-31,63.27496547531621,62.15135461774965,61.5151685448623,59.876715491319565,1.0
2023-08-14,63.4426666150547,62.37960558346038,61.864227371223585,60.281638638999574,1.0
2023-08-30,63.122638916567546,62.65537539965872,60.44328147047872,58.268796774128546,1.0
2023-09-14,63.21540423850426,62.67522580436563,61.28004842676263,59.640370566072065,1.0
2023-09-28,62.7540918393155,61.926762767999016,61.159678692205645,59.22498421814499,1.0
2023-10-12,61.011373067739164,60.294572711815576,61.2570212324301,58.60977148957137,1.0
2023-10-26,59.88059371193239,58.69770648996247,56.99198598160633,54.683438139166896,1.0
2023-11-09,57.30273433902236,55.98474997401269,45.084799485169874,42.93092076315251,1.0
2023-11-24,58.5643557358525,57.58043914957109,49.664198758071635,46.332155962232456,1.0
2023-12-12,58.432192282109604,57.779893366097475,50.69052897433067,48.191908545451184,1.0
2023-12-28,60.07265470825772,59.18283816533597,51.37931506492852,48.34215376569427,1.0
2024-01-16,59.92432852474347,59.08924590900928,53.08034342445549,51.1245748663058,1.0
2024-01-31,59.548347053752714,58.52327746453989,53.682074000741665,51.380393125702184,1.0
2024-02-14,59.748817447178574,59.04156727974097,53.80366302677422,51.826672853102664,1.0
2024-02-29,59.71930725457074,58.468391273445505,52.57507126764874,49.70610323011148,1.0
2024-03-14,60.02779209638178,58.01187834901874,51.79005977826436,48.83778986411555,1.0
2024-03-28,55.99440479338817,54.76059531706663,50.46529931412453,46.866854644972754,1.0
2024-04-15,50.74218549495188,48.57036300157797,52.964704505919514,49.224111023511384,1.0
2024-04-29,50.341810393845016,48.35208503295239,51.897275828054376,47.75305068338548,1.0
2024-05-16,48.615915644838985,47.522465612506274,51.98151901086824,47.45321683142475,1.0
2024-05-31,47.54324164458136,45.74928960825897,48.80012791779093,44.2090926559591,1.0
2024-06-14,48.07815358186967,46.4819243176535,49.58957710910291,45.52269093801002,1.0
2024-07-02,47.844948091483225,46.264310502814965,48.52265636352917,44.613621961156,1.0
2024-07-17,47.50547498898412,45.93814516022864,45.608655324922196,42.38883018195216,1.0
2024-07-31,48.132314675951406,46.489019454395525,46.58011123942482,43.13834582813798,1.0
2024-08-14,53.19969525317411,51.543065541429954,49.59209476903008,46.137728059532265,1.0
2024-08-30,52.45748556715883,50.925041449493634,49.965963287209135,45.309025092054725,1.0
2024-09-16,54.30934530723569,52.79741259324594,50.956883589478785,47.252295668056796,1.0
2024-09-30,53.60474108555632,51.83103678723739,50.80434128695395,47.20836269489382,1.0
2024-10-14,54.00132032069309,52.380237482939485,51.639970793353456,47.512201530752336,1.0
2024-10-28,53.36253165679251,51.4168158280484,51.62430697381489,47.609188295693684,1.0
2024-11-11,54.31074256218293,52.45679988917651,52.564216102414846,48.73763074424691,1.0
2024-11-25,54.5394923554337,52.75104272430064,51.67999250068355,48.35666073540308,1.0
2024-12-10,53.06038574997296,50.89503994565446,53.230820762714316,49.57917818071432,1.0
2024-12-27,53.23513921349912,51.418554407773186,54.235663476678,51.58008413982638,1.0
2025-01-21,50.6209040163168,48.50766389867237,54.572207282775096,52.17353094454442,1.0
2025-02-05,50.282003699543914,48.06343660152774,53.66445824836045,51.111949088618196,1.0
2025-02-20,48.93660699228368,46.71068695042052,54.3053323936994,51.97879010514136,1.0
2025-03-06,51.960888047192334,49.766222931640954,58.27974897698745,55.68265074469355,1.0
2025-03-20,54.06775996232667,52.59118139325632,60.959481036311885,58.22656430478875,1.0
2025-04-03,55.66054573560048,54.43930431264501,59.74851967657214,56.824310267798225,1.0
2025-04-17,63.55428115384279,62.56662012739901,67.84214679390811,65.30574366468475,1.0
2025-05-07,63.13596436360259,62.76398986084948,67.23517101378296,64.90863030608594,1.0
2025-05-21,63.76020530213301,63.300048278783486,66.6701252883411,65.05520539258006,1.0
2025-06-05,63.5563677126136,63.327630835016514,67.12938564793944,65.38778327940189,1.0
2025-06-23,63.68914931622563,63.72697526194573,67.11096177873934,65.82570930657248,1.0
2025-07-08,63.62306729110628,63.57689952267522,67.61197270591904,66.19673566797213,1.0
2025-07-22,63.535161306336846,63.66613453996932,67.11699416603837,65.63297115109573,1.0
2025-08-05,64.08365331718989,64.16318285479647,66.67282071458051,65.57265629274997,1.0
2025-08-20,63.16207172454111,63.93626796698247,66.49723238629686,65.7967354087588,1.0
2025-09-05,63.41463644731049,63.10700294317506,67.72144279779872,66.62789068468383,1.0
2025-09-19,63.1899449258134,62.801959678266215,68.26580707249167,67.39556227912792,1.0
2025-10-03,62.59520101450801,62.078744055574354,69.4691081980724,68.34228022204788,1.0
2025-10-17,62.7416794192469,61.98060305488195,68.36817772370756,67.08156814495973,1.0
2025-10-31,62.5473917978164,61.63615249045287,66.64714887463074,63.623224206979785,1.0
2025-11-14,63.02420745010404,61.99975835783103,64.25111021725841,61.7902310743521,1.0
2025-12-02,63.08746753468983,62.01048219562965,54.61534892568548,52.1983530473547,1.0
2025-12-16,62.92969452207983,62.1017330963241,51.91822628299439,49.47879969151721,1.0
2026-01-09,63.16139056923073,61.844257013282245,51.96622013114365,49.52047621830245,1.0
2026-01-26,63.57237308783642,62.17787593983799,49.78949538941855,47.28544925746947,1.0
2026-02-09,63.945506424900955,62.32819713239082,50.79742096448327,48.47331410666975,1.0
2026-02-24,64.90268569856795,63.68164408905888,55.9701999282186,53.36608232655233,1.0
2026-03-10,65.80056904890829,65.36251069101542,60.121687658491105,58.598909925683515,1.0
2026-03-24,65.1388620714127,65.10875256179679,61.8671453051746,59.860262810386075,1.0
2026-04-09,64.78365199284465,64.64228509857968,60.86054228631453,58.85753314024218,1.0
2026-04-27,60.01074253362656,62.41160322482073,59.924500602957956,58.17151345892219,1.0
2026-05-13,58.482559808618085,57.57203109872276,59.05699734329218,56.96796754814488,1.0
2026-05-28,58.970674137913015,57.9012322037393,59.16701088438575,56.95397172812573,1.0
2026-06-12,58.47052441907583,57.944967089849634,57.99563693214214,55.93140412225611,1.0
2026-06-29,58.117456772540336,57.47568955887106,58.26069569218248,55.97687872122876,1.0
2026-07-14,58.21289485892531,57.29646500419202,58.61074798379421,56.82999970877774,1.0
2026-07-28,57.272219596215706,56.27450856175046,57.279330507976894,55.531773938415306,1.0
2026-08-11,57.75893451799901,56.860681378113185,57.81825281406119,56.328380695821565,1.0
2026-08-25,57.739667999442496,56.829587336145956,58.02615304082848,55.81821043227831,1.0
2026-09-10,57.25477956556575,56.45977540088393,58.315157483527564,56.9781734530242,1.0
